

Loading model... ----------------
Vulkan Timings:
ABS: 1 x 2.364 us = 2.364 us
ADD: 89 x 2.996 us = 266.706 us
ARGSORT: 3 x 5.503 us = 16.51 us
CLAMP: 4 x 2.344 us = 9.376 us
CONCAT: 16 x 4.573 us = 73.169 us
CONT: 104 x 3.283 us = 341.518 us
CPY: 39 x 6.321 us = 246.527 us
DIV: 3 x 2.39 us = 7.172 us
FILL: 8 x 4.382 us = 35.063 us
FLASH_ATTN_EXT dst(256,24,2,1),  q(256,2,24,1),  k(256,256,2,1),  v(256,256,2,1),  m(256,2,1,1): 4 x 345.2 us = 1380.8 us (36.451 GFLOPS/s)
GATED_DELTA_NET: 15 x 16.425 us = 246.38 us
GET_ROWS: 42 x 8.73 us = 366.671 us
GLU: 38 x 2.528 us = 96.083 us
L2_NORM: 30 x 2.824 us = 84.743 us
MUL: 198 x 5.31 us = 1051.54 us
MULTI_ADD ADD: 64 x 2.816 us = 180.269 us
MUL_MAT f32 m=256 n=48 k=256: 4 x 4.688 us = 18.754 us (1339.27 GFLOPS/s)
MUL_MAT f32 m=64 n=16 k=64: 4 x 4.317 us = 17.271 us (30.1194 GFLOPS/s)
MUL_MAT f32 m=64 n=192 k=64: 4 x 2.434 us = 9.736 us (641.157 GFLOPS/s)
MUL_MAT_ID iq4_nl m=2560 n=10 k=640 n_expert=512 batch=2: 19 x 92.043 us = 1748.83 us (711.452 GFLOPS/s)
MUL_MAT_ID iq4_xs m=640 n=10 k=2560 n_expert=512 batch=2: 38 x 99.045 us = 3763.73 us (661.546 GFLOPS/s)
MUL_MAT_VEC f32 m=1 n=2 k=2560: 19 x 4.106 us = 78.015 us (2.49339 GFLOPS/s)
MUL_MAT_VEC f32 m=256 n=4 k=256: 4 x 3.576 us = 14.305 us (146.316 GFLOPS/s)
MUL_MAT_VEC f32 m=512 n=2 k=2560: 19 x 32.638 us = 620.127 us (160.605 GFLOPS/s)
MUL_MAT_VEC f32 m=64 n=8 k=128: 4 x 5.5 us = 22.001 us (23.7371 GFLOPS/s)
MUL_MAT_VEC iq4_nl m=10240 n=2 k=320: 39 x 15.554 us = 606.616 us (841.359 GFLOPS/s)
MUL_MAT_VEC iq4_nl m=2560 n=2 k=640: 19 x 8.706 us = 165.426 us (752.126 GFLOPS/s)
MUL_MAT_VEC iq4_xs m=10240 n=2 k=2560: 1 x 69.451 us = 69.451 us (1509.51 GFLOPS/s)
MUL_MAT_VEC iq4_xs m=12288 n=2 k=2560: 4 x 82.035 us = 328.141 us (1533.54 GFLOPS/s)
MUL_MAT_VEC iq4_xs m=128 n=2 k=2560: 5 x 7.165 us = 35.825 us (182.898 GFLOPS/s)
MUL_MAT_VEC iq4_xs m=2560 n=2 k=2560: 1 x 22.723 us = 22.723 us (1153.43 GFLOPS/s)
MUL_MAT_VEC iq4_xs m=2560 n=2 k=6144: 19 x 46.333 us = 880.343 us (1357.74 GFLOPS/s)
MUL_MAT_VEC iq4_xs m=320 n=2 k=10240: 39 x 19.491 us = 760.186 us (672.409 GFLOPS/s)
MUL_MAT_VEC iq4_xs m=4 n=2 k=10240: 38 x 19.895 us = 756.017 us (8.23476 GFLOPS/s)
MUL_MAT_VEC iq4_xs m=48 n=2 k=2560: 30 x 8.232 us = 246.975 us (59.6932 GFLOPS/s)
MUL_MAT_VEC iq4_xs m=512 n=2 k=2560: 8 x 12.658 us = 101.269 us (414.094 GFLOPS/s)
MUL_MAT_VEC iq4_xs m=6144 n=2 k=2560: 15 x 49.867 us = 748.013 us (1261.39 GFLOPS/s)
MUL_MAT_VEC iq4_xs m=640 n=2 k=2560: 38 x 9.009 us = 342.352 us (727.287 GFLOPS/s)
MUL_MAT_VEC q5_K m=10240 n=2 k=2560: 15 x 88.776 us = 1331.64 us (1180.91 GFLOPS/s)
MUL_MAT_VEC q5_K m=512 n=2 k=2560: 4 x 779.468 us = 3117.87 us (6.72491 GFLOPS/s)
RELU: 4 x 4.418 us = 17.672 us
REPEAT: 40 x 2.728 us = 109.143 us
RMS_NORM(2560,4,2,1): 42 x 3.747 us = 157.402 us
RMS_NORM_MUL RMS_NORM(128,1,64,1): 4 x 4.698 us = 18.793 us
RMS_NORM_MUL RMS_NORM(128,4,2,1): 4 x 5.039 us = 20.156 us
RMS_NORM_MUL RMS_NORM(128,48,2,1): 15 x 5.69 us = 85.356 us
RMS_NORM_MUL RMS_NORM(256,2,2,1): 4 x 4.498 us = 17.992 us
RMS_NORM_MUL RMS_NORM(256,24,2,1): 4 x 8.475 us = 33.903 us
ROPE: 16 x 4.553 us = 72.851 us
SCALE: 190 x 5.324 us = 1011.59 us
SET_ROWS: 16 x 4.36 us = 69.766 us
SGN: 1 x 2.324 us = 2.324 us
SIGMOID: 131 x 2.626 us = 344.066 us
SILU: 40 x 2.635 us = 105.422 us
SOFTPLUS: 15 x 2.898 us = 43.476 us
SQRT: 1 x 2.324 us = 2.324 us
SSM_CONV_SILU SSM_CONV: 15 x 4.477 us = 67.165 us
SUM_ROWS: 8 x 4.292 us = 34.341 us
TOPK_MOE_EARLY_SOFTMAX_NORM SOFT_MAX: 19 x 4.907 us = 93.251 us
TOP_K K=256 (256,2,1,1): 4 x 653.265 us = 2613.06 us
Total time: 25130.6 us.
----------------
Vulkan Timings:
ADD: 114 x 2.628 us = 299.64 us
CONCAT: 18 x 3.737 us = 67.277 us
CONT: 126 x 2.312 us = 291.366 us
CPY: 42 x 5.695 us = 239.193 us
FILL: 12 x 2.354 us = 28.248 us
FLASH_ATTN_EXT dst(256,24,2,1),  q(256,2,24,1),  k(256,256,2,1),  v(256,256,2,1),  m(256,2,1,1): 6 x 15.489 us = 92.934 us (812.377 GFLOPS/s)
GATED_DELTA_NET: 18 x 14.524 us = 261.448 us
GET_ROWS: 48 x 7.82 us = 375.406 us
GLU: 48 x 2.481 us = 119.121 us
L2_NORM: 36 x 2.291 us = 82.497 us
MUL: 234 x 2.692 us = 630.114 us
MULTI_ADD ADD: 78 x 2.425 us = 189.16 us
MUL_MAT f32 m=256 n=48 k=256: 6 x 2.37 us = 14.224 us (2648.69 GFLOPS/s)
MUL_MAT f32 m=64 n=16 k=64: 6 x 2.384 us = 14.304 us (54.5503 GFLOPS/s)
MUL_MAT f32 m=64 n=192 k=64: 6 x 2.37 us = 14.224 us (658.286 GFLOPS/s)
MUL_MAT_ID iq4_nl m=2560 n=10 k=640 n_expert=512 batch=2: 24 x 90.484 us = 2171.63 us (723.711 GFLOPS/s)
MUL_MAT_ID iq4_xs m=640 n=10 k=2560 n_expert=512 batch=2: 48 x 94.536 us = 4537.76 us (693.098 GFLOPS/s)
MUL_MAT_VEC f32 m=1 n=2 k=2560: 24 x 4.19 us = 100.576 us (2.44305 GFLOPS/s)
MUL_MAT_VEC f32 m=256 n=4 k=256: 6 x 1.555 us = 9.334 us (336.36 GFLOPS/s)
MUL_MAT_VEC f32 m=512 n=2 k=2560: 24 x 32.085 us = 770.05 us (163.372 GFLOPS/s)
MUL_MAT_VEC f32 m=64 n=8 k=128: 6 x 3.105 us = 18.632 us (42.0438 GFLOPS/s)
MUL_MAT_VEC iq4_nl m=10240 n=2 k=320: 48 x 14.735 us = 707.281 us (888.137 GFLOPS/s)
MUL_MAT_VEC iq4_nl m=2560 n=2 k=640: 24 x 8.789 us = 210.95 us (745.027 GFLOPS/s)
MUL_MAT_VEC iq4_xs m=12288 n=2 k=2560: 6 x 82.589 us = 495.539 us (1523.24 GFLOPS/s)
MUL_MAT_VEC iq4_xs m=128 n=2 k=2560: 6 x 7.233 us = 43.4 us (181.17 GFLOPS/s)
MUL_MAT_VEC iq4_xs m=2560 n=2 k=6144: 24 x 44.427 us = 1066.25 us (1416.01 GFLOPS/s)
MUL_MAT_VEC iq4_xs m=320 n=2 k=10240: 48 x 18.239 us = 875.48 us (718.594 GFLOPS/s)
MUL_MAT_VEC iq4_xs m=4 n=2 k=10240: 48 x 17.309 us = 830.833 us (9.46512 GFLOPS/s)
MUL_MAT_VEC iq4_xs m=48 n=2 k=2560: 36 x 6.476 us = 233.144 us (75.8813 GFLOPS/s)
MUL_MAT_VEC iq4_xs m=512 n=2 k=2560: 12 x 7.453 us = 89.446 us (703.243 GFLOPS/s)
MUL_MAT_VEC iq4_xs m=6144 n=2 k=2560: 18 x 43.771 us = 787.887 us (1437.06 GFLOPS/s)
MUL_MAT_VEC iq4_xs m=640 n=2 k=2560: 48 x 8.822 us = 423.499 us (742.65 GFLOPS/s)
MUL_MAT_VEC q5_K m=10240 n=2 k=2560: 18 x 81.287 us = 1463.17 us (1289.71 GFLOPS/s)
MUL_MAT_VEC q5_K m=512 n=2 k=2560: 6 x 7.166 us = 42.999 us (731.439 GFLOPS/s)
RELU: 6 x 2.33 us = 13.984 us
REPEAT: 48 x 2.535 us = 121.684 us
RMS_NORM(2560,4,2,1): 48 x 3.386 us = 162.568 us
RMS_NORM_MUL RMS_NORM(128,1,64,1): 6 x 2.537 us = 15.225 us
RMS_NORM_MUL RMS_NORM(128,4,2,1): 6 x 2.764 us = 16.588 us
RMS_NORM_MUL RMS_NORM(128,48,2,1): 18 x 5.095 us = 91.726 us
RMS_NORM_MUL RMS_NORM(256,2,2,1): 6 x 2.37 us = 14.224 us
RMS_NORM_MUL RMS_NORM(256,24,2,1): 6 x 5.436 us = 32.62 us
ROPE: 24 x 2.521 us = 60.505 us
SCALE: 234 x 4.982 us = 1165.9 us
SET_ROWS: 24 x 2.475 us = 59.421 us
SIGMOID: 162 x 2.355 us = 381.556 us
SILU: 48 x 2.344 us = 112.552 us
SOFTPLUS: 18 x 2.359 us = 42.472 us
SSM_CONV_SILU SSM_CONV: 18 x 3.729 us = 67.124 us
SUM_ROWS: 6 x 3.699 us = 22.199 us
TOPK_MOE_EARLY_SOFTMAX_NORM SOFT_MAX: 24 x 5.084 us = 122.021 us
TOP_K K=256 (256,2,1,1): 6 x 2.364 us = 14.184 us
Total time: 20113.6 us.
----------------
Vulkan Timings:
ADD: 26 x 2.516 us = 65.432 us
CONCAT: 3 x 3.539 us = 10.618 us
CONT: 33 x 2.236 us = 73.805 us
CPY: 8 x 5.149 us = 41.194 us
FILL: 4 x 2.344 us = 9.376 us
FLASH_ATTN_EXT dst(256,24,2,1),  q(256,2,24,1),  k(256,256,2,1),  v(256,256,2,1),  m(256,2,1,1): 2 x 15.829 us = 31.659 us (794.903 GFLOPS/s)
GATED_DELTA_NET: 3 x 14.493 us = 43.481 us
GET_ROWS: 11 x 7.216 us = 79.383 us
GLU: 10 x 2.604 us = 26.045 us
L2_NORM: 6 x 2.357 us = 14.145 us
MUL: 48 x 2.721 us = 130.624 us
MULTI_ADD ADD: 17 x 2.486 us = 42.272 us
MUL_MAT f32 m=256 n=48 k=256: 2 x 2.364 us = 4.728 us (2656.16 GFLOPS/s)
MUL_MAT f32 m=64 n=16 k=64: 2 x 2.364 us = 4.728 us (55.0118 GFLOPS/s)
MUL_MAT f32 m=64 n=192 k=64: 2 x 2.384 us = 4.768 us (654.604 GFLOPS/s)
MUL_MAT_ID iq4_nl m=2560 n=10 k=640 n_expert=512 batch=2: 5 x 89.666 us = 448.33 us (730.319 GFLOPS/s)
MUL_MAT_ID iq4_xs m=640 n=10 k=2560 n_expert=512 batch=2: 10 x 95.524 us = 955.249 us (685.928 GFLOPS/s)
MUL_MAT_VEC f32 m=1 n=2 k=2560: 5 x 4.255 us = 21.279 us (2.40566 GFLOPS/s)
MUL_MAT_VEC f32 m=256 n=4 k=256: 2 x 1.582 us = 3.165 us (330.657 GFLOPS/s)
MUL_MAT_VEC f32 m=512 n=2 k=2560: 5 x 32.581 us = 162.907 us (160.885 GFLOPS/s)
MUL_MAT_VEC f32 m=64 n=8 k=128: 2 x 3.065 us = 6.13 us (42.5971 GFLOPS/s)
MUL_MAT_VEC iq4_nl m=10240 n=2 k=320: 10 x 14.551 us = 145.512 us (899.357 GFLOPS/s)
MUL_MAT_VEC iq4_nl m=2560 n=2 k=640: 5 x 8.792 us = 43.961 us (744.806 GFLOPS/s)
MUL_MAT_VEC iq4_xs m=12288 n=2 k=2560: 2 x 85.682 us = 171.364 us (1468.27 GFLOPS/s)
MUL_MAT_VEC iq4_xs m=128 n=2 k=2560: 1 x 6.612 us = 6.612 us (198.195 GFLOPS/s)
MUL_MAT_VEC iq4_xs m=2560 n=2 k=6144: 5 x 43.658 us = 218.292 us (1440.95 GFLOPS/s)
MUL_MAT_VEC iq4_xs m=320 n=2 k=10240: 10 x 18.033 us = 180.338 us (726.777 GFLOPS/s)
MUL_MAT_VEC iq4_xs m=4 n=2 k=10240: 10 x 17.853 us = 178.533 us (9.17657 GFLOPS/s)
MUL_MAT_VEC iq4_xs m=48 n=2 k=2560: 6 x 6.572 us = 39.433 us (74.7735 GFLOPS/s)
MUL_MAT_VEC iq4_xs m=512 n=2 k=2560: 4 x 7.674 us = 30.697 us (683.045 GFLOPS/s)
MUL_MAT_VEC iq4_xs m=6144 n=2 k=2560: 3 x 43.869 us = 131.608 us (1433.86 GFLOPS/s)
MUL_MAT_VEC iq4_xs m=640 n=2 k=2560: 10 x 8.832 us = 88.323 us (741.859 GFLOPS/s)
MUL_MAT_VEC q5_K m=10240 n=2 k=2560: 3 x 81.046 us = 243.14 us (1293.54 GFLOPS/s)
MUL_MAT_VEC q5_K m=512 n=2 k=2560: 2 x 7.574 us = 15.148 us (692.086 GFLOPS/s)
MUL_MAT_VEC q6_K m=248320 n=1 k=2560: 1 x 2255.81 us = 2255.81 us (563.502 GFLOPS/s)
RELU: 2 x 2.364 us = 4.728 us
REPEAT: 10 x 2.9 us = 29.009 us
RMS_NORM(2560,4,2,1): 10 x 3.394 us = 33.941 us
RMS_NORM_MUL RMS_NORM(128,1,64,1): 2 x 2.704 us = 5.409 us
RMS_NORM_MUL RMS_NORM(128,4,2,1): 2 x 3.166 us = 6.332 us
RMS_NORM_MUL RMS_NORM(128,48,2,1): 3 x 5.169 us = 15.509 us
RMS_NORM_MUL RMS_NORM(256,2,2,1): 2 x 2.384 us = 4.768 us
RMS_NORM_MUL RMS_NORM(256,24,2,1): 2 x 5.53 us = 11.06 us
ROPE: 8 x 2.509 us = 20.075 us
SCALE: 48 x 4.484 us = 215.268 us
SET_ROWS: 8 x 2.464 us = 19.714 us
SIGMOID: 33 x 2.32 us = 76.568 us
SILU: 10 x 2.368 us = 23.68 us
SOFTPLUS: 3 x 2.35 us = 7.052 us
SSM_CONV_SILU SSM_CONV: 3 x 3.753 us = 11.261 us
SUM_ROWS: 2 x 2.404 us = 4.808 us
TOPK_MOE_EARLY_SOFTMAX_NORM SOFT_MAX: 5 x 5.081 us = 25.405 us
TOP_K K=256 (256,2,1,1): 2 x 2.324 us = 4.648 us
Total time: 6447.32 us.
----------------
Vulkan Timings:
ABS: 1 x 2.324 us = 2.324 us
ADD: 89 x 2.699 us = 240.295 us
ARGSORT: 3 x 5.476 us = 16.43 us
CLAMP: 4 x 2.374 us = 9.496 us
CONCAT: 16 x 4.565 us = 73.049 us
CONT: 104 x 2.556 us = 265.85 us
CPY: 39 x 5.903 us = 230.217 us
DIV: 3 x 2.35 us = 7.052 us
FILL: 8 x 2.354 us = 18.832 us
FLASH_ATTN_EXT dst(256,24,2,1),  q(256,2,24,1),  k(256,256,2,1),  v(256,256,2,1),  m(256,2,1,1): 4 x 15.629 us = 62.517 us (805.087 GFLOPS/s)
GATED_DELTA_NET: 15 x 16.999 us = 254.997 us
GET_ROWS: 42 x 8.516 us = 357.693 us
GLU: 38 x 2.413 us = 91.713 us
L2_NORM: 30 x 2.8 us = 84.022 us
MUL: 198 x 2.818 us = 558.034 us
MULTI_ADD ADD: 64 x 2.648 us = 169.528 us
MUL_MAT f32 m=256 n=48 k=256: 4 x 2.374 us = 9.496 us (2644.97 GFLOPS/s)
MUL_MAT f32 m=64 n=16 k=64: 4 x 2.354 us = 9.416 us (55.2455 GFLOPS/s)
MUL_MAT f32 m=64 n=192 k=64: 4 x 2.434 us = 9.736 us (641.157 GFLOPS/s)
MUL_MAT_ID iq4_nl m=2560 n=10 k=640 n_expert=512 batch=2: 19 x 89.498 us = 1700.46 us (731.689 GFLOPS/s)
MUL_MAT_ID iq4_xs m=640 n=10 k=2560 n_expert=512 batch=2: 38 x 89.307 us = 3393.67 us (733.683 GFLOPS/s)
MUL_MAT_VEC f32 m=1 n=2 k=2560: 19 x 4.192 us = 79.658 us (2.44196 GFLOPS/s)
MUL_MAT_VEC f32 m=256 n=4 k=256: 4 x 2.283 us = 9.134 us (229.15 GFLOPS/s)
MUL_MAT_VEC f32 m=512 n=2 k=2560: 19 x 32.362 us = 614.881 us (161.975 GFLOPS/s)
MUL_MAT_VEC f32 m=64 n=8 k=128: 4 x 3.185 us = 12.742 us (40.9857 GFLOPS/s)
MUL_MAT_VEC iq4_nl m=10240 n=2 k=320: 39 x 15.682 us = 611.623 us (834.472 GFLOPS/s)
MUL_MAT_VEC iq4_nl m=2560 n=2 k=640: 19 x 8.702 us = 165.343 us (752.503 GFLOPS/s)
MUL_MAT_VEC iq4_xs m=10240 n=2 k=2560: 1 x 80.152 us = 80.152 us (1307.98 GFLOPS/s)
MUL_MAT_VEC iq4_xs m=12288 n=2 k=2560: 4 x 81.855 us = 327.42 us (1536.92 GFLOPS/s)
MUL_MAT_VEC iq4_xs m=128 n=2 k=2560: 5 x 7.253 us = 36.267 us (180.669 GFLOPS/s)
MUL_MAT_VEC iq4_xs m=2560 n=2 k=2560: 1 x 23.805 us = 23.805 us (1101 GFLOPS/s)
MUL_MAT_VEC iq4_xs m=2560 n=2 k=6144: 19 x 45.8 us = 870.204 us (1373.56 GFLOPS/s)
MUL_MAT_VEC iq4_xs m=320 n=2 k=10240: 39 x 19.544 us = 762.231 us (670.605 GFLOPS/s)
MUL_MAT_VEC iq4_xs m=4 n=2 k=10240: 38 x 18.321 us = 696.225 us (8.94196 GFLOPS/s)
MUL_MAT_VEC iq4_xs m=48 n=2 k=2560: 30 x 8.149 us = 244.489 us (60.3001 GFLOPS/s)
MUL_MAT_VEC iq4_xs m=512 n=2 k=2560: 8 x 7.669 us = 61.354 us (683.49 GFLOPS/s)
MUL_MAT_VEC iq4_xs m=6144 n=2 k=2560: 15 x 49.915 us = 748.734 us (1260.17 GFLOPS/s)
MUL_MAT_VEC iq4_xs m=640 n=2 k=2560: 38 x 8.772 us = 333.371 us (746.88 GFLOPS/s)
MUL_MAT_VEC q5_K m=10240 n=2 k=2560: 15 x 89.038 us = 1335.57 us (1177.44 GFLOPS/s)
MUL_MAT_VEC q5_K m=512 n=2 k=2560: 4 x 7.283 us = 29.134 us (719.689 GFLOPS/s)
RELU: 4 x 4.097 us = 16.389 us
REPEAT: 40 x 2.808 us = 112.348 us
RMS_NORM(2560,4,2,1): 42 x 3.733 us = 156.799 us
RMS_NORM_MUL RMS_NORM(128,1,64,1): 4 x 2.614 us = 10.457 us
RMS_NORM_MUL RMS_NORM(128,4,2,1): 4 x 3.085 us = 12.341 us
RMS_NORM_MUL RMS_NORM(128,48,2,1): 15 x 5.802 us = 87.037 us
RMS_NORM_MUL RMS_NORM(256,2,2,1): 4 x 2.404 us = 9.616 us
RMS_NORM_MUL RMS_NORM(256,24,2,1): 4 x 5.249 us = 20.997 us
ROPE: 16 x 2.496 us = 39.947 us
SCALE: 190 x 5.168 us = 981.939 us
SET_ROWS: 16 x 2.504 us = 40.068 us
SGN: 1 x 2.324 us = 2.324 us
SIGMOID: 131 x 2.469 us = 323.506 us
SILU: 40 x 2.619 us = 104.781 us
SOFTPLUS: 15 x 2.938 us = 44.077 us
SQRT: 1 x 2.324 us = 2.324 us
SSM_CONV_SILU SSM_CONV: 15 x 5.057 us = 75.862 us
SUM_ROWS: 8 x 3.165 us = 25.324 us
TOPK_MOE_EARLY_SOFTMAX_NORM SOFT_MAX: 19 x 5.03 us = 95.573 us
TOP_K K=256 (256,2,1,1): 4 x 3.536 us = 14.145 us
Total time: 16783 us.
----------------
Vulkan Timings:
ADD: 114 x 2.645 us = 301.557 us
CONCAT: 18 x 3.721 us = 66.995 us
CONT: 126 x 2.302 us = 290.168 us
CPY: 42 x 5.68 us = 238.593 us
FILL: 12 x 2.334 us = 28.008 us
FLASH_ATTN_EXT dst(256,24,2,1),  q(256,2,24,1),  k(256,256,2,1),  v(256,256,2,1),  m(256,2,1,1): 6 x 15.508 us = 93.053 us (811.338 GFLOPS/s)
GATED_DELTA_NET: 18 x 14.447 us = 260.046 us
GET_ROWS: 48 x 7.832 us = 375.965 us
GLU: 48 x 2.439 us = 117.116 us
L2_NORM: 36 x 2.261 us = 81.415 us
MUL: 234 x 2.669 us = 624.58 us
MULTI_ADD ADD: 78 x 2.441 us = 190.444 us
MUL_MAT f32 m=256 n=48 k=256: 6 x 2.37 us = 14.224 us (2648.69 GFLOPS/s)
MUL_MAT f32 m=64 n=16 k=64: 6 x 2.384 us = 14.304 us (54.5503 GFLOPS/s)
MUL_MAT f32 m=64 n=192 k=64: 6 x 2.384 us = 14.304 us (654.604 GFLOPS/s)
MUL_MAT_ID iq4_nl m=2560 n=10 k=640 n_expert=512 batch=2: 24 x 90.317 us = 2167.63 us (725.049 GFLOPS/s)
MUL_MAT_ID iq4_xs m=640 n=10 k=2560 n_expert=512 batch=2: 48 x 90.416 us = 4339.98 us (724.684 GFLOPS/s)
MUL_MAT_VEC f32 m=1 n=2 k=2560: 24 x 4.145 us = 99.492 us (2.46967 GFLOPS/s)
MUL_MAT_VEC f32 m=256 n=4 k=256: 6 x 1.522 us = 9.133 us (343.763 GFLOPS/s)
MUL_MAT_VEC f32 m=512 n=2 k=2560: 24 x 32.304 us = 775.301 us (162.265 GFLOPS/s)
MUL_MAT_VEC f32 m=64 n=8 k=128: 6 x 3.105 us = 18.632 us (42.0438 GFLOPS/s)
MUL_MAT_VEC iq4_nl m=10240 n=2 k=320: 48 x 14.814 us = 711.09 us (883.38 GFLOPS/s)
MUL_MAT_VEC iq4_nl m=2560 n=2 k=640: 24 x 8.74 us = 209.783 us (749.172 GFLOPS/s)
MUL_MAT_VEC iq4_xs m=12288 n=2 k=2560: 6 x 82.302 us = 493.816 us (1528.56 GFLOPS/s)
MUL_MAT_VEC iq4_xs m=128 n=2 k=2560: 6 x 7.22 us = 43.32 us (181.505 GFLOPS/s)
MUL_MAT_VEC iq4_xs m=2560 n=2 k=6144: 24 x 44.494 us = 1067.86 us (1413.89 GFLOPS/s)
MUL_MAT_VEC iq4_xs m=320 n=2 k=10240: 48 x 18.188 us = 873.034 us (720.608 GFLOPS/s)
MUL_MAT_VEC iq4_xs m=4 n=2 k=10240: 48 x 17.238 us = 827.471 us (9.50358 GFLOPS/s)
MUL_MAT_VEC iq4_xs m=48 n=2 k=2560: 36 x 6.414 us = 230.939 us (76.6058 GFLOPS/s)
MUL_MAT_VEC iq4_xs m=512 n=2 k=2560: 12 x 7.366 us = 88.403 us (711.54 GFLOPS/s)
MUL_MAT_VEC iq4_xs m=6144 n=2 k=2560: 18 x 43.827 us = 788.89 us (1435.23 GFLOPS/s)
MUL_MAT_VEC iq4_xs m=640 n=2 k=2560: 48 x 8.888 us = 426.666 us (737.137 GFLOPS/s)
MUL_MAT_VEC q5_K m=10240 n=2 k=2560: 18 x 81.476 us = 1466.58 us (1286.71 GFLOPS/s)
MUL_MAT_VEC q5_K m=512 n=2 k=2560: 6 x 7.326 us = 43.959 us (715.465 GFLOPS/s)
RELU: 6 x 2.404 us = 14.425 us
REPEAT: 48 x 2.527 us = 121.322 us
RMS_NORM(2560,4,2,1): 48 x 3.38 us = 162.287 us
RMS_NORM_MUL RMS_NORM(128,1,64,1): 6 x 2.517 us = 15.105 us
RMS_NORM_MUL RMS_NORM(128,4,2,1): 6 x 2.831 us = 16.99 us
RMS_NORM_MUL RMS_NORM(128,48,2,1): 18 x 5.104 us = 91.884 us
RMS_NORM_MUL RMS_NORM(256,2,2,1): 6 x 2.397 us = 14.384 us
RMS_NORM_MUL RMS_NORM(256,24,2,1): 6 x 5.476 us = 32.86 us
ROPE: 24 x 2.539 us = 60.946 us
SCALE: 234 x 4.97 us = 1163.06 us
SET_ROWS: 24 x 2.48 us = 59.542 us
SIGMOID: 162 x 2.352 us = 381.077 us
SILU: 48 x 2.35 us = 112.832 us
SOFTPLUS: 18 x 2.35 us = 42.312 us
SSM_CONV_SILU SSM_CONV: 18 x 3.767 us = 67.806 us
SUM_ROWS: 6 x 3.713 us = 22.279 us
TOPK_MOE_EARLY_SOFTMAX_NORM SOFT_MAX: 24 x 5.077 us = 121.861 us
TOP_K K=256 (256,2,1,1): 6 x 2.37 us = 14.224 us
Total time: 19907.9 us.
----------------
Vulkan Timings:
ADD: 26 x 2.505 us = 65.151 us
CONCAT: 3 x 3.82 us = 11.46 us
CONT: 33 x 2.258 us = 74.525 us
CPY: 8 x 5.119 us = 40.954 us
FILL: 4 x 2.294 us = 9.176 us
FLASH_ATTN_EXT dst(256,24,2,1),  q(256,2,24,1),  k(256,256,2,1),  v(256,256,2,1),  m(256,2,1,1): 2 x 15.569 us = 31.139 us (808.177 GFLOPS/s)
GATED_DELTA_NET: 3 x 14.507 us = 43.521 us
GET_ROWS: 11 x 7.26 us = 79.865 us
GLU: 10 x 2.608 us = 26.084 us
L2_NORM: 6 x 2.357 us = 14.144 us
MUL: 48 x 2.719 us = 130.541 us
MULTI_ADD ADD: 17 x 2.46 us = 41.831 us
MUL_MAT f32 m=256 n=48 k=256: 2 x 2.364 us = 4.728 us (2656.16 GFLOPS/s)
MUL_MAT f32 m=64 n=16 k=64: 2 x 2.344 us = 4.688 us (55.4812 GFLOPS/s)
MUL_MAT f32 m=64 n=192 k=64: 2 x 2.384 us = 4.768 us (654.604 GFLOPS/s)
MUL_MAT_ID iq4_nl m=2560 n=10 k=640 n_expert=512 batch=2: 5 x 91.429 us = 457.145 us (716.237 GFLOPS/s)
MUL_MAT_ID iq4_xs m=640 n=10 k=2560 n_expert=512 batch=2: 10 x 103.608 us = 1036.08 us (632.413 GFLOPS/s)
MUL_MAT_VEC f32 m=1 n=2 k=2560: 5 x 4.247 us = 21.237 us (2.41042 GFLOPS/s)
MUL_MAT_VEC f32 m=256 n=4 k=256: 2 x 1.622 us = 3.245 us (322.505 GFLOPS/s)
MUL_MAT_VEC f32 m=512 n=2 k=2560: 5 x 32.517 us = 162.586 us (161.203 GFLOPS/s)
MUL_MAT_VEC f32 m=64 n=8 k=128: 2 x 2.985 us = 5.97 us (43.7387 GFLOPS/s)
MUL_MAT_VEC iq4_nl m=10240 n=2 k=320: 10 x 14.651 us = 146.514 us (893.206 GFLOPS/s)
MUL_MAT_VEC iq4_nl m=2560 n=2 k=640: 5 x 8.848 us = 44.241 us (740.092 GFLOPS/s)
MUL_MAT_VEC iq4_xs m=12288 n=2 k=2560: 2 x 84.7 us = 169.401 us (1485.29 GFLOPS/s)
MUL_MAT_VEC iq4_xs m=128 n=2 k=2560: 1 x 6.612 us = 6.612 us (198.195 GFLOPS/s)
MUL_MAT_VEC iq4_xs m=2560 n=2 k=6144: 5 x 46.078 us = 230.394 us (1365.26 GFLOPS/s)
MUL_MAT_VEC iq4_xs m=320 n=2 k=10240: 10 x 18.021 us = 180.218 us (727.261 GFLOPS/s)
MUL_MAT_VEC iq4_xs m=4 n=2 k=10240: 10 x 17.745 us = 177.451 us (9.23252 GFLOPS/s)
MUL_MAT_VEC iq4_xs m=48 n=2 k=2560: 6 x 6.438 us = 38.631 us (76.3259 GFLOPS/s)
MUL_MAT_VEC iq4_xs m=512 n=2 k=2560: 4 x 7.644 us = 30.577 us (685.725 GFLOPS/s)
MUL_MAT_VEC iq4_xs m=6144 n=2 k=2560: 3 x 43.749 us = 131.249 us (1437.78 GFLOPS/s)
MUL_MAT_VEC iq4_xs m=640 n=2 k=2560: 10 x 8.836 us = 88.364 us (741.515 GFLOPS/s)
MUL_MAT_VEC q5_K m=10240 n=2 k=2560: 3 x 81.06 us = 243.181 us (1293.32 GFLOPS/s)
MUL_MAT_VEC q5_K m=512 n=2 k=2560: 2 x 7.453 us = 14.907 us (703.274 GFLOPS/s)
MUL_MAT_VEC q6_K m=248320 n=1 k=2560: 1 x 2244.1 us = 2244.1 us (566.44 GFLOPS/s)
RELU: 2 x 2.504 us = 5.009 us
REPEAT: 10 x 2.872 us = 28.729 us
RMS_NORM(2560,4,2,1): 10 x 3.426 us = 34.262 us
RMS_NORM_MUL RMS_NORM(128,1,64,1): 2 x 2.724 us = 5.449 us
RMS_NORM_MUL RMS_NORM(128,4,2,1): 2 x 3.145 us = 6.291 us
RMS_NORM_MUL RMS_NORM(128,48,2,1): 3 x 5.129 us = 15.387 us
RMS_NORM_MUL RMS_NORM(256,2,2,1): 2 x 2.444 us = 4.888 us
RMS_NORM_MUL RMS_NORM(256,24,2,1): 2 x 5.389 us = 10.779 us
ROPE: 8 x 2.519 us = 20.155 us
SCALE: 48 x 4.476 us = 214.865 us
SET_ROWS: 8 x 2.414 us = 19.314 us
SIGMOID: 33 x 2.325 us = 76.728 us
SILU: 10 x 2.364 us = 23.64 us
SOFTPLUS: 3 x 2.337 us = 7.012 us
SSM_CONV_SILU SSM_CONV: 3 x 3.633 us = 10.9 us
SUM_ROWS: 2 x 2.424 us = 4.848 us
TOPK_MOE_EARLY_SOFTMAX_NORM SOFT_MAX: 5 x 5.001 us = 25.005 us
TOP_K K=256 (256,2,1,1): 2 x 2.364 us = 4.728 us
Total time: 6532.67 us.
ggml_vulkan: MUL_MAT_ID f16-B path engaged (GGML_VK_MMID_F16B)


▄▄ ▄▄
██ ██
██ ██  ▀▀█▄ ███▄███▄  ▀▀█▄    ▄████ ████▄ ████▄
██ ██ ▄█▀██ ██ ██ ██ ▄█▀██    ██    ██ ██ ██ ██
██ ██ ▀█▄██ ██ ██ ██ ▀█▄██ ██ ▀████ ████▀ ████▀
                                    ██    ██
                                    ▀▀    ▀▀

build      : b1-ad914eb
model      : /mnt/ssd2/models/qwen38-flash-next/Qwen3.8-Flash-Next-IQ4_XS-PLE.gguf
ftype      : IQ4_XS - 4.25 bpw
modalities : text

available commands:
  /exit or Ctrl+C     stop or exit
  /regen              regenerate the last response
  /clear              clear the chat history
  /read <file>        add a text file
  /glob <pattern>     add text files using globbing pattern



> hello hello hello hello hello hello hello hello hello hello hello hello hello hello hello hello hello hello hello hello hello hello hello hello hello hello hello hello hello hello hello hello hello hello hello hello hello hello hello hello hello hello hello hello hello hello hello hello hello hello hello hello hello hello hello hello hello hello hello hello hello hello hello hello hello hello hello hello hello hello hello hello hello hello hello hello hello hello hello hello hello hello hello he ... (truncated)
----------------
Vulkan Timings:
ABS: 1 x 2.364 us = 2.364 us
ADD: 16 x 613.695 us = 9819.13 us
ARGSORT: 3 x 131.449 us = 394.347 us
CLAMP: 4 x 2.334 us = 9.336 us
CONCAT: 4 x 1266.96 us = 5067.83 us
CONT: 28 x 258.207 us = 7229.8 us
CPY: 12 x 12.683 us = 152.203 us
DIV: 3 x 2.35 us = 7.052 us
FILL: 1 x 42.52 us = 42.52 us
GATED_DELTA_NET: 3 x 3579.44 us = 10738.3 us
GET_ROWS: 12 x 26.209 us = 314.511 us
GLU: 6 x 376.975 us = 2261.85 us
L2_NORM: 6 x 298.293 us = 1789.76 us
MUL: 42 x 838.635 us = 35222.7 us
MULTI_ADD ADD: 13 x 883.009 us = 11479.1 us
MUL_MAT f32 m=1 n=2048 k=2560: 3 x 249.794 us = 749.383 us (41.9694 GFLOPS/s)
MUL_MAT f32 m=256 n=4096 k=256: 1 x 40.396 us = 40.396 us (13264.2 GFLOPS/s)
MUL_MAT f32 m=256 n=49152 k=256: 1 x 585.432 us = 585.432 us (10983.1 GFLOPS/s)
MUL_MAT f32 m=512 n=2048 k=2560: 3 x 375.406 us = 1126.22 us (14298.3 GFLOPS/s)
MUL_MAT f32 m=512 n=8192 k=128: 1 x 102.594 us = 102.594 us (10425 GFLOPS/s)
MUL_MAT f32 m=64 n=16384 k=64: 1 x 58.511 us = 58.511 us (2275.97 GFLOPS/s)
MUL_MAT iq4_nl m=10240 n=2048 k=320: 7 x 1894.21 us = 13259.5 us (7074.62 GFLOPS/s)
MUL_MAT iq4_nl m=2560 n=2048 k=640: 3 x 381.511 us = 1144.53 us (17576.5 GFLOPS/s)
MUL_MAT iq4_xs m=10240 n=2048 k=2560: 1 x 5216.95 us = 5216.95 us (20577.8 GFLOPS/s)
MUL_MAT iq4_xs m=12288 n=2048 k=2560: 1 x 7208.66 us = 7208.66 us (17870.7 GFLOPS/s)
MUL_MAT iq4_xs m=128 n=2048 k=2560: 1 x 2252.12 us = 2252.12 us (595.846 GFLOPS/s)
MUL_MAT iq4_xs m=2560 n=2048 k=2560: 1 x 1270.93 us = 1270.93 us (21117 GFLOPS/s)
MUL_MAT iq4_xs m=2560 n=2048 k=6144: 3 x 4296.1 us = 12888.3 us (14994.8 GFLOPS/s)
MUL_MAT iq4_xs m=320 n=2048 k=10240: 7 x 2212.34 us = 15486.4 us (6066.48 GFLOPS/s)
MUL_MAT iq4_xs m=4 n=2048 k=10240: 6 x 1382.55 us = 8295.28 us (121.344 GFLOPS/s)
MUL_MAT iq4_xs m=48 n=2048 k=2560: 6 x 237.257 us = 1423.54 us (2120.98 GFLOPS/s)
MUL_MAT iq4_xs m=512 n=2048 k=2560: 2 x 484.52 us = 969.04 us (11078.3 GFLOPS/s)
MUL_MAT iq4_xs m=6144 n=2048 k=2560: 3 x 2988.32 us = 8964.95 us (21554.6 GFLOPS/s)
MUL_MAT iq4_xs m=640 n=2048 k=2560: 6 x 665.136 us = 3990.82 us (10087.5 GFLOPS/s)
MUL_MAT q5_K m=10240 n=2048 k=2560: 3 x 5206.4 us = 15619.2 us (20619.5 GFLOPS/s)
MUL_MAT q5_K m=512 n=2048 k=2560: 1 x 865.163 us = 865.163 us (6204.22 GFLOPS/s)
MUL_MAT_ID iq4_nl m=2560 n=10 k=640 n_expert=512 batch=2048: 3 x 5400.58 us = 16201.7 us (12416.5 GFLOPS/s)
MUL_MAT_ID iq4_xs m=640 n=10 k=2560 n_expert=512 batch=2048: 6 x 9230.7 us = 55384.2 us (7268.76 GFLOPS/s)
RELU: 1 x 171.325 us = 171.325 us
REPEAT: 8 x 820.107 us = 6560.86 us
RMS_NORM(2560,4,2048,1): 10 x 883.358 us = 8833.58 us
RMS_NORM_MUL RMS_NORM(128,1,512,1): 1 x 7.013 us = 7.013 us
RMS_NORM_MUL RMS_NORM(128,4,2048,1): 1 x 79.15 us = 79.15 us
RMS_NORM_MUL RMS_NORM(128,48,2048,1): 3 x 1047.88 us = 3143.65 us
RMS_NORM_MUL RMS_NORM(256,2,2048,1): 1 x 56.667 us = 56.667 us
RMS_NORM_MUL RMS_NORM(256,24,2048,1): 1 x 713.756 us = 713.756 us
ROPE: 4 x 132.24 us = 528.962 us
SCALE: 35 x 34.365 us = 1202.79 us
SET_ROWS: 3 x 16.671 us = 50.013 us
SGN: 1 x 2.364 us = 2.364 us
SIGMOID: 23 x 289.443 us = 6657.19 us
SILU: 8 x 97.379 us = 779.037 us
SOFTPLUS: 3 x 4.728 us = 14.186 us
SQRT: 1 x 2.404 us = 2.404 us
SSM_CONV_SILU SSM_CONV: 3 x 1293.71 us = 3881.13 us
SUM_ROWS: 5 x 263.131 us = 1315.66 us
TOPK_MOE_EARLY_SOFTMAX_NORM SOFT_MAX: 3 x 23.43 us = 70.292 us
Total time: 291705 us.
----------------
Vulkan Timings:
ADD: 19 x 605.948 us = 11513 us
CONCAT: 3 x 1277.4 us = 3832.2 us
CONT: 21 x 149.798 us = 3145.76 us
CPY: 7 x 19.911 us = 139.383 us
FA_KV_DEQUANT (sub-op): 1 x 825.658 us = 825.658 us
FILL: 2 x 57.088 us = 114.176 us
FLASH_ATTN_EXT dst(256,24,2048,1),  q(256,2048,24,1),  k(256,2048,2,1),  v(256,2048,2,1),  m(2048,2048,1,1): 1 x 4440.44 us = 4440.44 us (23213.8 GFLOPS/s)
GATED_DELTA_NET: 3 x 3715.99 us = 11148 us
GET_ROWS: 8 x 16.716 us = 133.731 us
GLU: 8 x 392.47 us = 3139.76 us
L2_NORM: 6 x 299.134 us = 1794.81 us
MUL: 39 x 884.344 us = 34489.4 us
MULTI_ADD ADD: 13 x 809.651 us = 10525.5 us
MUL_MAT f32 m=1 n=2048 k=2560: 4 x 258.601 us = 1034.4 us (40.5401 GFLOPS/s)
MUL_MAT f32 m=256 n=4096 k=256: 1 x 39.915 us = 39.915 us (13424.1 GFLOPS/s)
MUL_MAT f32 m=256 n=49152 k=256: 1 x 607.674 us = 607.674 us (10581.1 GFLOPS/s)
MUL_MAT f32 m=512 n=2048 k=2560: 4 x 387.636 us = 1550.54 us (13847.2 GFLOPS/s)
MUL_MAT f32 m=512 n=8192 k=128: 1 x 80.512 us = 80.512 us (13284.3 GFLOPS/s)
MUL_MAT f32 m=64 n=16384 k=64: 1 x 57.228 us = 57.228 us (2326.99 GFLOPS/s)
MUL_MAT f32 m=64 n=196608 k=64: 1 x 420.318 us = 420.318 us (3801.95 GFLOPS/s)
MUL_MAT iq4_nl m=10240 n=2048 k=320: 8 x 1902.22 us = 15217.8 us (7044.81 GFLOPS/s)
MUL_MAT iq4_nl m=2560 n=2048 k=640: 4 x 360.694 us = 1442.78 us (18590.9 GFLOPS/s)
MUL_MAT iq4_xs m=12288 n=2048 k=2560: 1 x 6193.69 us = 6193.69 us (20799.2 GFLOPS/s)
MUL_MAT iq4_xs m=128 n=2048 k=2560: 1 x 127.361 us = 127.361 us (10536.3 GFLOPS/s)
MUL_MAT iq4_xs m=2560 n=2048 k=6144: 4 x 4145.86 us = 16583.4 us (15538.2 GFLOPS/s)
MUL_MAT iq4_xs m=320 n=2048 k=10240: 8 x 2069.03 us = 16552.3 us (6486.65 GFLOPS/s)
MUL_MAT iq4_xs m=4 n=2048 k=10240: 8 x 1374.92 us = 10999.3 us (122.018 GFLOPS/s)
MUL_MAT iq4_xs m=48 n=2048 k=2560: 6 x 276.317 us = 1657.91 us (1821.16 GFLOPS/s)
MUL_MAT iq4_xs m=512 n=2048 k=2560: 2 x 487.045 us = 974.09 us (11020.9 GFLOPS/s)
MUL_MAT iq4_xs m=6144 n=2048 k=2560: 3 x 2983.79 us = 8951.37 us (21587.3 GFLOPS/s)
MUL_MAT iq4_xs m=640 n=2048 k=2560: 8 x 573.719 us = 4589.76 us (11694.9 GFLOPS/s)
MUL_MAT q5_K m=10240 n=2048 k=2560: 3 x 5760.93 us = 17282.8 us (18634.7 GFLOPS/s)
MUL_MAT q5_K m=512 n=2048 k=2560: 1 x 687.626 us = 687.626 us (7806.08 GFLOPS/s)
MUL_MAT_ID iq4_nl m=2560 n=10 k=640 n_expert=512 batch=2048: 4 x 5630.62 us = 22522.5 us (11909.3 GFLOPS/s)
MUL_MAT_ID iq4_xs m=640 n=10 k=2560 n_expert=512 batch=2048: 8 x 4330.16 us = 34641.3 us (15495 GFLOPS/s)
RELU: 1 x 189.64 us = 189.64 us
REPEAT: 8 x 661.771 us = 5294.17 us
RMS_NORM(2560,4,2048,1): 8 x 872.261 us = 6978.09 us
RMS_NORM_MUL RMS_NORM(128,1,512,1): 1 x 6.893 us = 6.893 us
RMS_NORM_MUL RMS_NORM(128,4,2048,1): 1 x 77.988 us = 77.988 us
RMS_NORM_MUL RMS_NORM(128,48,2048,1): 3 x 1031.67 us = 3095 us
RMS_NORM_MUL RMS_NORM(256,2,2048,1): 1 x 52.74 us = 52.74 us
RMS_NORM_MUL RMS_NORM(256,24,2048,1): 1 x 735.557 us = 735.557 us
ROPE: 4 x 125.798 us = 503.193 us
SCALE: 39 x 34.675 us = 1352.35 us
SET_ROWS: 4 x 77.036 us = 308.144 us
SIGMOID: 27 x 286.236 us = 7728.39 us
SILU: 8 x 16.971 us = 135.773 us
SOFTPLUS: 3 x 4.902 us = 14.707 us
SSM_CONV_SILU SSM_CONV: 3 x 1431.37 us = 4294.12 us
SUM_ROWS: 1 x 742.57 us = 742.57 us
TOPK_MOE_EARLY_SOFTMAX_NORM SOFT_MAX: 4 x 26.049 us = 104.197 us
Total time: 279070 us.
----------------
Vulkan Timings:
ADD: 19 x 612.152 us = 11630.9 us
CONCAT: 3 x 1281.73 us = 3845.18 us
CONT: 21 x 158.941 us = 3337.77 us
CPY: 7 x 21.474 us = 150.322 us
FA_KV_DEQUANT (sub-op): 1 x 51.778 us = 51.778 us
FILL: 2 x 85.562 us = 171.124 us
FLASH_ATTN_EXT dst(256,24,2048,1),  q(256,2048,24,1),  k(256,2048,2,1),  v(256,2048,2,1),  m(2048,2048,1,1): 1 x 4364.49 us = 4364.49 us (23617.7 GFLOPS/s)
GATED_DELTA_NET: 3 x 3622.6 us = 10867.8 us
GET_ROWS: 8 x 16.751 us = 134.012 us
GLU: 8 x 365.859 us = 2926.88 us
L2_NORM: 6 x 288.855 us = 1733.13 us
MUL: 39 x 880.126 us = 34324.9 us
MULTI_ADD ADD: 13 x 795.967 us = 10347.6 us
MUL_MAT f32 m=1 n=2048 k=2560: 4 x 268.66 us = 1074.64 us (39.0222 GFLOPS/s)
MUL_MAT f32 m=256 n=4096 k=256: 1 x 42.761 us = 42.761 us (12530.6 GFLOPS/s)
MUL_MAT f32 m=256 n=49152 k=256: 1 x 634.525 us = 634.525 us (10133.4 GFLOPS/s)
MUL_MAT f32 m=512 n=2048 k=2560: 4 x 347.299 us = 1389.2 us (15455.4 GFLOPS/s)
MUL_MAT f32 m=512 n=8192 k=128: 1 x 86.324 us = 86.324 us (12389.9 GFLOPS/s)
MUL_MAT f32 m=64 n=16384 k=64: 1 x 59.112 us = 59.112 us (2252.83 GFLOPS/s)
MUL_MAT f32 m=64 n=196608 k=64: 1 x 418.875 us = 418.875 us (3815.05 GFLOPS/s)
MUL_MAT iq4_nl m=10240 n=2048 k=320: 8 x 1883.91 us = 15071.3 us (7113.28 GFLOPS/s)
MUL_MAT iq4_nl m=2560 n=2048 k=640: 4 x 358.49 us = 1433.96 us (18705.2 GFLOPS/s)
MUL_MAT iq4_xs m=12288 n=2048 k=2560: 1 x 6298.73 us = 6298.73 us (20452.4 GFLOPS/s)
MUL_MAT iq4_xs m=128 n=2048 k=2560: 1 x 120.789 us = 120.789 us (11109.6 GFLOPS/s)
MUL_MAT iq4_xs m=2560 n=2048 k=6144: 4 x 4209.56 us = 16838.2 us (15303.1 GFLOPS/s)
MUL_MAT iq4_xs m=320 n=2048 k=10240: 8 x 2160.49 us = 17283.9 us (6212.07 GFLOPS/s)
MUL_MAT iq4_xs m=4 n=2048 k=10240: 8 x 1354.97 us = 10839.8 us (123.813 GFLOPS/s)
MUL_MAT iq4_xs m=48 n=2048 k=2560: 6 x 272.343 us = 1634.06 us (1847.73 GFLOPS/s)
MUL_MAT iq4_xs m=512 n=2048 k=2560: 2 x 582.747 us = 1165.49 us (9210.96 GFLOPS/s)
MUL_MAT iq4_xs m=6144 n=2048 k=2560: 3 x 3018.96 us = 9056.89 us (21335.8 GFLOPS/s)
MUL_MAT iq4_xs m=640 n=2048 k=2560: 8 x 676.865 us = 5414.92 us (9912.72 GFLOPS/s)
MUL_MAT q5_K m=10240 n=2048 k=2560: 3 x 5834.2 us = 17502.6 us (18400.7 GFLOPS/s)
MUL_MAT q5_K m=512 n=2048 k=2560: 1 x 682.857 us = 682.857 us (7860.59 GFLOPS/s)
MUL_MAT_ID iq4_nl m=2560 n=10 k=640 n_expert=512 batch=2048: 4 x 5429.7 us = 21718.8 us (12349.9 GFLOPS/s)
MUL_MAT_ID iq4_xs m=640 n=10 k=2560 n_expert=512 batch=2048: 8 x 4531.19 us = 36249.6 us (14807.5 GFLOPS/s)
RELU: 1 x 184.831 us = 184.831 us
REPEAT: 8 x 662.563 us = 5300.51 us
RMS_NORM(2560,4,2048,1): 8 x 878.057 us = 7024.46 us
RMS_NORM_MUL RMS_NORM(128,1,512,1): 1 x 6.973 us = 6.973 us
RMS_NORM_MUL RMS_NORM(128,4,2048,1): 1 x 74.862 us = 74.862 us
RMS_NORM_MUL RMS_NORM(128,48,2048,1): 3 x 1042.45 us = 3127.34 us
RMS_NORM_MUL RMS_NORM(256,2,2048,1): 1 x 63.48 us = 63.48 us
RMS_NORM_MUL RMS_NORM(256,24,2048,1): 1 x 718.124 us = 718.124 us
ROPE: 4 x 133.302 us = 533.211 us
SCALE: 39 x 34.476 us = 1344.58 us
SET_ROWS: 4 x 131.118 us = 524.474 us
SIGMOID: 27 x 287.526 us = 7763.22 us
SILU: 8 x 16.836 us = 134.692 us
SOFTPLUS: 3 x 4.929 us = 14.787 us
SSM_CONV_SILU SSM_CONV: 3 x 1252.59 us = 3757.78 us
SUM_ROWS: 1 x 749.303 us = 749.303 us
TOPK_MOE_EARLY_SOFTMAX_NORM SOFT_MAX: 4 x 25.848 us = 103.395 us
Total time: 280329 us.
----------------
Vulkan Timings:
ADD: 19 x 617.956 us = 11741.2 us
CONCAT: 3 x 1298.51 us = 3895.52 us
CONT: 21 x 163.313 us = 3429.59 us
CPY: 7 x 21.612 us = 151.285 us
FA_KV_DEQUANT (sub-op): 1 x 50.896 us = 50.896 us
FILL: 2 x 80.172 us = 160.344 us
FLASH_ATTN_EXT dst(256,24,2048,1),  q(256,2048,24,1),  k(256,2048,2,1),  v(256,2048,2,1),  m(2048,2048,1,1): 1 x 4442.28 us = 4442.28 us (23204.1 GFLOPS/s)
GATED_DELTA_NET: 3 x 3695.54 us = 11086.6 us
GET_ROWS: 8 x 19.696 us = 157.575 us
GLU: 8 x 365.038 us = 2920.3 us
L2_NORM: 6 x 289.022 us = 1734.13 us
MUL: 39 x 882.977 us = 34436.1 us
MULTI_ADD ADD: 13 x 773.284 us = 10052.7 us
MUL_MAT f32 m=1 n=2048 k=2560: 4 x 245.245 us = 980.981 us (42.7479 GFLOPS/s)
MUL_MAT f32 m=256 n=4096 k=256: 1 x 38.232 us = 38.232 us (14015 GFLOPS/s)
MUL_MAT f32 m=256 n=49152 k=256: 1 x 560.625 us = 560.625 us (11469.1 GFLOPS/s)
MUL_MAT f32 m=512 n=2048 k=2560: 4 x 348.111 us = 1392.44 us (15419.4 GFLOPS/s)
MUL_MAT f32 m=512 n=8192 k=128: 1 x 87.005 us = 87.005 us (12292.9 GFLOPS/s)
MUL_MAT f32 m=64 n=16384 k=64: 1 x 55.465 us = 55.465 us (2400.96 GFLOPS/s)
MUL_MAT f32 m=64 n=196608 k=64: 1 x 422.723 us = 422.723 us (3780.32 GFLOPS/s)
MUL_MAT iq4_nl m=10240 n=2048 k=320: 8 x 1907.24 us = 15257.9 us (7026.27 GFLOPS/s)
MUL_MAT iq4_nl m=2560 n=2048 k=640: 4 x 362.157 us = 1448.63 us (18515.8 GFLOPS/s)
MUL_MAT iq4_xs m=12288 n=2048 k=2560: 1 x 6293.16 us = 6293.16 us (20470.5 GFLOPS/s)
MUL_MAT iq4_xs m=128 n=2048 k=2560: 1 x 122.793 us = 122.793 us (10928.3 GFLOPS/s)
MUL_MAT iq4_xs m=2560 n=2048 k=6144: 4 x 3250.02 us = 13000.1 us (19821.2 GFLOPS/s)
MUL_MAT iq4_xs m=320 n=2048 k=10240: 8 x 2231.59 us = 17852.7 us (6014.15 GFLOPS/s)
MUL_MAT iq4_xs m=4 n=2048 k=10240: 8 x 1362.15 us = 10897.2 us (123.161 GFLOPS/s)
MUL_MAT iq4_xs m=48 n=2048 k=2560: 6 x 272.791 us = 1636.75 us (1844.7 GFLOPS/s)
MUL_MAT iq4_xs m=512 n=2048 k=2560: 2 x 520.148 us = 1040.3 us (10319.5 GFLOPS/s)
MUL_MAT iq4_xs m=6144 n=2048 k=2560: 3 x 3031.84 us = 9095.52 us (21245.2 GFLOPS/s)
MUL_MAT iq4_xs m=640 n=2048 k=2560: 8 x 760.254 us = 6082.03 us (8825.44 GFLOPS/s)
MUL_MAT q5_K m=10240 n=2048 k=2560: 3 x 5765.62 us = 17296.9 us (18619.5 GFLOPS/s)
MUL_MAT q5_K m=512 n=2048 k=2560: 1 x 791.343 us = 791.343 us (6782.98 GFLOPS/s)
MUL_MAT_ID iq4_nl m=2560 n=10 k=640 n_expert=512 batch=2048: 4 x 5505.88 us = 22023.5 us (12179.1 GFLOPS/s)
MUL_MAT_ID iq4_xs m=640 n=10 k=2560 n_expert=512 batch=2048: 8 x 4922.64 us = 39381.1 us (13630 GFLOPS/s)
RELU: 1 x 173.77 us = 173.77 us
REPEAT: 8 x 662.127 us = 5297.02 us
RMS_NORM(2560,4,2048,1): 8 x 894.023 us = 7152.19 us
RMS_NORM_MUL RMS_NORM(128,1,512,1): 1 x 7.093 us = 7.093 us
RMS_NORM_MUL RMS_NORM(128,4,2048,1): 1 x 76.705 us = 76.705 us
RMS_NORM_MUL RMS_NORM(128,48,2048,1): 3 x 1060.88 us = 3182.64 us
RMS_NORM_MUL RMS_NORM(256,2,2048,1): 1 x 51.978 us = 51.978 us
RMS_NORM_MUL RMS_NORM(256,24,2048,1): 1 x 715.439 us = 715.439 us
ROPE: 4 x 134.234 us = 536.938 us
SCALE: 39 x 33.934 us = 1323.45 us
SET_ROWS: 4 x 132.07 us = 528.283 us
SIGMOID: 27 x 291.412 us = 7868.14 us
SILU: 8 x 16.761 us = 134.091 us
SOFTPLUS: 3 x 4.781 us = 14.345 us
SSM_CONV_SILU SSM_CONV: 3 x 1191.16 us = 3573.47 us
SUM_ROWS: 1 x 738.563 us = 738.563 us
TOPK_MOE_EARLY_SOFTMAX_NORM SOFT_MAX: 4 x 28.824 us = 115.297 us
Total time: 281505 us.
----------------
Vulkan Timings:
ADD: 19 x 608.133 us = 11554.5 us
CONCAT: 3 x 1264.69 us = 3794.09 us
CONT: 21 x 163.246 us = 3428.18 us
CPY: 7 x 22.293 us = 156.054 us
FA_KV_DEQUANT (sub-op): 1 x 52.018 us = 52.018 us
FILL: 2 x 84.199 us = 168.399 us
FLASH_ATTN_EXT dst(256,24,2048,1),  q(256,2048,24,1),  k(256,2048,2,1),  v(256,2048,2,1),  m(2048,2048,1,1): 1 x 4465.73 us = 4465.73 us (23082.3 GFLOPS/s)
GATED_DELTA_NET: 3 x 3687.94 us = 11063.8 us
GET_ROWS: 8 x 17.487 us = 139.901 us
GLU: 8 x 366.085 us = 2928.68 us
L2_NORM: 6 x 288.206 us = 1729.24 us
MUL: 39 x 873.477 us = 34065.6 us
MULTI_ADD ADD: 13 x 795.696 us = 10344 us
MUL_MAT f32 m=1 n=2048 k=2560: 4 x 236.178 us = 944.712 us (44.389 GFLOPS/s)
MUL_MAT f32 m=256 n=4096 k=256: 1 x 38.473 us = 38.473 us (13927.2 GFLOPS/s)
MUL_MAT f32 m=256 n=49152 k=256: 1 x 554.493 us = 554.493 us (11595.9 GFLOPS/s)
MUL_MAT f32 m=512 n=2048 k=2560: 4 x 356.857 us = 1427.43 us (15041.5 GFLOPS/s)
MUL_MAT f32 m=512 n=8192 k=128: 1 x 98.146 us = 98.146 us (10897.5 GFLOPS/s)
MUL_MAT f32 m=64 n=16384 k=64: 1 x 55.224 us = 55.224 us (2411.44 GFLOPS/s)
MUL_MAT f32 m=64 n=196608 k=64: 1 x 419.236 us = 419.236 us (3811.77 GFLOPS/s)
MUL_MAT iq4_nl m=10240 n=2048 k=320: 8 x 1901.09 us = 15208.7 us (7049.02 GFLOPS/s)
MUL_MAT iq4_nl m=2560 n=2048 k=640: 4 x 360.865 us = 1443.46 us (18582.1 GFLOPS/s)
MUL_MAT iq4_xs m=12288 n=2048 k=2560: 1 x 6154.05 us = 6154.05 us (20933.2 GFLOPS/s)
MUL_MAT iq4_xs m=128 n=2048 k=2560: 1 x 125.638 us = 125.638 us (10680.8 GFLOPS/s)
MUL_MAT iq4_xs m=2560 n=2048 k=6144: 4 x 3498.66 us = 13994.6 us (18412.6 GFLOPS/s)
MUL_MAT iq4_xs m=320 n=2048 k=10240: 8 x 2080.73 us = 16645.9 us (6450.19 GFLOPS/s)
MUL_MAT iq4_xs m=4 n=2048 k=10240: 8 x 1349.3 us = 10794.4 us (124.334 GFLOPS/s)
MUL_MAT iq4_xs m=48 n=2048 k=2560: 6 x 281.928 us = 1691.57 us (1784.91 GFLOPS/s)
MUL_MAT iq4_xs m=512 n=2048 k=2560: 2 x 473.138 us = 946.277 us (11344.8 GFLOPS/s)
MUL_MAT iq4_xs m=6144 n=2048 k=2560: 3 x 3015.78 us = 9047.35 us (21358.3 GFLOPS/s)
MUL_MAT iq4_xs m=640 n=2048 k=2560: 8 x 613.605 us = 4908.84 us (10934.7 GFLOPS/s)
MUL_MAT q5_K m=10240 n=2048 k=2560: 3 x 6097.02 us = 18291.1 us (17607.5 GFLOPS/s)
MUL_MAT q5_K m=512 n=2048 k=2560: 1 x 834.024 us = 834.024 us (6435.86 GFLOPS/s)
MUL_MAT_ID iq4_nl m=2560 n=10 k=640 n_expert=512 batch=2048: 4 x 5797.99 us = 23192 us (11565.5 GFLOPS/s)
MUL_MAT_ID iq4_xs m=640 n=10 k=2560 n_expert=512 batch=2048: 8 x 5644.99 us = 45159.9 us (11885.9 GFLOPS/s)
RELU: 1 x 173.008 us = 173.008 us
REPEAT: 8 x 660.629 us = 5285.04 us
RMS_NORM(2560,4,2048,1): 8 x 877.551 us = 7020.41 us
RMS_NORM_MUL RMS_NORM(128,1,512,1): 1 x 7.173 us = 7.173 us
RMS_NORM_MUL RMS_NORM(128,4,2048,1): 1 x 72.698 us = 72.698 us
RMS_NORM_MUL RMS_NORM(128,48,2048,1): 3 x 1037.41 us = 3112.23 us
RMS_NORM_MUL RMS_NORM(256,2,2048,1): 1 x 52.419 us = 52.419 us
RMS_NORM_MUL RMS_NORM(256,24,2048,1): 1 x 697.284 us = 697.284 us
ROPE: 4 x 138.813 us = 555.253 us
SCALE: 39 x 34.681 us = 1352.59 us
SET_ROWS: 4 x 131.249 us = 524.996 us
SIGMOID: 27 x 286.536 us = 7736.49 us
SILU: 8 x 16.961 us = 135.694 us
SOFTPLUS: 3 x 4.889 us = 14.667 us
SSM_CONV_SILU SSM_CONV: 3 x 1166.75 us = 3500.25 us
SUM_ROWS: 1 x 737.841 us = 737.841 us
TOPK_MOE_EARLY_SOFTMAX_NORM SOFT_MAX: 4 x 27.031 us = 108.124 us
Total time: 286952 us.
----------------
Vulkan Timings:
ADD: 19 x 599.486 us = 11390.2 us
CONCAT: 3 x 1249.25 us = 3747.76 us
CONT: 21 x 147.143 us = 3090.02 us
CPY: 7 x 21.76 us = 152.325 us
FA_KV_DEQUANT (sub-op): 1 x 51.738 us = 51.738 us
FILL: 2 x 35.406 us = 70.813 us
FLASH_ATTN_EXT dst(256,24,2048,1),  q(256,2048,24,1),  k(256,2048,2,1),  v(256,2048,2,1),  m(2048,2048,1,1): 1 x 4386.94 us = 4386.94 us (23496.9 GFLOPS/s)
GATED_DELTA_NET: 3 x 4185.97 us = 12557.9 us
GET_ROWS: 8 x 14.977 us = 119.823 us
GLU: 8 x 354.693 us = 2837.55 us
L2_NORM: 6 x 293.269 us = 1759.62 us
MUL: 39 x 859.186 us = 33508.3 us
MULTI_ADD ADD: 13 x 761.261 us = 9896.4 us
MUL_MAT f32 m=1 n=2048 k=2560: 4 x 229.946 us = 919.786 us (45.592 GFLOPS/s)
MUL_MAT f32 m=256 n=4096 k=256: 1 x 38.793 us = 38.793 us (13812.3 GFLOPS/s)
MUL_MAT f32 m=256 n=49152 k=256: 1 x 564.632 us = 564.632 us (11387.7 GFLOPS/s)
MUL_MAT f32 m=512 n=2048 k=2560: 4 x 368.129 us = 1472.52 us (14580.9 GFLOPS/s)
MUL_MAT f32 m=512 n=8192 k=128: 1 x 99.308 us = 99.308 us (10770 GFLOPS/s)
MUL_MAT f32 m=64 n=16384 k=64: 1 x 55.064 us = 55.064 us (2418.44 GFLOPS/s)
MUL_MAT f32 m=64 n=196608 k=64: 1 x 424.606 us = 424.606 us (3763.56 GFLOPS/s)
MUL_MAT iq4_nl m=10240 n=2048 k=320: 8 x 1086.3 us = 8690.43 us (12336.1 GFLOPS/s)
MUL_MAT iq4_nl m=2560 n=2048 k=640: 4 x 369.191 us = 1476.76 us (18163.1 GFLOPS/s)
MUL_MAT iq4_xs m=12288 n=2048 k=2560: 1 x 6199.22 us = 6199.22 us (20780.7 GFLOPS/s)
MUL_MAT iq4_xs m=128 n=2048 k=2560: 1 x 125.037 us = 125.037 us (10732.1 GFLOPS/s)
MUL_MAT iq4_xs m=2560 n=2048 k=6144: 4 x 3509.43 us = 14037.7 us (18356.1 GFLOPS/s)
MUL_MAT iq4_xs m=320 n=2048 k=10240: 8 x 2121.51 us = 16972.1 us (6326.19 GFLOPS/s)
MUL_MAT iq4_xs m=4 n=2048 k=10240: 8 x 1312.05 us = 10496.4 us (127.864 GFLOPS/s)
MUL_MAT iq4_xs m=48 n=2048 k=2560: 6 x 272.744 us = 1636.47 us (1845.02 GFLOPS/s)
MUL_MAT iq4_xs m=512 n=2048 k=2560: 2 x 713.675 us = 1427.35 us (7521.15 GFLOPS/s)
MUL_MAT iq4_xs m=6144 n=2048 k=2560: 3 x 2978.02 us = 8934.05 us (21629.1 GFLOPS/s)
MUL_MAT iq4_xs m=640 n=2048 k=2560: 8 x 622.923 us = 4983.38 us (10771.1 GFLOPS/s)
MUL_MAT q5_K m=10240 n=2048 k=2560: 3 x 4627.89 us = 13883.7 us (23197 GFLOPS/s)
MUL_MAT q5_K m=512 n=2048 k=2560: 1 x 832.101 us = 832.101 us (6450.73 GFLOPS/s)
MUL_MAT_ID iq4_nl m=2560 n=10 k=640 n_expert=512 batch=2048: 4 x 5962.13 us = 23848.5 us (11247.1 GFLOPS/s)
MUL_MAT_ID iq4_xs m=640 n=10 k=2560 n_expert=512 batch=2048: 8 x 5810.5 us = 46484 us (11547.3 GFLOPS/s)
RELU: 1 x 177.938 us = 177.938 us
REPEAT: 8 x 660.058 us = 5280.47 us
RMS_NORM(2560,4,2048,1): 8 x 849.113 us = 6792.9 us
RMS_NORM_MUL RMS_NORM(128,1,512,1): 1 x 7.173 us = 7.173 us
RMS_NORM_MUL RMS_NORM(128,4,2048,1): 1 x 73.94 us = 73.94 us
RMS_NORM_MUL RMS_NORM(128,48,2048,1): 3 x 1023.89 us = 3071.68 us
RMS_NORM_MUL RMS_NORM(256,2,2048,1): 1 x 52.139 us = 52.139 us
RMS_NORM_MUL RMS_NORM(256,24,2048,1): 1 x 723.895 us = 723.895 us
ROPE: 4 x 132.14 us = 528.562 us
SCALE: 39 x 34.005 us = 1326.22 us
SET_ROWS: 4 x 77.727 us = 310.909 us
SIGMOID: 27 x 281.341 us = 7596.22 us
SILU: 8 x 16.801 us = 134.41 us
SOFTPLUS: 3 x 4.835 us = 14.507 us
SSM_CONV_SILU SSM_CONV: 3 x 996.519 us = 2989.56 us
SUM_ROWS: 1 x 747.941 us = 747.941 us
TOPK_MOE_EARLY_SOFTMAX_NORM SOFT_MAX: 4 x 26.95 us = 107.803 us
Total time: 277108 us.
----------------
Vulkan Timings:
ADD: 19 x 603.172 us = 11460.3 us
CONCAT: 3 x 1257.75 us = 3773.25 us
CONT: 21 x 148.496 us = 3118.44 us
CPY: 7 x 20.879 us = 146.156 us
FA_KV_DEQUANT (sub-op): 1 x 54.824 us = 54.824 us
FILL: 2 x 82.877 us = 165.754 us
FLASH_ATTN_EXT dst(256,24,2048,1),  q(256,2048,24,1),  k(256,2048,2,1),  v(256,2048,2,1),  m(2048,2048,1,1): 1 x 4440.4 us = 4440.4 us (23214 GFLOPS/s)
GATED_DELTA_NET: 3 x 3709.45 us = 11128.3 us
GET_ROWS: 8 x 15.503 us = 124.031 us
GLU: 8 x 360.99 us = 2887.92 us
L2_NORM: 6 x 284.9 us = 1709.4 us
MUL: 39 x 857.726 us = 33451.3 us
MULTI_ADD ADD: 13 x 761.378 us = 9897.92 us
MUL_MAT f32 m=1 n=2048 k=2560: 4 x 241.238 us = 964.952 us (43.458 GFLOPS/s)
MUL_MAT f32 m=256 n=4096 k=256: 1 x 41.158 us = 41.158 us (13018.7 GFLOPS/s)
MUL_MAT f32 m=256 n=49152 k=256: 1 x 598.457 us = 598.457 us (10744.1 GFLOPS/s)
MUL_MAT f32 m=512 n=2048 k=2560: 4 x 349.663 us = 1398.65 us (15350.9 GFLOPS/s)
MUL_MAT f32 m=512 n=8192 k=128: 1 x 97.264 us = 97.264 us (10996.3 GFLOPS/s)
MUL_MAT f32 m=64 n=16384 k=64: 1 x 58.39 us = 58.39 us (2280.68 GFLOPS/s)
MUL_MAT f32 m=64 n=196608 k=64: 1 x 413.786 us = 413.786 us (3861.97 GFLOPS/s)
MUL_MAT iq4_nl m=10240 n=2048 k=320: 8 x 1093.01 us = 8744.09 us (12260.4 GFLOPS/s)
MUL_MAT iq4_nl m=2560 n=2048 k=640: 4 x 360.033 us = 1440.13 us (18625.1 GFLOPS/s)
MUL_MAT iq4_xs m=12288 n=2048 k=2560: 1 x 5309.41 us = 5309.41 us (24263.3 GFLOPS/s)
MUL_MAT iq4_xs m=128 n=2048 k=2560: 1 x 120.228 us = 120.228 us (11161.4 GFLOPS/s)
MUL_MAT iq4_xs m=2560 n=2048 k=6144: 4 x 3317.96 us = 13271.9 us (19415.3 GFLOPS/s)
MUL_MAT iq4_xs m=320 n=2048 k=10240: 8 x 2145.96 us = 17167.7 us (6254.13 GFLOPS/s)
MUL_MAT iq4_xs m=4 n=2048 k=10240: 8 x 1346.78 us = 10774.2 us (124.567 GFLOPS/s)
MUL_MAT iq4_xs m=48 n=2048 k=2560: 6 x 265.597 us = 1593.59 us (1894.66 GFLOPS/s)
MUL_MAT iq4_xs m=512 n=2048 k=2560: 2 x 589.499 us = 1179 us (9105.45 GFLOPS/s)
MUL_MAT iq4_xs m=6144 n=2048 k=2560: 3 x 2976.82 us = 8930.45 us (21637.9 GFLOPS/s)
MUL_MAT iq4_xs m=640 n=2048 k=2560: 8 x 680.637 us = 5445.1 us (9857.78 GFLOPS/s)
MUL_MAT q5_K m=10240 n=2048 k=2560: 3 x 4501.4 us = 13504.2 us (23848.8 GFLOPS/s)
MUL_MAT q5_K m=512 n=2048 k=2560: 1 x 664.302 us = 664.302 us (8080.15 GFLOPS/s)
MUL_MAT_ID iq4_nl m=2560 n=10 k=640 n_expert=512 batch=2048: 4 x 6323.51 us = 25294.1 us (10604.3 GFLOPS/s)
MUL_MAT_ID iq4_xs m=640 n=10 k=2560 n_expert=512 batch=2048: 8 x 6357.45 us = 50859.6 us (10553.9 GFLOPS/s)
RELU: 1 x 174.852 us = 174.852 us
REPEAT: 8 x 661.1 us = 5288.8 us
RMS_NORM(2560,4,2048,1): 8 x 852.824 us = 6822.6 us
RMS_NORM_MUL RMS_NORM(128,1,512,1): 1 x 7.293 us = 7.293 us
RMS_NORM_MUL RMS_NORM(128,4,2048,1): 1 x 73.86 us = 73.86 us
RMS_NORM_MUL RMS_NORM(128,48,2048,1): 3 x 1029.58 us = 3088.75 us
RMS_NORM_MUL RMS_NORM(256,2,2048,1): 1 x 52.098 us = 52.098 us
RMS_NORM_MUL RMS_NORM(256,24,2048,1): 1 x 685.061 us = 685.061 us
ROPE: 4 x 124.185 us = 496.742 us
SCALE: 39 x 33.471 us = 1305.38 us
SET_ROWS: 4 x 86.564 us = 346.256 us
SIGMOID: 27 x 281.147 us = 7590.97 us
SILU: 8 x 16.776 us = 134.211 us
SOFTPLUS: 3 x 4.955 us = 14.867 us
SSM_CONV_SILU SSM_CONV: 3 x 993.153 us = 2979.46 us
SUM_ROWS: 1 x 741.649 us = 741.649 us
TOPK_MOE_EARLY_SOFTMAX_NORM SOFT_MAX: 4 x 25.417 us = 101.671 us
Total time: 280133 us.
----------------
Vulkan Timings:
ADD: 19 x 601.702 us = 11432.4 us
CONCAT: 3 x 1251.86 us = 3755.57 us
CONT: 21 x 149.416 us = 3137.75 us
CPY: 7 x 19.516 us = 136.616 us
FA_KV_DEQUANT (sub-op): 1 x 55.705 us = 55.705 us
FILL: 2 x 80.492 us = 160.985 us
FLASH_ATTN_EXT dst(256,24,2048,1),  q(256,2048,24,1),  k(256,2048,2,1),  v(256,2048,2,1),  m(2048,2048,1,1): 1 x 4481.03 us = 4481.03 us (23003.4 GFLOPS/s)
GATED_DELTA_NET: 3 x 3690.51 us = 11071.5 us
GET_ROWS: 8 x 15.604 us = 124.834 us
GLU: 8 x 346.983 us = 2775.87 us
L2_NORM: 6 x 290.003 us = 1740.02 us
MUL: 39 x 864.403 us = 33711.8 us
MULTI_ADD ADD: 13 x 783.934 us = 10191.2 us
MUL_MAT f32 m=1 n=2048 k=2560: 4 x 227.642 us = 910.568 us (46.0535 GFLOPS/s)
MUL_MAT f32 m=256 n=4096 k=256: 1 x 39.074 us = 39.074 us (13713 GFLOPS/s)
MUL_MAT f32 m=256 n=49152 k=256: 1 x 595.291 us = 595.291 us (10801.2 GFLOPS/s)
MUL_MAT f32 m=512 n=2048 k=2560: 4 x 357.488 us = 1429.95 us (15014.9 GFLOPS/s)
MUL_MAT f32 m=512 n=8192 k=128: 1 x 78.509 us = 78.509 us (13623.2 GFLOPS/s)
MUL_MAT f32 m=64 n=16384 k=64: 1 x 57.669 us = 57.669 us (2309.2 GFLOPS/s)
MUL_MAT f32 m=64 n=196608 k=64: 1 x 416.832 us = 416.832 us (3833.75 GFLOPS/s)
MUL_MAT iq4_nl m=10240 n=2048 k=320: 8 x 1091.56 us = 8732.47 us (12276.8 GFLOPS/s)
MUL_MAT iq4_nl m=2560 n=2048 k=640: 4 x 360.454 us = 1441.82 us (18603.3 GFLOPS/s)
MUL_MAT iq4_xs m=12288 n=2048 k=2560: 1 x 5483.14 us = 5483.14 us (23494.5 GFLOPS/s)
MUL_MAT iq4_xs m=128 n=2048 k=2560: 1 x 120.148 us = 120.148 us (11168.9 GFLOPS/s)
MUL_MAT iq4_xs m=2560 n=2048 k=6144: 4 x 3726.99 us = 14908 us (17284.5 GFLOPS/s)
MUL_MAT iq4_xs m=320 n=2048 k=10240: 8 x 2129.01 us = 17032.1 us (6303.91 GFLOPS/s)
MUL_MAT iq4_xs m=4 n=2048 k=10240: 8 x 1352.17 us = 10817.4 us (124.07 GFLOPS/s)
MUL_MAT iq4_xs m=48 n=2048 k=2560: 6 x 270.566 us = 1623.4 us (1859.87 GFLOPS/s)
MUL_MAT iq4_xs m=512 n=2048 k=2560: 2 x 748.882 us = 1497.77 us (7167.56 GFLOPS/s)
MUL_MAT iq4_xs m=6144 n=2048 k=2560: 3 x 3012.83 us = 9038.49 us (21379.2 GFLOPS/s)
MUL_MAT iq4_xs m=640 n=2048 k=2560: 8 x 677.446 us = 5419.57 us (9904.21 GFLOPS/s)
MUL_MAT q5_K m=10240 n=2048 k=2560: 3 x 4470.8 us = 13412.4 us (24012.1 GFLOPS/s)
MUL_MAT q5_K m=512 n=2048 k=2560: 1 x 845.246 us = 845.246 us (6350.41 GFLOPS/s)
MUL_MAT_ID iq4_nl m=2560 n=10 k=640 n_expert=512 batch=2048: 4 x 6813.01 us = 27252.1 us (9842.4 GFLOPS/s)
MUL_MAT_ID iq4_xs m=640 n=10 k=2560 n_expert=512 batch=2048: 8 x 7072.32 us = 56578.6 us (9487.09 GFLOPS/s)
RELU: 1 x 192.485 us = 192.485 us
REPEAT: 8 x 659.688 us = 5277.51 us
RMS_NORM(2560,4,2048,1): 8 x 848.421 us = 6787.37 us
RMS_NORM_MUL RMS_NORM(128,1,512,1): 1 x 7.053 us = 7.053 us
RMS_NORM_MUL RMS_NORM(128,4,2048,1): 1 x 78.348 us = 78.348 us
RMS_NORM_MUL RMS_NORM(128,48,2048,1): 3 x 1033.63 us = 3100.89 us
RMS_NORM_MUL RMS_NORM(256,2,2048,1): 1 x 52.339 us = 52.339 us
RMS_NORM_MUL RMS_NORM(256,24,2048,1): 1 x 687.626 us = 687.626 us
ROPE: 4 x 126.289 us = 505.159 us
SCALE: 39 x 34.082 us = 1329.23 us
SET_ROWS: 4 x 118.324 us = 473.297 us
SIGMOID: 27 x 281.296 us = 7595.02 us
SILU: 8 x 16.746 us = 133.971 us
SOFTPLUS: 3 x 4.781 us = 14.345 us
SSM_CONV_SILU SSM_CONV: 3 x 1002.05 us = 3006.15 us
SUM_ROWS: 1 x 736.639 us = 736.639 us
TOPK_MOE_EARLY_SOFTMAX_NORM SOFT_MAX: 4 x 26.74 us = 106.962 us
Total time: 290590 us.
----------------
Vulkan Timings:
ADD: 19 x 604.746 us = 11490.2 us
CONCAT: 3 x 1267.81 us = 3803.43 us
CONT: 21 x 153.16 us = 3216.38 us
CPY: 7 x 20.638 us = 144.472 us
FA_KV_DEQUANT (sub-op): 1 x 52.539 us = 52.539 us
FILL: 2 x 36.929 us = 73.859 us
FLASH_ATTN_EXT dst(256,24,2048,1),  q(256,2048,24,1),  k(256,2048,2,1),  v(256,2048,2,1),  m(2048,2048,1,1): 1 x 4423.04 us = 4423.04 us (23305 GFLOPS/s)
GATED_DELTA_NET: 3 x 3713.91 us = 11141.7 us
GET_ROWS: 8 x 16.36 us = 130.884 us
GLU: 8 x 348.797 us = 2790.38 us
L2_NORM: 6 x 290.003 us = 1740.02 us
MUL: 39 x 864.066 us = 33698.6 us
MULTI_ADD ADD: 13 x 789.394 us = 10262.1 us
MUL_MAT f32 m=1 n=2048 k=2560: 4 x 234.765 us = 939.062 us (44.6561 GFLOPS/s)
MUL_MAT f32 m=256 n=4096 k=256: 1 x 40.436 us = 40.436 us (13251.1 GFLOPS/s)
MUL_MAT f32 m=256 n=49152 k=256: 1 x 568.039 us = 568.039 us (11319.4 GFLOPS/s)
MUL_MAT f32 m=512 n=2048 k=2560: 4 x 351.547 us = 1406.19 us (15268.7 GFLOPS/s)
MUL_MAT f32 m=512 n=8192 k=128: 1 x 90.892 us = 90.892 us (11767.2 GFLOPS/s)
MUL_MAT f32 m=64 n=16384 k=64: 1 x 57.389 us = 57.389 us (2320.46 GFLOPS/s)
MUL_MAT f32 m=64 n=196608 k=64: 1 x 424.727 us = 424.727 us (3762.49 GFLOPS/s)
MUL_MAT iq4_nl m=10240 n=2048 k=320: 8 x 1104.66 us = 8837.27 us (12131.2 GFLOPS/s)
MUL_MAT iq4_nl m=2560 n=2048 k=640: 4 x 363.199 us = 1452.8 us (18462.7 GFLOPS/s)
MUL_MAT iq4_xs m=12288 n=2048 k=2560: 1 x 5605.93 us = 5605.93 us (22979.9 GFLOPS/s)
MUL_MAT iq4_xs m=128 n=2048 k=2560: 1 x 116.701 us = 116.701 us (11498.7 GFLOPS/s)
MUL_MAT iq4_xs m=2560 n=2048 k=6144: 4 x 4452.3 us = 17809.2 us (14468.8 GFLOPS/s)
MUL_MAT iq4_xs m=320 n=2048 k=10240: 8 x 2107.71 us = 16861.7 us (6367.62 GFLOPS/s)
MUL_MAT iq4_xs m=4 n=2048 k=10240: 8 x 1333.69 us = 10669.5 us (125.789 GFLOPS/s)
MUL_MAT iq4_xs m=48 n=2048 k=2560: 6 x 276.231 us = 1657.39 us (1821.73 GFLOPS/s)
MUL_MAT iq4_xs m=512 n=2048 k=2560: 2 x 413.324 us = 826.649 us (12986.6 GFLOPS/s)
MUL_MAT iq4_xs m=6144 n=2048 k=2560: 3 x 3005.3 us = 9015.89 us (21432.8 GFLOPS/s)
MUL_MAT iq4_xs m=640 n=2048 k=2560: 8 x 642.199 us = 5137.6 us (10447.8 GFLOPS/s)
MUL_MAT q5_K m=10240 n=2048 k=2560: 3 x 4519.28 us = 13557.8 us (23754.5 GFLOPS/s)
MUL_MAT q5_K m=512 n=2048 k=2560: 1 x 639.895 us = 639.895 us (8388.35 GFLOPS/s)
MUL_MAT_ID iq4_nl m=2560 n=10 k=640 n_expert=512 batch=2048: 4 x 6986.23 us = 27944.9 us (9598.37 GFLOPS/s)
MUL_MAT_ID iq4_xs m=640 n=10 k=2560 n_expert=512 batch=2048: 8 x 7218.77 us = 57750.2 us (9294.62 GFLOPS/s)
RELU: 1 x 179.901 us = 179.901 us
REPEAT: 8 x 659.828 us = 5278.62 us
RMS_NORM(2560,4,2048,1): 8 x 852.609 us = 6820.88 us
RMS_NORM_MUL RMS_NORM(128,1,512,1): 1 x 7.133 us = 7.133 us
RMS_NORM_MUL RMS_NORM(128,4,2048,1): 1 x 81.194 us = 81.194 us
RMS_NORM_MUL RMS_NORM(128,48,2048,1): 3 x 1062.57 us = 3187.7 us
RMS_NORM_MUL RMS_NORM(256,2,2048,1): 1 x 63.44 us = 63.44 us
RMS_NORM_MUL RMS_NORM(256,24,2048,1): 1 x 713.916 us = 713.916 us
ROPE: 4 x 129.074 us = 516.299 us
SCALE: 39 x 34.172 us = 1332.71 us
SET_ROWS: 4 x 78.188 us = 312.752 us
SIGMOID: 27 x 283.93 us = 7666.11 us
SILU: 8 x 16.866 us = 134.932 us
SOFTPLUS: 3 x 4.848 us = 14.546 us
SSM_CONV_SILU SSM_CONV: 3 x 997.174 us = 2991.52 us
SUM_ROWS: 1 x 786.935 us = 786.935 us
TOPK_MOE_EARLY_SOFTMAX_NORM SOFT_MAX: 4 x 27 us = 108.003 us
Total time: 294574 us.
----------------
Vulkan Timings:
ADD: 19 x 612.544 us = 11638.3 us
CONCAT: 3 x 1295.13 us = 3885.38 us
CONT: 21 x 153.92 us = 3232.33 us
CPY: 7 x 21.131 us = 147.919 us
FA_KV_DEQUANT (sub-op): 1 x 54.343 us = 54.343 us
FILL: 2 x 79.731 us = 159.462 us
FLASH_ATTN_EXT dst(256,24,2048,1),  q(256,2048,24,1),  k(256,2048,2,1),  v(256,2048,2,1),  m(2048,2048,1,1): 1 x 4413.43 us = 4413.43 us (23355.8 GFLOPS/s)
GATED_DELTA_NET: 3 x 3948.55 us = 11845.7 us
GET_ROWS: 8 x 16.15 us = 129.203 us
GLU: 8 x 355.986 us = 2847.89 us
L2_NORM: 6 x 303.997 us = 1823.98 us
MUL: 39 x 875.142 us = 34130.6 us
MULTI_ADD ADD: 13 x 812.247 us = 10559.2 us
MUL_MAT f32 m=1 n=2048 k=2560: 4 x 234.825 us = 939.303 us (44.6446 GFLOPS/s)
MUL_MAT f32 m=256 n=4096 k=256: 1 x 36.509 us = 36.509 us (14676.4 GFLOPS/s)
MUL_MAT f32 m=256 n=49152 k=256: 1 x 529.005 us = 529.005 us (12154.6 GFLOPS/s)
MUL_MAT f32 m=512 n=2048 k=2560: 4 x 344.233 us = 1376.93 us (15593.1 GFLOPS/s)
MUL_MAT f32 m=512 n=8192 k=128: 1 x 96.823 us = 96.823 us (11046.4 GFLOPS/s)
MUL_MAT f32 m=64 n=16384 k=64: 1 x 53.501 us = 53.501 us (2489.1 GFLOPS/s)
MUL_MAT f32 m=64 n=196608 k=64: 1 x 419.557 us = 419.557 us (3808.85 GFLOPS/s)
MUL_MAT iq4_nl m=10240 n=2048 k=320: 8 x 1096.71 us = 8773.67 us (12219.1 GFLOPS/s)
MUL_MAT iq4_nl m=2560 n=2048 k=640: 4 x 362.678 us = 1450.71 us (18489.2 GFLOPS/s)
MUL_MAT iq4_xs m=12288 n=2048 k=2560: 1 x 5326.68 us = 5326.68 us (24184.6 GFLOPS/s)
MUL_MAT iq4_xs m=128 n=2048 k=2560: 1 x 126.039 us = 126.039 us (10646.8 GFLOPS/s)
MUL_MAT iq4_xs m=2560 n=2048 k=6144: 4 x 4550.23 us = 18200.9 us (14157.4 GFLOPS/s)
MUL_MAT iq4_xs m=320 n=2048 k=10240: 8 x 2164.56 us = 17316.5 us (6200.4 GFLOPS/s)
MUL_MAT iq4_xs m=4 n=2048 k=10240: 8 x 1360.63 us = 10885 us (123.299 GFLOPS/s)
MUL_MAT iq4_xs m=48 n=2048 k=2560: 6 x 289.73 us = 1738.38 us (1736.85 GFLOPS/s)
MUL_MAT iq4_xs m=512 n=2048 k=2560: 2 x 612.082 us = 1224.16 us (8769.5 GFLOPS/s)
MUL_MAT iq4_xs m=6144 n=2048 k=2560: 3 x 3124.32 us = 9372.97 us (20616.3 GFLOPS/s)
MUL_MAT iq4_xs m=640 n=2048 k=2560: 8 x 696.097 us = 5568.78 us (9638.85 GFLOPS/s)
MUL_MAT q5_K m=10240 n=2048 k=2560: 3 x 4653.59 us = 13960.8 us (23068.9 GFLOPS/s)
MUL_MAT q5_K m=512 n=2048 k=2560: 1 x 625.227 us = 625.227 us (8585.14 GFLOPS/s)
MUL_MAT_ID iq4_nl m=2560 n=10 k=640 n_expert=512 batch=2048: 4 x 6777.99 us = 27112 us (9893.27 GFLOPS/s)
MUL_MAT_ID iq4_xs m=640 n=10 k=2560 n_expert=512 batch=2048: 8 x 6585.91 us = 52687.3 us (10187.8 GFLOPS/s)
RELU: 1 x 174.732 us = 174.732 us
REPEAT: 8 x 674.09 us = 5392.72 us
RMS_NORM(2560,4,2048,1): 8 x 872.963 us = 6983.71 us
RMS_NORM_MUL RMS_NORM(128,1,512,1): 1 x 7.213 us = 7.213 us
RMS_NORM_MUL RMS_NORM(128,4,2048,1): 1 x 76.585 us = 76.585 us
RMS_NORM_MUL RMS_NORM(128,48,2048,1): 3 x 1085.38 us = 3256.14 us
RMS_NORM_MUL RMS_NORM(256,2,2048,1): 1 x 75.263 us = 75.263 us
RMS_NORM_MUL RMS_NORM(256,24,2048,1): 1 x 680.813 us = 680.813 us
ROPE: 4 x 136.158 us = 544.634 us
SCALE: 39 x 32.776 us = 1278.29 us
SET_ROWS: 4 x 132.11 us = 528.442 us
SIGMOID: 27 x 288.432 us = 7787.66 us
SILU: 8 x 16.621 us = 132.968 us
SOFTPLUS: 3 x 5.022 us = 15.067 us
SSM_CONV_SILU SSM_CONV: 3 x 1101.97 us = 3305.92 us
SUM_ROWS: 1 x 751.748 us = 751.748 us
TOPK_MOE_EARLY_SOFTMAX_NORM SOFT_MAX: 4 x 25.668 us = 102.673 us
Total time: 293783 us.
----------------
Vulkan Timings:
ADD: 19 x 597.834 us = 11358.9 us
CONCAT: 3 x 1248.1 us = 3744.31 us
CONT: 21 x 151.584 us = 3183.28 us
CPY: 7 x 23.621 us = 165.352 us
FA_KV_DEQUANT (sub-op): 1 x 52.94 us = 52.94 us
FILL: 2 x 83.177 us = 166.355 us
FLASH_ATTN_EXT dst(256,24,2048,1),  q(256,2048,24,1),  k(256,2048,2,1),  v(256,2048,2,1),  m(2048,2048,1,1): 1 x 4464.8 us = 4464.8 us (23087.1 GFLOPS/s)
GATED_DELTA_NET: 3 x 3818.78 us = 11456.3 us
GET_ROWS: 8 x 15.774 us = 126.196 us
GLU: 8 x 363.299 us = 2906.4 us
L2_NORM: 6 x 284.506 us = 1707.04 us
MUL: 39 x 859.906 us = 33536.3 us
MULTI_ADD ADD: 13 x 767.454 us = 9976.91 us
MUL_MAT f32 m=1 n=2048 k=2560: 4 x 231.068 us = 924.274 us (45.3706 GFLOPS/s)
MUL_MAT f32 m=256 n=4096 k=256: 1 x 39.635 us = 39.635 us (13518.9 GFLOPS/s)
MUL_MAT f32 m=256 n=49152 k=256: 1 x 550.646 us = 550.646 us (11677 GFLOPS/s)
MUL_MAT f32 m=512 n=2048 k=2560: 4 x 361.797 us = 1447.19 us (14836.1 GFLOPS/s)
MUL_MAT f32 m=512 n=8192 k=128: 1 x 91.093 us = 91.093 us (11741.3 GFLOPS/s)
MUL_MAT f32 m=64 n=16384 k=64: 1 x 55.906 us = 55.906 us (2382.02 GFLOPS/s)
MUL_MAT f32 m=64 n=196608 k=64: 1 x 419.116 us = 419.116 us (3812.86 GFLOPS/s)
MUL_MAT iq4_nl m=10240 n=2048 k=320: 8 x 1102.21 us = 8817.67 us (12158.1 GFLOPS/s)
MUL_MAT iq4_nl m=2560 n=2048 k=640: 4 x 355.965 us = 1423.86 us (18837.9 GFLOPS/s)
MUL_MAT iq4_xs m=12288 n=2048 k=2560: 1 x 6294.84 us = 6294.84 us (20465 GFLOPS/s)
MUL_MAT iq4_xs m=128 n=2048 k=2560: 1 x 123.113 us = 123.113 us (10899.9 GFLOPS/s)
MUL_MAT iq4_xs m=2560 n=2048 k=6144: 4 x 4166.36 us = 16665.5 us (15461.7 GFLOPS/s)
MUL_MAT iq4_xs m=320 n=2048 k=10240: 8 x 1544.71 us = 12357.7 us (8688.44 GFLOPS/s)
MUL_MAT iq4_xs m=4 n=2048 k=10240: 8 x 1310.69 us = 10485.6 us (127.996 GFLOPS/s)
MUL_MAT iq4_xs m=48 n=2048 k=2560: 6 x 264.943 us = 1589.66 us (1899.35 GFLOPS/s)
MUL_MAT iq4_xs m=512 n=2048 k=2560: 2 x 528.123 us = 1056.25 us (10163.7 GFLOPS/s)
MUL_MAT iq4_xs m=6144 n=2048 k=2560: 3 x 2978.26 us = 8934.77 us (21627.4 GFLOPS/s)
MUL_MAT iq4_xs m=640 n=2048 k=2560: 8 x 625.548 us = 5004.39 us (10725.9 GFLOPS/s)
MUL_MAT q5_K m=10240 n=2048 k=2560: 3 x 4485.07 us = 13455.2 us (23935.7 GFLOPS/s)
MUL_MAT q5_K m=512 n=2048 k=2560: 1 x 820.278 us = 820.278 us (6543.71 GFLOPS/s)
MUL_MAT_ID iq4_nl m=2560 n=10 k=640 n_expert=512 batch=2048: 4 x 6874.36 us = 27497.4 us (9754.57 GFLOPS/s)
MUL_MAT_ID iq4_xs m=640 n=10 k=2560 n_expert=512 batch=2048: 8 x 7056.87 us = 56455 us (9507.86 GFLOPS/s)
RELU: 1 x 177.377 us = 177.377 us
REPEAT: 8 x 658.936 us = 5271.49 us
RMS_NORM(2560,4,2048,1): 8 x 846.287 us = 6770.3 us
RMS_NORM_MUL RMS_NORM(128,1,512,1): 1 x 7.293 us = 7.293 us
RMS_NORM_MUL RMS_NORM(128,4,2048,1): 1 x 74.1 us = 74.1 us
RMS_NORM_MUL RMS_NORM(128,48,2048,1): 3 x 1048.92 us = 3146.78 us
RMS_NORM_MUL RMS_NORM(256,2,2048,1): 1 x 52.9 us = 52.9 us
RMS_NORM_MUL RMS_NORM(256,24,2048,1): 1 x 693.116 us = 693.116 us
ROPE: 4 x 133.202 us = 532.809 us
SCALE: 39 x 32.606 us = 1271.63 us
SET_ROWS: 4 x 78.819 us = 315.278 us
SIGMOID: 27 x 284.629 us = 7684.99 us
SILU: 8 x 16.721 us = 133.771 us
SOFTPLUS: 3 x 4.862 us = 14.586 us
SSM_CONV_SILU SSM_CONV: 3 x 1156.1 us = 3468.31 us
SUM_ROWS: 1 x 746.338 us = 746.338 us
TOPK_MOE_EARLY_SOFTMAX_NORM SOFT_MAX: 4 x 25.818 us = 103.274 us
Total time: 287818 us.
----------------
Vulkan Timings:
ADD: 19 x 601.993 us = 11437.9 us
CONCAT: 3 x 1241.13 us = 3723.39 us
CONT: 21 x 152.227 us = 3196.78 us
CPY: 7 x 23.1 us = 161.705 us
FA_KV_DEQUANT (sub-op): 1 x 51.658 us = 51.658 us
FILL: 2 x 80.031 us = 160.063 us
FLASH_ATTN_EXT dst(256,24,2048,1),  q(256,2048,24,1),  k(256,2048,2,1),  v(256,2048,2,1),  m(2048,2048,1,1): 1 x 4330.67 us = 4330.67 us (23802.2 GFLOPS/s)
GATED_DELTA_NET: 3 x 3845.96 us = 11537.9 us
GET_ROWS: 8 x 15.353 us = 122.829 us
GLU: 8 x 361.606 us = 2892.85 us
L2_NORM: 6 x 283.792 us = 1702.75 us
MUL: 39 x 858.713 us = 33489.8 us
MULTI_ADD ADD: 13 x 762.824 us = 9916.72 us
MUL_MAT f32 m=1 n=2048 k=2560: 4 x 235.076 us = 940.305 us (44.5971 GFLOPS/s)
MUL_MAT f32 m=256 n=4096 k=256: 1 x 39.755 us = 39.755 us (13478.1 GFLOPS/s)
MUL_MAT f32 m=256 n=49152 k=256: 1 x 548.281 us = 548.281 us (11727.3 GFLOPS/s)
MUL_MAT f32 m=512 n=2048 k=2560: 4 x 362.698 us = 1450.8 us (14799.2 GFLOPS/s)
MUL_MAT f32 m=512 n=8192 k=128: 1 x 80.112 us = 80.112 us (13350.7 GFLOPS/s)
MUL_MAT f32 m=64 n=16384 k=64: 1 x 55.345 us = 55.345 us (2406.16 GFLOPS/s)
MUL_MAT f32 m=64 n=196608 k=64: 1 x 417.112 us = 417.112 us (3831.18 GFLOPS/s)
MUL_MAT iq4_nl m=10240 n=2048 k=320: 8 x 1098.11 us = 8784.89 us (12203.5 GFLOPS/s)
MUL_MAT iq4_nl m=2560 n=2048 k=640: 4 x 345.185 us = 1380.74 us (19426.2 GFLOPS/s)
MUL_MAT iq4_xs m=12288 n=2048 k=2560: 1 x 6073.34 us = 6073.34 us (21211.4 GFLOPS/s)
MUL_MAT iq4_xs m=128 n=2048 k=2560: 1 x 143.913 us = 143.913 us (9324.49 GFLOPS/s)
MUL_MAT iq4_xs m=2560 n=2048 k=6144: 4 x 4281.54 us = 17126.2 us (15045.8 GFLOPS/s)
MUL_MAT iq4_xs m=320 n=2048 k=10240: 8 x 1539.64 us = 12317.2 us (8717.02 GFLOPS/s)
MUL_MAT iq4_xs m=4 n=2048 k=10240: 8 x 1330.17 us = 10641.4 us (126.122 GFLOPS/s)
MUL_MAT iq4_xs m=48 n=2048 k=2560: 6 x 268.249 us = 1609.49 us (1875.94 GFLOPS/s)
MUL_MAT iq4_xs m=512 n=2048 k=2560: 2 x 381.905 us = 763.81 us (14055 GFLOPS/s)
MUL_MAT iq4_xs m=6144 n=2048 k=2560: 3 x 2993.18 us = 8979.54 us (21519.6 GFLOPS/s)
MUL_MAT iq4_xs m=640 n=2048 k=2560: 8 x 612.583 us = 4900.67 us (10952.9 GFLOPS/s)
MUL_MAT q5_K m=10240 n=2048 k=2560: 3 x 4835.48 us = 14506.4 us (22201.1 GFLOPS/s)
MUL_MAT q5_K m=512 n=2048 k=2560: 1 x 372.267 us = 372.267 us (14418.8 GFLOPS/s)
MUL_MAT_ID iq4_nl m=2560 n=10 k=640 n_expert=512 batch=2048: 4 x 6238.54 us = 24954.2 us (10748.7 GFLOPS/s)
MUL_MAT_ID iq4_xs m=640 n=10 k=2560 n_expert=512 batch=2048: 8 x 6257.81 us = 50062.5 us (10721.9 GFLOPS/s)
RELU: 1 x 187.115 us = 187.115 us
REPEAT: 8 x 663.349 us = 5306.8 us
RMS_NORM(2560,4,2048,1): 8 x 846.312 us = 6770.5 us
RMS_NORM_MUL RMS_NORM(128,1,512,1): 1 x 6.853 us = 6.853 us
RMS_NORM_MUL RMS_NORM(128,4,2048,1): 1 x 76.946 us = 76.946 us
RMS_NORM_MUL RMS_NORM(128,48,2048,1): 3 x 1031.33 us = 3094 us
RMS_NORM_MUL RMS_NORM(256,2,2048,1): 1 x 52.179 us = 52.179 us
RMS_NORM_MUL RMS_NORM(256,24,2048,1): 1 x 683.939 us = 683.939 us
ROPE: 4 x 138.753 us = 555.013 us
SCALE: 39 x 35.431 us = 1381.85 us
SET_ROWS: 4 x 132.24 us = 528.963 us
SIGMOID: 27 x 280.824 us = 7582.27 us
SILU: 8 x 16.991 us = 135.933 us
SOFTPLUS: 3 x 4.755 us = 14.265 us
SSM_CONV_SILU SSM_CONV: 3 x 1148.63 us = 3445.91 us
SUM_ROWS: 1 x 733.353 us = 733.353 us
TOPK_MOE_EARLY_SOFTMAX_NORM SOFT_MAX: 4 x 26.85 us = 107.402 us
Total time: 279536 us.
----------------
Vulkan Timings:
ADD: 4 x 709.076 us = 2836.31 us
ARGSORT: 1 x 128.844 us = 128.844 us
CLAMP: 1 x 2.364 us = 2.364 us
CONT: 4 x 343.522 us = 1374.09 us
DIV: 1 x 2.404 us = 2.404 us
FA_KV_DEQUANT (sub-op): 1 x 52.499 us = 52.499 us
FILL: 1 x 130.047 us = 130.047 us
FLASH_ATTN_EXT dst(256,24,2048,1),  q(256,2048,24,1),  k(256,2048,2,1),  v(256,2048,2,1),  m(2048,2048,1,1): 1 x 4458.19 us = 4458.19 us (23121.3 GFLOPS/s)
GET_ROWS: 1 x 59.833 us = 59.833 us
GLU: 2 x 567.377 us = 1134.76 us
MUL: 9 x 938.369 us = 8445.32 us
MULTI_ADD ADD: 3 x 852.94 us = 2558.82 us
MUL_MAT f32 m=1 n=2048 k=2560: 1 x 255.325 us = 255.325 us (41.0603 GFLOPS/s)
MUL_MAT f32 m=512 n=2048 k=2560: 1 x 310.189 us = 310.189 us (17304.5 GFLOPS/s)
MUL_MAT f32 m=64 n=196608 k=64: 1 x 416.992 us = 416.992 us (3832.28 GFLOPS/s)
MUL_MAT iq4_nl m=10240 n=2048 k=320: 2 x 1095.4 us = 2190.8 us (12233.7 GFLOPS/s)
MUL_MAT iq4_nl m=2560 n=2048 k=640: 1 x 298.206 us = 298.206 us (22486.6 GFLOPS/s)
MUL_MAT iq4_xs m=2560 n=2048 k=6144: 1 x 3268.17 us = 3268.17 us (19711.1 GFLOPS/s)
MUL_MAT iq4_xs m=320 n=2048 k=10240: 2 x 1507.78 us = 3015.57 us (8901.22 GFLOPS/s)
MUL_MAT iq4_xs m=4 n=2048 k=10240: 2 x 1376.03 us = 2752.07 us (121.918 GFLOPS/s)
MUL_MAT iq4_xs m=640 n=2048 k=2560: 2 x 584.389 us = 1168.78 us (11481.3 GFLOPS/s)
MUL_MAT_ID iq4_nl m=2560 n=10 k=640 n_expert=512 batch=2048: 1 x 6486.24 us = 6486.24 us (10338.3 GFLOPS/s)
MUL_MAT_ID iq4_xs m=640 n=10 k=2560 n_expert=512 batch=2048: 2 x 4778.82 us = 9557.64 us (14040.2 GFLOPS/s)
REPEAT: 2 x 659.633 us = 1319.27 us
RMS_NORM(2560,4,2048,1): 2 x 787.856 us = 1575.71 us
SCALE: 8 x 39.68 us = 317.44 us
SET_ROWS: 1 x 473.7 us = 473.7 us
SIGMOID: 6 x 300.918 us = 1805.51 us
SILU: 2 x 17.172 us = 34.344 us
SUM_ROWS: 1 x 4.127 us = 4.127 us
TOPK_MOE_EARLY_SOFTMAX_NORM SOFT_MAX: 1 x 25.247 us = 25.247 us
Total time: 56458.8 us.
----------------
Vulkan Timings:
ABS: 1 x 2.484 us = 2.484 us
ADD: 16 x 647.569 us = 10361.1 us
ARGSORT: 3 x 131.89 us = 395.671 us
CLAMP: 4 x 2.274 us = 9.096 us
CONCAT: 4 x 1256.89 us = 5027.55 us
CONT: 28 x 365.317 us = 10228.9 us
CPY: 12 x 32.284 us = 387.411 us
DIV: 3 x 2.417 us = 7.252 us
FILL: 1 x 41.599 us = 41.599 us
GATED_DELTA_NET: 3 x 3858.08 us = 11574.2 us
GET_ROWS: 12 x 36.949 us = 443.395 us
GLU: 6 x 389.706 us = 2338.24 us
L2_NORM: 6 x 295.454 us = 1772.72 us
MUL: 42 x 867.218 us = 36423.2 us
MULTI_ADD ADD: 13 x 880.931 us = 11452.1 us
MUL_MAT f32 m=1 n=2048 k=2560: 3 x 269.939 us = 809.817 us (38.8373 GFLOPS/s)
MUL_MAT f32 m=1024 n=8192 k=128: 1 x 455.946 us = 455.946 us (4691.55 GFLOPS/s)
MUL_MAT f32 m=256 n=4096 k=256: 1 x 40.757 us = 40.757 us (13146.8 GFLOPS/s)
MUL_MAT f32 m=256 n=49152 k=256: 1 x 582.266 us = 582.266 us (11042.8 GFLOPS/s)
MUL_MAT f32 m=512 n=2048 k=2560: 3 x 358.721 us = 1076.16 us (14963.3 GFLOPS/s)
MUL_MAT f32 m=64 n=16384 k=64: 1 x 57.429 us = 57.429 us (2318.85 GFLOPS/s)
MUL_MAT iq4_nl m=10240 n=2048 k=320: 7 x 1884.35 us = 13190.4 us (7111.65 GFLOPS/s)
MUL_MAT iq4_nl m=2560 n=2048 k=640: 3 x 381.671 us = 1145.02 us (17569.1 GFLOPS/s)
MUL_MAT iq4_xs m=10240 n=2048 k=2560: 1 x 5255.67 us = 5255.67 us (20426.2 GFLOPS/s)
MUL_MAT iq4_xs m=12288 n=2048 k=2560: 1 x 6297.69 us = 6297.69 us (20455.7 GFLOPS/s)
MUL_MAT iq4_xs m=128 n=2048 k=2560: 1 x 131.569 us = 131.569 us (10199.3 GFLOPS/s)
MUL_MAT iq4_xs m=2560 n=2048 k=2560: 1 x 1208.17 us = 1208.17 us (22213.9 GFLOPS/s)
MUL_MAT iq4_xs m=2560 n=2048 k=6144: 3 x 4325.66 us = 12977 us (14892.4 GFLOPS/s)
MUL_MAT iq4_xs m=320 n=2048 k=10240: 7 x 2112.69 us = 14788.8 us (6352.63 GFLOPS/s)
MUL_MAT iq4_xs m=4 n=2048 k=10240: 6 x 1322.82 us = 7936.92 us (126.823 GFLOPS/s)
MUL_MAT iq4_xs m=48 n=2048 k=2560: 6 x 243.281 us = 1459.69 us (2068.46 GFLOPS/s)
MUL_MAT iq4_xs m=512 n=2048 k=2560: 2 x 725.758 us = 1451.52 us (7395.93 GFLOPS/s)
MUL_MAT iq4_xs m=6144 n=2048 k=2560: 3 x 2964.91 us = 8894.74 us (21724.7 GFLOPS/s)
MUL_MAT iq4_xs m=640 n=2048 k=2560: 6 x 680.205 us = 4081.23 us (9864.04 GFLOPS/s)
MUL_MAT q5_K m=10240 n=2048 k=2560: 3 x 5397.23 us = 16191.7 us (19890.4 GFLOPS/s)
MUL_MAT q5_K m=512 n=2048 k=2560: 1 x 620.899 us = 620.899 us (8644.98 GFLOPS/s)
MUL_MAT_ID iq4_nl m=2560 n=10 k=640 n_expert=512 batch=2048: 3 x 5756.94 us = 17270.8 us (11647.9 GFLOPS/s)
MUL_MAT_ID iq4_xs m=640 n=10 k=2560 n_expert=512 batch=2048: 6 x 3774.38 us = 22646.3 us (17776.6 GFLOPS/s)
RELU: 1 x 328.383 us = 328.383 us
REPEAT: 8 x 787.295 us = 6298.36 us
RMS_NORM(2560,4,2048,1): 10 x 907.091 us = 9070.91 us
RMS_NORM_MUL RMS_NORM(128,1,1024,1): 1 x 11.381 us = 11.381 us
RMS_NORM_MUL RMS_NORM(128,4,2048,1): 1 x 69.371 us = 69.371 us
RMS_NORM_MUL RMS_NORM(128,48,2048,1): 3 x 1038.43 us = 3115.28 us
RMS_NORM_MUL RMS_NORM(256,2,2048,1): 1 x 54.663 us = 54.663 us
RMS_NORM_MUL RMS_NORM(256,24,2048,1): 1 x 697.685 us = 697.685 us
ROPE: 4 x 136.469 us = 545.876 us
SCALE: 28 x 37.492 us = 1049.78 us
SET_ROWS: 3 x 16.47 us = 49.412 us
SGN: 1 x 2.364 us = 2.364 us
SIGMOID: 23 x 292.532 us = 6728.25 us
SILU: 8 x 96.472 us = 771.781 us
SOFTPLUS: 3 x 4.955 us = 14.867 us
SQRT: 1 x 2.404 us = 2.404 us
SSM_CONV_SILU SSM_CONV: 3 x 1274.57 us = 3823.7 us
SUM_ROWS: 5 x 430.978 us = 2154.89 us
TOPK_MOE_EARLY_SOFTMAX_NORM SOFT_MAX: 3 x 25.635 us = 76.905 us
Total time: 263902 us.
----------------
Vulkan Timings:
ADD: 19 x 651.057 us = 12370.1 us
CONCAT: 3 x 1250.15 us = 3750.45 us
CONT: 21 x 293.92 us = 6172.32 us
CPY: 7 x 52.259 us = 365.813 us
FA_KV_DEQUANT (sub-op): 1 x 326.009 us = 326.009 us
FILL: 2 x 47.329 us = 94.659 us
FLASH_ATTN_EXT dst(256,24,2048,1),  q(256,2048,24,1),  k(256,4096,2,1),  v(256,4096,2,1),  m(4096,2048,1,1): 1 x 13141.4 us = 13141.4 us (15687.6 GFLOPS/s)
GATED_DELTA_NET: 3 x 3640.2 us = 10920.6 us
GET_ROWS: 8 x 35.777 us = 286.221 us
GLU: 8 x 404.147 us = 3233.18 us
L2_NORM: 6 x 291.9 us = 1751.4 us
MUL: 39 x 911.22 us = 35537.6 us
MULTI_ADD ADD: 13 x 790.412 us = 10275.4 us
MUL_MAT f32 m=1 n=2048 k=2560: 4 x 279.169 us = 1116.68 us (37.5532 GFLOPS/s)
MUL_MAT f32 m=1024 n=8192 k=128: 1 x 427.011 us = 427.011 us (5009.46 GFLOPS/s)
MUL_MAT f32 m=256 n=4096 k=256: 1 x 41.679 us = 41.679 us (12855.9 GFLOPS/s)
MUL_MAT f32 m=256 n=49152 k=256: 1 x 612.483 us = 612.483 us (10498 GFLOPS/s)
MUL_MAT f32 m=512 n=2048 k=2560: 4 x 357.559 us = 1430.24 us (15012 GFLOPS/s)
MUL_MAT f32 m=64 n=16384 k=64: 1 x 57.108 us = 57.108 us (2331.88 GFLOPS/s)
MUL_MAT f32 m=64 n=196608 k=64: 1 x 401.603 us = 401.603 us (3979.13 GFLOPS/s)
MUL_MAT iq4_nl m=10240 n=2048 k=320: 8 x 1898.81 us = 15190.5 us (7057.46 GFLOPS/s)
MUL_MAT iq4_nl m=2560 n=2048 k=640: 4 x 375.843 us = 1503.38 us (17841.6 GFLOPS/s)
MUL_MAT iq4_xs m=12288 n=2048 k=2560: 1 x 6201.82 us = 6201.82 us (20771.9 GFLOPS/s)
MUL_MAT iq4_xs m=128 n=2048 k=2560: 1 x 122.192 us = 122.192 us (10982 GFLOPS/s)
MUL_MAT iq4_xs m=2560 n=2048 k=6144: 4 x 4206.18 us = 16824.7 us (15315.4 GFLOPS/s)
MUL_MAT iq4_xs m=320 n=2048 k=10240: 8 x 2111.62 us = 16893 us (6355.83 GFLOPS/s)
MUL_MAT iq4_xs m=4 n=2048 k=10240: 8 x 1390.31 us = 11122.4 us (120.667 GFLOPS/s)
MUL_MAT iq4_xs m=48 n=2048 k=2560: 6 x 248.298 us = 1489.79 us (2026.67 GFLOPS/s)
MUL_MAT iq4_xs m=512 n=2048 k=2560: 2 x 545.115 us = 1090.23 us (9846.83 GFLOPS/s)
MUL_MAT iq4_xs m=6144 n=2048 k=2560: 3 x 2985.16 us = 8955.49 us (21577.3 GFLOPS/s)
MUL_MAT iq4_xs m=640 n=2048 k=2560: 8 x 717.462 us = 5739.7 us (9351.81 GFLOPS/s)
MUL_MAT q5_K m=10240 n=2048 k=2560: 3 x 5785.11 us = 17355.3 us (18556.8 GFLOPS/s)
MUL_MAT q5_K m=512 n=2048 k=2560: 1 x 675.523 us = 675.523 us (7945.93 GFLOPS/s)
MUL_MAT_ID iq4_nl m=2560 n=10 k=640 n_expert=512 batch=2048: 4 x 5937.03 us = 23748.1 us (11294.6 GFLOPS/s)
MUL_MAT_ID iq4_xs m=640 n=10 k=2560 n_expert=512 batch=2048: 8 x 3872.72 us = 30981.8 us (17325.2 GFLOPS/s)
RELU: 1 x 322.572 us = 322.572 us
REPEAT: 8 x 666.576 us = 5332.61 us
RMS_NORM(2560,4,2048,1): 8 x 900.946 us = 7207.57 us
RMS_NORM_MUL RMS_NORM(128,1,1024,1): 1 x 11.541 us = 11.541 us
RMS_NORM_MUL RMS_NORM(128,4,2048,1): 1 x 77.587 us = 77.587 us
RMS_NORM_MUL RMS_NORM(128,48,2048,1): 3 x 1039.35 us = 3118.04 us
RMS_NORM_MUL RMS_NORM(256,2,2048,1): 1 x 54.663 us = 54.663 us
RMS_NORM_MUL RMS_NORM(256,24,2048,1): 1 x 711.952 us = 711.952 us
ROPE: 4 x 128.123 us = 512.492 us
SCALE: 33 x 33.603 us = 1108.93 us
SET_ROWS: 4 x 75.974 us = 303.896 us
SIGMOID: 27 x 290.952 us = 7855.71 us
SILU: 8 x 16.982 us = 135.856 us
SOFTPLUS: 3 x 4.835 us = 14.507 us
SSM_CONV_SILU SSM_CONV: 3 x 1267.5 us = 3802.5 us
SUM_ROWS: 1 x 1626.53 us = 1626.53 us
TOPK_MOE_EARLY_SOFTMAX_NORM SOFT_MAX: 4 x 25.918 us = 103.674 us
Total time: 292507 us.
----------------
Vulkan Timings:
ADD: 19 x 665.938 us = 12652.8 us
ARGSORT: 4 x 129.185 us = 516.74 us
CLAMP: 4 x 2.324 us = 9.296 us
CONCAT: 3 x 1274.66 us = 3823.99 us
CONT: 21 x 275.741 us = 5790.56 us
CPY: 7 x 49.929 us = 349.503 us
DIV: 4 x 2.454 us = 9.817 us
FA_KV_DEQUANT (sub-op): 1 x 97.224 us = 97.224 us
FILL: 2 x 136.699 us = 273.398 us
FLASH_ATTN_EXT dst(256,24,2048,1),  q(256,2048,24,1),  k(256,4096,2,1),  v(256,4096,2,1),  m(4096,2048,1,1): 1 x 11189.3 us = 11189.3 us (18424.6 GFLOPS/s)
GATED_DELTA_NET: 3 x 3812.23 us = 11436.7 us
GET_ROWS: 12 x 42.086 us = 505.034 us
GLU: 8 x 382.511 us = 3060.09 us
L2_NORM: 6 x 288.794 us = 1732.77 us
MUL: 39 x 960.931 us = 37476.3 us
MULTI_ADD ADD: 13 x 787.896 us = 10242.7 us
MUL_MAT f32 m=1 n=2048 k=2560: 4 x 251.096 us = 1004.39 us (41.7517 GFLOPS/s)
MUL_MAT f32 m=1024 n=8192 k=128: 1 x 163.109 us = 163.109 us (13114.5 GFLOPS/s)
MUL_MAT f32 m=256 n=4096 k=256: 1 x 42.24 us = 42.24 us (12685.2 GFLOPS/s)
MUL_MAT f32 m=256 n=49152 k=256: 1 x 588.678 us = 588.678 us (10922.6 GFLOPS/s)
MUL_MAT f32 m=512 n=2048 k=2560: 4 x 326.499 us = 1306 us (16440 GFLOPS/s)
MUL_MAT f32 m=64 n=16384 k=64: 1 x 58.35 us = 58.35 us (2282.25 GFLOPS/s)
MUL_MAT f32 m=64 n=196608 k=64: 1 x 403.045 us = 403.045 us (3964.89 GFLOPS/s)
MUL_MAT iq4_nl m=10240 n=2048 k=320: 8 x 1881.45 us = 15051.6 us (7122.58 GFLOPS/s)
MUL_MAT iq4_nl m=2560 n=2048 k=640: 4 x 360.624 us = 1442.5 us (18594.5 GFLOPS/s)
MUL_MAT iq4_xs m=12288 n=2048 k=2560: 1 x 6253.12 us = 6253.12 us (20601.5 GFLOPS/s)
MUL_MAT iq4_xs m=128 n=2048 k=2560: 1 x 121.43 us = 121.43 us (11050.9 GFLOPS/s)
MUL_MAT iq4_xs m=2560 n=2048 k=6144: 4 x 4478.57 us = 17914.3 us (14383.9 GFLOPS/s)
MUL_MAT iq4_xs m=320 n=2048 k=10240: 8 x 2164.55 us = 17316.4 us (6200.43 GFLOPS/s)
MUL_MAT iq4_xs m=4 n=2048 k=10240: 8 x 1351.85 us = 10814.8 us (124.1 GFLOPS/s)
MUL_MAT iq4_xs m=48 n=2048 k=2560: 6 x 251.524 us = 1509.14 us (2000.68 GFLOPS/s)
MUL_MAT iq4_xs m=512 n=2048 k=2560: 2 x 580.202 us = 1160.4 us (9251.37 GFLOPS/s)
MUL_MAT iq4_xs m=6144 n=2048 k=2560: 3 x 3041.12 us = 9123.37 us (21180.3 GFLOPS/s)
MUL_MAT iq4_xs m=640 n=2048 k=2560: 8 x 636.849 us = 5094.8 us (10535.6 GFLOPS/s)
MUL_MAT q5_K m=10240 n=2048 k=2560: 3 x 5447.12 us = 16341.4 us (19708.2 GFLOPS/s)
MUL_MAT q5_K m=512 n=2048 k=2560: 1 x 834.385 us = 834.385 us (6433.07 GFLOPS/s)
MUL_MAT_ID iq4_nl m=2560 n=10 k=640 n_expert=512 batch=2048: 4 x 5364.33 us = 21457.3 us (12500.4 GFLOPS/s)
MUL_MAT_ID iq4_xs m=640 n=10 k=2560 n_expert=512 batch=2048: 8 x 3991.01 us = 31928.1 us (16811.7 GFLOPS/s)
RELU: 1 x 332.952 us = 332.952 us
REPEAT: 8 x 658.175 us = 5265.4 us
RMS_NORM(2560,4,2048,1): 8 x 881.434 us = 7051.47 us
RMS_NORM_MUL RMS_NORM(128,1,1024,1): 1 x 11.582 us = 11.582 us
RMS_NORM_MUL RMS_NORM(128,4,2048,1): 1 x 75.743 us = 75.743 us
RMS_NORM_MUL RMS_NORM(128,48,2048,1): 3 x 1057.5 us = 3172.51 us
RMS_NORM_MUL RMS_NORM(256,2,2048,1): 1 x 55.545 us = 55.545 us
RMS_NORM_MUL RMS_NORM(256,24,2048,1): 1 x 715.319 us = 715.319 us
ROPE: 4 x 129.696 us = 518.784 us
SCALE: 33 x 33.444 us = 1103.68 us
SET_ROWS: 4 x 136.579 us = 546.317 us
SIGMOID: 27 x 294.663 us = 7955.9 us
SILU: 8 x 16.706 us = 133.649 us
SOFTPLUS: 3 x 4.782 us = 14.346 us
SSM_CONV_SILU SSM_CONV: 3 x 1115.77 us = 3347.32 us
SUM_ROWS: 5 x 332.142 us = 1660.71 us
TOPK_MOE_EARLY_SOFTMAX_NORM SOFT_MAX: 4 x 22.772 us = 91.091 us
Total time: 291147 us.
----------------
Vulkan Timings:
ADD: 19 x 625.223 us = 11879.2 us
CONCAT: 3 x 1259.65 us = 3778.94 us
CONT: 21 x 303.476 us = 6373 us
CPY: 7 x 51.262 us = 358.839 us
FA_KV_DEQUANT (sub-op): 1 x 100.07 us = 100.07 us
FILL: 2 x 139.389 us = 278.778 us
FLASH_ATTN_EXT dst(256,24,2048,1),  q(256,2048,24,1),  k(256,4096,2,1),  v(256,4096,2,1),  m(4096,2048,1,1): 1 x 12873.5 us = 12873.5 us (16014.1 GFLOPS/s)
GATED_DELTA_NET: 3 x 3792.67 us = 11378 us
GET_ROWS: 8 x 33.407 us = 267.263 us
GLU: 8 x 369.837 us = 2958.7 us
L2_NORM: 6 x 297.865 us = 1787.19 us
MUL: 39 x 885.652 us = 34540.4 us
MULTI_ADD ADD: 13 x 783.392 us = 10184.1 us
MUL_MAT f32 m=1 n=2048 k=2560: 4 x 260.364 us = 1041.46 us (40.2656 GFLOPS/s)
MUL_MAT f32 m=1024 n=8192 k=128: 1 x 432.702 us = 432.702 us (4943.58 GFLOPS/s)
MUL_MAT f32 m=256 n=4096 k=256: 1 x 35.186 us = 35.186 us (15228.3 GFLOPS/s)
MUL_MAT f32 m=256 n=49152 k=256: 1 x 543.031 us = 543.031 us (11840.7 GFLOPS/s)
MUL_MAT f32 m=512 n=2048 k=2560: 4 x 357.899 us = 1431.6 us (14997.7 GFLOPS/s)
MUL_MAT f32 m=64 n=16384 k=64: 1 x 56.306 us = 56.306 us (2365.1 GFLOPS/s)
MUL_MAT f32 m=64 n=196608 k=64: 1 x 412.744 us = 412.744 us (3871.72 GFLOPS/s)
MUL_MAT iq4_nl m=10240 n=2048 k=320: 8 x 1877.79 us = 15022.3 us (7136.47 GFLOPS/s)
MUL_MAT iq4_nl m=2560 n=2048 k=640: 4 x 361.696 us = 1446.79 us (18539.4 GFLOPS/s)
MUL_MAT iq4_xs m=12288 n=2048 k=2560: 1 x 6273.72 us = 6273.72 us (20533.9 GFLOPS/s)
MUL_MAT iq4_xs m=128 n=2048 k=2560: 1 x 132.211 us = 132.211 us (10149.8 GFLOPS/s)
MUL_MAT iq4_xs m=2560 n=2048 k=6144: 4 x 3477.08 us = 13908.3 us (18526.8 GFLOPS/s)
MUL_MAT iq4_xs m=320 n=2048 k=10240: 8 x 2167.27 us = 17338.1 us (6192.64 GFLOPS/s)
MUL_MAT iq4_xs m=4 n=2048 k=10240: 8 x 1341.46 us = 10731.7 us (125.06 GFLOPS/s)
MUL_MAT iq4_xs m=48 n=2048 k=2560: 6 x 249.366 us = 1496.2 us (2017.99 GFLOPS/s)
MUL_MAT iq4_xs m=512 n=2048 k=2560: 2 x 733.794 us = 1467.59 us (7314.94 GFLOPS/s)
MUL_MAT iq4_xs m=6144 n=2048 k=2560: 3 x 3029.68 us = 9089.03 us (21260.3 GFLOPS/s)
MUL_MAT iq4_xs m=640 n=2048 k=2560: 8 x 696.873 us = 5574.99 us (9628.11 GFLOPS/s)
MUL_MAT q5_K m=10240 n=2048 k=2560: 3 x 6199.85 us = 18599.5 us (17315.5 GFLOPS/s)
MUL_MAT q5_K m=512 n=2048 k=2560: 1 x 746.298 us = 746.298 us (7192.38 GFLOPS/s)
MUL_MAT_ID iq4_nl m=2560 n=10 k=640 n_expert=512 batch=2048: 4 x 5389.17 us = 21556.7 us (12442.8 GFLOPS/s)
MUL_MAT_ID iq4_xs m=640 n=10 k=2560 n_expert=512 batch=2048: 8 x 4372.38 us = 34979.1 us (15345.4 GFLOPS/s)
RELU: 1 x 351.427 us = 351.427 us
REPEAT: 8 x 664.697 us = 5317.58 us
RMS_NORM(2560,4,2048,1): 8 x 879.38 us = 7035.04 us
RMS_NORM_MUL RMS_NORM(128,1,1024,1): 1 x 11.702 us = 11.702 us
RMS_NORM_MUL RMS_NORM(128,4,2048,1): 1 x 79.751 us = 79.751 us
RMS_NORM_MUL RMS_NORM(128,48,2048,1): 3 x 1032.27 us = 3096.8 us
RMS_NORM_MUL RMS_NORM(256,2,2048,1): 1 x 55.184 us = 55.184 us
RMS_NORM_MUL RMS_NORM(256,24,2048,1): 1 x 713.916 us = 713.916 us
ROPE: 4 x 135.407 us = 541.628 us
SCALE: 33 x 34.547 us = 1140.07 us
SET_ROWS: 4 x 109.021 us = 436.087 us
SIGMOID: 27 x 319.911 us = 8637.6 us
SILU: 8 x 16.826 us = 134.612 us
SOFTPLUS: 3 x 4.795 us = 14.385 us
SSM_CONV_SILU SSM_CONV: 3 x 1263.65 us = 3790.96 us
SUM_ROWS: 1 x 1628.97 us = 1628.97 us
TOPK_MOE_EARLY_SOFTMAX_NORM SOFT_MAX: 4 x 26.71 us = 106.841 us
Total time: 292166 us.
----------------
Vulkan Timings:
ADD: 19 x 619.95 us = 11779.1 us
CONCAT: 3 x 1252.01 us = 3756.01 us
CONT: 21 x 291.65 us = 6124.67 us
CPY: 7 x 50.924 us = 356.474 us
FA_KV_DEQUANT (sub-op): 1 x 96.182 us = 96.182 us
FILL: 2 x 46.788 us = 93.577 us
FLASH_ATTN_EXT dst(256,24,2048,1),  q(256,2048,24,1),  k(256,4096,2,1),  v(256,4096,2,1),  m(4096,2048,1,1): 1 x 13256.6 us = 13256.6 us (15551.3 GFLOPS/s)
GATED_DELTA_NET: 3 x 3824.84 us = 11474.5 us
GET_ROWS: 8 x 37.591 us = 300.728 us
GLU: 8 x 365.959 us = 2927.68 us
L2_NORM: 6 x 292.929 us = 1757.58 us
MUL: 39 x 875.376 us = 34139.7 us
MULTI_ADD ADD: 13 x 796.044 us = 10348.6 us
MUL_MAT f32 m=1 n=2048 k=2560: 4 x 252.068 us = 1008.27 us (41.5907 GFLOPS/s)
MUL_MAT f32 m=1024 n=8192 k=128: 1 x 442.079 us = 442.079 us (4838.72 GFLOPS/s)
MUL_MAT f32 m=256 n=4096 k=256: 1 x 35.387 us = 35.387 us (15141.8 GFLOPS/s)
MUL_MAT f32 m=256 n=49152 k=256: 1 x 551.447 us = 551.447 us (11660 GFLOPS/s)
MUL_MAT f32 m=512 n=2048 k=2560: 4 x 353.37 us = 1413.48 us (15189.9 GFLOPS/s)
MUL_MAT f32 m=64 n=16384 k=64: 1 x 55.505 us = 55.505 us (2399.23 GFLOPS/s)
MUL_MAT f32 m=64 n=196608 k=64: 1 x 403.646 us = 403.646 us (3958.99 GFLOPS/s)
MUL_MAT iq4_nl m=10240 n=2048 k=320: 8 x 1889.77 us = 15118.1 us (7091.25 GFLOPS/s)
MUL_MAT iq4_nl m=2560 n=2048 k=640: 4 x 366.435 us = 1465.74 us (18299.6 GFLOPS/s)
MUL_MAT iq4_xs m=12288 n=2048 k=2560: 1 x 6242.46 us = 6242.46 us (20636.7 GFLOPS/s)
MUL_MAT iq4_xs m=128 n=2048 k=2560: 1 x 147.079 us = 147.079 us (9123.77 GFLOPS/s)
MUL_MAT iq4_xs m=2560 n=2048 k=6144: 4 x 3436.31 us = 13745.2 us (18746.6 GFLOPS/s)
MUL_MAT iq4_xs m=320 n=2048 k=10240: 8 x 2247.31 us = 17978.5 us (5972.08 GFLOPS/s)
MUL_MAT iq4_xs m=4 n=2048 k=10240: 8 x 1356.36 us = 10850.9 us (123.687 GFLOPS/s)
MUL_MAT iq4_xs m=48 n=2048 k=2560: 6 x 237.617 us = 1425.71 us (2117.76 GFLOPS/s)
MUL_MAT iq4_xs m=512 n=2048 k=2560: 2 x 600.56 us = 1201.12 us (8937.75 GFLOPS/s)
MUL_MAT iq4_xs m=6144 n=2048 k=2560: 3 x 3012.12 us = 9036.37 us (21384.2 GFLOPS/s)
MUL_MAT iq4_xs m=640 n=2048 k=2560: 8 x 586.018 us = 4688.14 us (11449.4 GFLOPS/s)
MUL_MAT q5_K m=10240 n=2048 k=2560: 3 x 6163.6 us = 18490.8 us (17417.3 GFLOPS/s)
MUL_MAT q5_K m=512 n=2048 k=2560: 1 x 645.987 us = 645.987 us (8309.24 GFLOPS/s)
MUL_MAT_ID iq4_nl m=2560 n=10 k=640 n_expert=512 batch=2048: 4 x 5508.23 us = 22032.9 us (12173.9 GFLOPS/s)
MUL_MAT_ID iq4_xs m=640 n=10 k=2560 n_expert=512 batch=2048: 8 x 4998.42 us = 39987.4 us (13423.4 GFLOPS/s)
RELU: 1 x 326.179 us = 326.179 us
REPEAT: 8 x 668.68 us = 5349.44 us
RMS_NORM(2560,4,2048,1): 8 x 866.465 us = 6931.73 us
RMS_NORM_MUL RMS_NORM(128,1,1024,1): 1 x 11.381 us = 11.381 us
RMS_NORM_MUL RMS_NORM(128,4,2048,1): 1 x 75.743 us = 75.743 us
RMS_NORM_MUL RMS_NORM(128,48,2048,1): 3 x 1027.38 us = 3082.14 us
RMS_NORM_MUL RMS_NORM(256,2,2048,1): 1 x 52.94 us = 52.94 us
RMS_NORM_MUL RMS_NORM(256,24,2048,1): 1 x 704.779 us = 704.779 us
ROPE: 4 x 133.082 us = 532.329 us
SCALE: 33 x 33.597 us = 1108.73 us
SET_ROWS: 4 x 75.072 us = 300.289 us
SIGMOID: 27 x 289.383 us = 7813.35 us
SILU: 8 x 16.931 us = 135.453 us
SOFTPLUS: 3 x 4.755 us = 14.266 us
SSM_CONV_SILU SSM_CONV: 3 x 1188.14 us = 3564.41 us
SUM_ROWS: 1 x 1631.7 us = 1631.7 us
TOPK_MOE_EARLY_SOFTMAX_NORM SOFT_MAX: 4 x 28.774 us = 115.098 us
Total time: 295128 us.
----------------
Vulkan Timings:
ADD: 19 x 623.061 us = 11838.2 us
CONCAT: 3 x 1226.85 us = 3680.55 us
CONT: 21 x 264.043 us = 5544.92 us
CPY: 7 x 49.556 us = 346.896 us
FA_KV_DEQUANT (sub-op): 1 x 100.711 us = 100.711 us
FILL: 2 x 47.069 us = 94.138 us
FLASH_ATTN_EXT dst(256,24,2048,1),  q(256,2048,24,1),  k(256,4096,2,1),  v(256,4096,2,1),  m(4096,2048,1,1): 1 x 13404.3 us = 13404.3 us (15380 GFLOPS/s)
GATED_DELTA_NET: 3 x 4011.94 us = 12035.8 us
GET_ROWS: 8 x 35.206 us = 281.653 us
GLU: 8 x 361.651 us = 2893.21 us
L2_NORM: 6 x 284.76 us = 1708.56 us
MUL: 39 x 860.885 us = 33574.5 us
MULTI_ADD ADD: 13 x 760.663 us = 9888.62 us
MUL_MAT f32 m=1 n=2048 k=2560: 4 x 250.415 us = 1001.66 us (41.8653 GFLOPS/s)
MUL_MAT f32 m=1024 n=8192 k=128: 1 x 152.529 us = 152.529 us (14024.2 GFLOPS/s)
MUL_MAT f32 m=256 n=4096 k=256: 1 x 39.394 us = 39.394 us (13601.6 GFLOPS/s)
MUL_MAT f32 m=256 n=49152 k=256: 1 x 559.783 us = 559.783 us (11486.4 GFLOPS/s)
MUL_MAT f32 m=512 n=2048 k=2560: 4 x 344.183 us = 1376.73 us (15595.3 GFLOPS/s)
MUL_MAT f32 m=64 n=16384 k=64: 1 x 56.226 us = 56.226 us (2368.46 GFLOPS/s)
MUL_MAT f32 m=64 n=196608 k=64: 1 x 410.58 us = 410.58 us (3892.13 GFLOPS/s)
MUL_MAT iq4_nl m=10240 n=2048 k=320: 8 x 1099.71 us = 8797.67 us (12185.8 GFLOPS/s)
MUL_MAT iq4_nl m=2560 n=2048 k=640: 4 x 361.967 us = 1447.87 us (18525.6 GFLOPS/s)
MUL_MAT iq4_xs m=12288 n=2048 k=2560: 1 x 6256.41 us = 6256.41 us (20590.7 GFLOPS/s)
MUL_MAT iq4_xs m=128 n=2048 k=2560: 1 x 128.684 us = 128.684 us (10428 GFLOPS/s)
MUL_MAT iq4_xs m=2560 n=2048 k=6144: 4 x 3256.43 us = 13025.7 us (19782.2 GFLOPS/s)
MUL_MAT iq4_xs m=320 n=2048 k=10240: 8 x 2010.88 us = 16087 us (6674.27 GFLOPS/s)
MUL_MAT iq4_xs m=4 n=2048 k=10240: 8 x 1331.01 us = 10648.1 us (126.042 GFLOPS/s)
MUL_MAT iq4_xs m=48 n=2048 k=2560: 6 x 244.404 us = 1466.42 us (2058.96 GFLOPS/s)
MUL_MAT iq4_xs m=512 n=2048 k=2560: 2 x 601.442 us = 1202.88 us (8924.65 GFLOPS/s)
MUL_MAT iq4_xs m=6144 n=2048 k=2560: 3 x 3050.94 us = 9152.83 us (21112.1 GFLOPS/s)
MUL_MAT iq4_xs m=640 n=2048 k=2560: 8 x 762.418 us = 6099.35 us (8800.39 GFLOPS/s)
MUL_MAT q5_K m=10240 n=2048 k=2560: 3 x 4984.5 us = 14953.5 us (21537.4 GFLOPS/s)
MUL_MAT q5_K m=512 n=2048 k=2560: 1 x 640.176 us = 640.176 us (8384.66 GFLOPS/s)
MUL_MAT_ID iq4_nl m=2560 n=10 k=640 n_expert=512 batch=2048: 4 x 5557.22 us = 22228.9 us (12066.5 GFLOPS/s)
MUL_MAT_ID iq4_xs m=640 n=10 k=2560 n_expert=512 batch=2048: 8 x 5084.07 us = 40672.6 us (13197.3 GFLOPS/s)
RELU: 1 x 319.126 us = 319.126 us
REPEAT: 8 x 665.854 us = 5326.84 us
RMS_NORM(2560,4,2048,1): 8 x 850.841 us = 6806.73 us
RMS_NORM_MUL RMS_NORM(128,1,1024,1): 1 x 11.582 us = 11.582 us
RMS_NORM_MUL RMS_NORM(128,4,2048,1): 1 x 75.102 us = 75.102 us
RMS_NORM_MUL RMS_NORM(128,48,2048,1): 3 x 1027.97 us = 3083.9 us
RMS_NORM_MUL RMS_NORM(256,2,2048,1): 1 x 54.503 us = 54.503 us
RMS_NORM_MUL RMS_NORM(256,24,2048,1): 1 x 707.985 us = 707.985 us
ROPE: 4 x 140.236 us = 560.944 us
SCALE: 33 x 35.538 us = 1172.77 us
SET_ROWS: 4 x 77.697 us = 310.788 us
SIGMOID: 27 x 281.537 us = 7601.51 us
SILU: 8 x 16.876 us = 135.013 us
SOFTPLUS: 3 x 4.768 us = 14.306 us
SSM_CONV_SILU SSM_CONV: 3 x 1133.5 us = 3400.5 us
SUM_ROWS: 1 x 1644.08 us = 1644.08 us
TOPK_MOE_EARLY_SOFTMAX_NORM SOFT_MAX: 4 x 28.854 us = 115.417 us
Total time: 283138 us.
----------------
Vulkan Timings:
ADD: 19 x 621.101 us = 11800.9 us
CONCAT: 3 x 1232.22 us = 3696.66 us
CONT: 21 x 285.517 us = 5995.86 us
CPY: 7 x 51.68 us = 361.765 us
FA_KV_DEQUANT (sub-op): 1 x 96.703 us = 96.703 us
FILL: 2 x 50.435 us = 100.871 us
FLASH_ATTN_EXT dst(256,24,2048,1),  q(256,2048,24,1),  k(256,4096,2,1),  v(256,4096,2,1),  m(4096,2048,1,1): 1 x 13794.2 us = 13794.2 us (14945.3 GFLOPS/s)
GATED_DELTA_NET: 3 x 3706.07 us = 11118.2 us
GET_ROWS: 8 x 38.863 us = 310.906 us
GLU: 8 x 362.944 us = 2903.55 us
L2_NORM: 6 x 284.086 us = 1704.52 us
MUL: 39 x 863.17 us = 33663.7 us
MULTI_ADD ADD: 13 x 760.922 us = 9891.99 us
MUL_MAT f32 m=1 n=2048 k=2560: 4 x 248.451 us = 993.805 us (42.1963 GFLOPS/s)
MUL_MAT f32 m=1024 n=8192 k=128: 1 x 418.274 us = 418.274 us (5114.1 GFLOPS/s)
MUL_MAT f32 m=256 n=4096 k=256: 1 x 40.637 us = 40.637 us (13185.6 GFLOPS/s)
MUL_MAT f32 m=256 n=49152 k=256: 1 x 598.817 us = 598.817 us (10737.6 GFLOPS/s)
MUL_MAT f32 m=512 n=2048 k=2560: 4 x 359.182 us = 1436.73 us (14944.1 GFLOPS/s)
MUL_MAT f32 m=64 n=16384 k=64: 1 x 58.23 us = 58.23 us (2286.95 GFLOPS/s)
MUL_MAT f32 m=64 n=196608 k=64: 1 x 391.343 us = 391.343 us (4083.45 GFLOPS/s)
MUL_MAT iq4_nl m=10240 n=2048 k=320: 8 x 1097.59 us = 8780.72 us (12209.3 GFLOPS/s)
MUL_MAT iq4_nl m=2560 n=2048 k=640: 4 x 364.862 us = 1459.45 us (18378.5 GFLOPS/s)
MUL_MAT iq4_xs m=12288 n=2048 k=2560: 1 x 5260.4 us = 5260.4 us (24489.4 GFLOPS/s)
MUL_MAT iq4_xs m=128 n=2048 k=2560: 1 x 131.369 us = 131.369 us (10214.9 GFLOPS/s)
MUL_MAT iq4_xs m=2560 n=2048 k=6144: 4 x 3474.53 us = 13898.1 us (18540.4 GFLOPS/s)
MUL_MAT iq4_xs m=320 n=2048 k=10240: 8 x 2220.22 us = 17761.7 us (6044.96 GFLOPS/s)
MUL_MAT iq4_xs m=4 n=2048 k=10240: 8 x 1362.08 us = 10896.7 us (123.167 GFLOPS/s)
MUL_MAT iq4_xs m=48 n=2048 k=2560: 6 x 247.349 us = 1484.1 us (2034.44 GFLOPS/s)
MUL_MAT iq4_xs m=512 n=2048 k=2560: 2 x 763.911 us = 1527.82 us (7026.55 GFLOPS/s)
MUL_MAT iq4_xs m=6144 n=2048 k=2560: 3 x 2958.15 us = 8874.46 us (21774.4 GFLOPS/s)
MUL_MAT iq4_xs m=640 n=2048 k=2560: 8 x 735.732 us = 5885.86 us (9119.59 GFLOPS/s)
MUL_MAT q5_K m=10240 n=2048 k=2560: 3 x 4644.45 us = 13933.4 us (23114.3 GFLOPS/s)
MUL_MAT q5_K m=512 n=2048 k=2560: 1 x 632.441 us = 632.441 us (8487.21 GFLOPS/s)
MUL_MAT_ID iq4_nl m=2560 n=10 k=640 n_expert=512 batch=2048: 4 x 5900.7 us = 23602.8 us (11364.1 GFLOPS/s)
MUL_MAT_ID iq4_xs m=640 n=10 k=2560 n_expert=512 batch=2048: 8 x 5758.22 us = 46065.8 us (11652.2 GFLOPS/s)
RELU: 1 x 324.977 us = 324.977 us
REPEAT: 8 x 657.228 us = 5257.83 us
RMS_NORM(2560,4,2048,1): 8 x 856.857 us = 6854.86 us
RMS_NORM_MUL RMS_NORM(128,1,1024,1): 1 x 11.622 us = 11.622 us
RMS_NORM_MUL RMS_NORM(128,4,2048,1): 1 x 76.425 us = 76.425 us
RMS_NORM_MUL RMS_NORM(128,48,2048,1): 3 x 1040.4 us = 3121.21 us
RMS_NORM_MUL RMS_NORM(256,2,2048,1): 1 x 52.82 us = 52.82 us
RMS_NORM_MUL RMS_NORM(256,24,2048,1): 1 x 686.384 us = 686.384 us
ROPE: 4 x 124.746 us = 498.986 us
SCALE: 33 x 34.877 us = 1150.97 us
SET_ROWS: 4 x 76.194 us = 304.777 us
SIGMOID: 27 x 280.934 us = 7585.24 us
SILU: 8 x 18.629 us = 149.038 us
SOFTPLUS: 3 x 4.715 us = 14.145 us
SSM_CONV_SILU SSM_CONV: 3 x 1139.34 us = 3418.01 us
SUM_ROWS: 1 x 1618.88 us = 1618.88 us
TOPK_MOE_EARLY_SOFTMAX_NORM SOFT_MAX: 4 x 25.838 us = 103.355 us
Total time: 290802 us.
----------------
Vulkan Timings:
ADD: 19 x 621.924 us = 11816.6 us
ARGSORT: 4 x 128.163 us = 512.653 us
CLAMP: 4 x 2.264 us = 9.056 us
CONCAT: 3 x 1239.1 us = 3717.3 us
CONT: 21 x 291.675 us = 6125.18 us
CPY: 7 x 52.894 us = 370.262 us
DIV: 4 x 2.504 us = 10.016 us
FA_KV_DEQUANT (sub-op): 1 x 97.585 us = 97.585 us
FILL: 2 x 144.183 us = 288.367 us
FLASH_ATTN_EXT dst(256,24,2048,1),  q(256,2048,24,1),  k(256,4096,2,1),  v(256,4096,2,1),  m(4096,2048,1,1): 1 x 13065.7 us = 13065.7 us (15778.5 GFLOPS/s)
GATED_DELTA_NET: 3 x 3834.45 us = 11503.3 us
GET_ROWS: 12 x 45.863 us = 550.361 us
GLU: 8 x 360.289 us = 2882.31 us
L2_NORM: 6 x 288.648 us = 1731.89 us
MUL: 39 x 865.664 us = 33760.9 us
MULTI_ADD ADD: 13 x 796.614 us = 10356 us
MUL_MAT f32 m=1 n=2048 k=2560: 4 x 258.46 us = 1033.84 us (40.5621 GFLOPS/s)
MUL_MAT f32 m=1024 n=8192 k=128: 1 x 458.471 us = 458.471 us (4665.72 GFLOPS/s)
MUL_MAT f32 m=256 n=4096 k=256: 1 x 40.276 us = 40.276 us (13303.8 GFLOPS/s)
MUL_MAT f32 m=256 n=49152 k=256: 1 x 574.972 us = 574.972 us (11182.9 GFLOPS/s)
MUL_MAT f32 m=512 n=2048 k=2560: 4 x 303.596 us = 1214.38 us (17680.3 GFLOPS/s)
MUL_MAT f32 m=64 n=16384 k=64: 1 x 58.07 us = 58.07 us (2293.25 GFLOPS/s)
MUL_MAT f32 m=64 n=196608 k=64: 1 x 400.32 us = 400.32 us (3991.88 GFLOPS/s)
MUL_MAT iq4_nl m=10240 n=2048 k=320: 8 x 1098.64 us = 8789.09 us (12197.7 GFLOPS/s)
MUL_MAT iq4_nl m=2560 n=2048 k=640: 4 x 287.485 us = 1149.94 us (23325.1 GFLOPS/s)
MUL_MAT iq4_xs m=12288 n=2048 k=2560: 1 x 5390.64 us = 5390.64 us (23897.7 GFLOPS/s)
MUL_MAT iq4_xs m=128 n=2048 k=2560: 1 x 110.85 us = 110.85 us (12105.7 GFLOPS/s)
MUL_MAT iq4_xs m=2560 n=2048 k=6144: 4 x 3554.54 us = 14218.2 us (18123.1 GFLOPS/s)
MUL_MAT iq4_xs m=320 n=2048 k=10240: 8 x 2214.57 us = 17716.6 us (6060.36 GFLOPS/s)
MUL_MAT iq4_xs m=4 n=2048 k=10240: 8 x 1335.48 us = 10683.8 us (125.621 GFLOPS/s)
MUL_MAT iq4_xs m=48 n=2048 k=2560: 6 x 222.075 us = 1332.45 us (2265.98 GFLOPS/s)
MUL_MAT iq4_xs m=512 n=2048 k=2560: 2 x 364.372 us = 728.744 us (14731.3 GFLOPS/s)
MUL_MAT iq4_xs m=6144 n=2048 k=2560: 3 x 2937.62 us = 8812.86 us (21926.6 GFLOPS/s)
MUL_MAT iq4_xs m=640 n=2048 k=2560: 8 x 401.287 us = 3210.3 us (16720.1 GFLOPS/s)
MUL_MAT q5_K m=10240 n=2048 k=2560: 3 x 4499.64 us = 13498.9 us (23858.2 GFLOPS/s)
MUL_MAT q5_K m=512 n=2048 k=2560: 1 x 446.568 us = 446.568 us (12019.8 GFLOPS/s)
MUL_MAT_ID iq4_nl m=2560 n=10 k=640 n_expert=512 batch=2048: 4 x 6560.28 us = 26241.1 us (10221.6 GFLOPS/s)
MUL_MAT_ID iq4_xs m=640 n=10 k=2560 n_expert=512 batch=2048: 8 x 6669.08 us = 53352.6 us (10060.7 GFLOPS/s)
RELU: 1 x 330.588 us = 330.588 us
REPEAT: 8 x 657.804 us = 5262.44 us
RMS_NORM(2560,4,2048,1): 8 x 854.693 us = 6837.55 us
RMS_NORM_MUL RMS_NORM(128,1,1024,1): 1 x 11.501 us = 11.501 us
RMS_NORM_MUL RMS_NORM(128,4,2048,1): 1 x 100.19 us = 100.19 us
RMS_NORM_MUL RMS_NORM(128,48,2048,1): 3 x 1038.29 us = 3114.88 us
RMS_NORM_MUL RMS_NORM(256,2,2048,1): 1 x 56.186 us = 56.186 us
RMS_NORM_MUL RMS_NORM(256,24,2048,1): 1 x 702.855 us = 702.855 us
ROPE: 4 x 127.782 us = 511.129 us
SCALE: 33 x 40.28 us = 1329.27 us
SET_ROWS: 4 x 111.952 us = 447.809 us
SIGMOID: 27 x 283.873 us = 7664.59 us
SILU: 8 x 16.591 us = 132.729 us
SOFTPLUS: 3 x 4.701 us = 14.105 us
SSM_CONV_SILU SSM_CONV: 3 x 1130.11 us = 3390.32 us
SUM_ROWS: 5 x 327.157 us = 1635.79 us
TOPK_MOE_EARLY_SOFTMAX_NORM SOFT_MAX: 4 x 23.624 us = 94.498 us
Total time: 297897 us.
----------------
Vulkan Timings:
ADD: 19 x 621.137 us = 11801.6 us
ARGSORT: 4 x 132.341 us = 529.364 us
CLAMP: 4 x 2.304 us = 9.216 us
CONCAT: 3 x 1245.43 us = 3736.3 us
CONT: 21 x 287.511 us = 6037.74 us
CPY: 7 x 52.43 us = 367.015 us
DIV: 4 x 2.394 us = 9.576 us
FA_KV_DEQUANT (sub-op): 1 x 99.949 us = 99.949 us
FILL: 2 x 47.89 us = 95.781 us
FLASH_ATTN_EXT dst(256,24,2048,1),  q(256,2048,24,1),  k(256,4096,2,1),  v(256,4096,2,1),  m(4096,2048,1,1): 1 x 13293.2 us = 13293.2 us (15508.6 GFLOPS/s)
GATED_DELTA_NET: 3 x 3823.86 us = 11471.6 us
GET_ROWS: 12 x 45.823 us = 549.877 us
GLU: 8 x 350.946 us = 2807.57 us
L2_NORM: 6 x 298.259 us = 1789.56 us
MUL: 39 x 862.739 us = 33646.8 us
MULTI_ADD ADD: 13 x 791.469 us = 10289.1 us
MUL_MAT f32 m=1 n=2048 k=2560: 4 x 229.415 us = 917.662 us (45.6975 GFLOPS/s)
MUL_MAT f32 m=1024 n=8192 k=128: 1 x 453.1 us = 453.1 us (4721.02 GFLOPS/s)
MUL_MAT f32 m=256 n=4096 k=256: 1 x 41.599 us = 41.599 us (12880.7 GFLOPS/s)
MUL_MAT f32 m=256 n=49152 k=256: 1 x 565.233 us = 565.233 us (11375.6 GFLOPS/s)
MUL_MAT f32 m=512 n=2048 k=2560: 4 x 311.461 us = 1245.85 us (17233.8 GFLOPS/s)
MUL_MAT f32 m=64 n=16384 k=64: 1 x 80.232 us = 80.232 us (1659.8 GFLOPS/s)
MUL_MAT f32 m=64 n=196608 k=64: 1 x 415.749 us = 415.749 us (3843.74 GFLOPS/s)
MUL_MAT iq4_nl m=10240 n=2048 k=320: 8 x 1092.93 us = 8743.41 us (12261.4 GFLOPS/s)
MUL_MAT iq4_nl m=2560 n=2048 k=640: 4 x 288.998 us = 1155.99 us (23203 GFLOPS/s)
MUL_MAT iq4_xs m=12288 n=2048 k=2560: 1 x 5431.08 us = 5431.08 us (23719.8 GFLOPS/s)
MUL_MAT iq4_xs m=128 n=2048 k=2560: 1 x 105.76 us = 105.76 us (12688.3 GFLOPS/s)
MUL_MAT iq4_xs m=2560 n=2048 k=6144: 4 x 3593.95 us = 14375.8 us (17924.4 GFLOPS/s)
MUL_MAT iq4_xs m=320 n=2048 k=10240: 8 x 2128.33 us = 17026.6 us (6305.94 GFLOPS/s)
MUL_MAT iq4_xs m=4 n=2048 k=10240: 8 x 1334.61 us = 10676.8 us (125.703 GFLOPS/s)
MUL_MAT iq4_xs m=48 n=2048 k=2560: 6 x 220.812 us = 1324.87 us (2278.94 GFLOPS/s)
MUL_MAT iq4_xs m=512 n=2048 k=2560: 2 x 392.665 us = 785.331 us (13669.8 GFLOPS/s)
MUL_MAT iq4_xs m=6144 n=2048 k=2560: 3 x 2938.22 us = 8814.67 us (21922.1 GFLOPS/s)
MUL_MAT iq4_xs m=640 n=2048 k=2560: 8 x 400.896 us = 3207.17 us (16736.4 GFLOPS/s)
MUL_MAT q5_K m=10240 n=2048 k=2560: 3 x 4482.05 us = 13446.1 us (23951.8 GFLOPS/s)
MUL_MAT q5_K m=512 n=2048 k=2560: 1 x 413.144 us = 413.144 us (12992.2 GFLOPS/s)
MUL_MAT_ID iq4_nl m=2560 n=10 k=640 n_expert=512 batch=2048: 4 x 6764.55 us = 27058.2 us (9912.92 GFLOPS/s)
MUL_MAT_ID iq4_xs m=640 n=10 k=2560 n_expert=512 batch=2048: 8 x 6822.3 us = 54578.4 us (9834.77 GFLOPS/s)
RELU: 1 x 330.227 us = 330.227 us
REPEAT: 8 x 660.198 us = 5281.59 us
RMS_NORM(2560,4,2048,1): 8 x 864.061 us = 6912.49 us
RMS_NORM_MUL RMS_NORM(128,1,1024,1): 1 x 12.543 us = 12.543 us
RMS_NORM_MUL RMS_NORM(128,4,2048,1): 1 x 82.556 us = 82.556 us
RMS_NORM_MUL RMS_NORM(128,48,2048,1): 3 x 1028.45 us = 3085.34 us
RMS_NORM_MUL RMS_NORM(256,2,2048,1): 1 x 60.715 us = 60.715 us
RMS_NORM_MUL RMS_NORM(256,24,2048,1): 1 x 730.427 us = 730.427 us
ROPE: 4 x 129.004 us = 516.019 us
SCALE: 33 x 39.025 us = 1287.83 us
SET_ROWS: 4 x 79.22 us = 316.88 us
SIGMOID: 27 x 285.781 us = 7716.09 us
SILU: 8 x 16.606 us = 132.848 us
SOFTPLUS: 3 x 4.768 us = 14.306 us
SSM_CONV_SILU SSM_CONV: 3 x 1128.17 us = 3384.51 us
SUM_ROWS: 5 x 329.425 us = 1647.13 us
TOPK_MOE_EARLY_SOFTMAX_NORM SOFT_MAX: 4 x 23.083 us = 92.334 us
Total time: 299001 us.
----------------
Vulkan Timings:
ADD: 19 x 623.845 us = 11853.1 us
CONCAT: 3 x 1229.36 us = 3688.09 us
CONT: 21 x 265.857 us = 5583 us
CPY: 7 x 49.178 us = 344.251 us
FA_KV_DEQUANT (sub-op): 1 x 99.188 us = 99.188 us
FILL: 2 x 46.267 us = 92.535 us
FLASH_ATTN_EXT dst(256,24,2048,1),  q(256,2048,24,1),  k(256,4096,2,1),  v(256,4096,2,1),  m(4096,2048,1,1): 1 x 13562.2 us = 13562.2 us (15200.9 GFLOPS/s)
GATED_DELTA_NET: 3 x 3454.62 us = 10363.8 us
GET_ROWS: 8 x 39.765 us = 318.122 us
GLU: 8 x 352.043 us = 2816.35 us
L2_NORM: 6 x 284.306 us = 1705.84 us
MUL: 39 x 865.984 us = 33773.4 us
MULTI_ADD ADD: 13 x 786.019 us = 10218.2 us
MUL_MAT f32 m=1 n=2048 k=2560: 4 x 237.751 us = 951.006 us (44.0953 GFLOPS/s)
MUL_MAT f32 m=1024 n=8192 k=128: 1 x 167.919 us = 167.919 us (12738.9 GFLOPS/s)
MUL_MAT f32 m=256 n=4096 k=256: 1 x 39.515 us = 39.515 us (13560 GFLOPS/s)
MUL_MAT f32 m=256 n=49152 k=256: 1 x 578.499 us = 578.499 us (11114.7 GFLOPS/s)
MUL_MAT f32 m=512 n=2048 k=2560: 4 x 367.477 us = 1469.91 us (14606.8 GFLOPS/s)
MUL_MAT f32 m=64 n=16384 k=64: 1 x 55.265 us = 55.265 us (2409.65 GFLOPS/s)
MUL_MAT f32 m=64 n=196608 k=64: 1 x 407.013 us = 407.013 us (3926.24 GFLOPS/s)
MUL_MAT iq4_nl m=10240 n=2048 k=320: 8 x 1099.46 us = 8795.67 us (12188.5 GFLOPS/s)
MUL_MAT iq4_nl m=2560 n=2048 k=640: 4 x 361.326 us = 1445.3 us (18558.4 GFLOPS/s)
MUL_MAT iq4_xs m=12288 n=2048 k=2560: 1 x 5596.79 us = 5596.79 us (23017.4 GFLOPS/s)
MUL_MAT iq4_xs m=128 n=2048 k=2560: 1 x 133.814 us = 133.814 us (10028.2 GFLOPS/s)
MUL_MAT iq4_xs m=2560 n=2048 k=6144: 4 x 4420.47 us = 17681.9 us (14572.9 GFLOPS/s)
MUL_MAT iq4_xs m=320 n=2048 k=10240: 8 x 2151.65 us = 17213.2 us (6237.6 GFLOPS/s)
MUL_MAT iq4_xs m=4 n=2048 k=10240: 8 x 1328.6 us = 10628.8 us (126.271 GFLOPS/s)
MUL_MAT iq4_xs m=48 n=2048 k=2560: 6 x 253.287 us = 1519.72 us (1986.75 GFLOPS/s)
MUL_MAT iq4_xs m=512 n=2048 k=2560: 2 x 544.714 us = 1089.43 us (9854.08 GFLOPS/s)
MUL_MAT iq4_xs m=6144 n=2048 k=2560: 3 x 3037.25 us = 9111.75 us (21207.3 GFLOPS/s)
MUL_MAT iq4_xs m=640 n=2048 k=2560: 8 x 642.545 us = 5140.36 us (10442.2 GFLOPS/s)
MUL_MAT q5_K m=10240 n=2048 k=2560: 3 x 4625.59 us = 13876.8 us (23208.6 GFLOPS/s)
MUL_MAT q5_K m=512 n=2048 k=2560: 1 x 681.214 us = 681.214 us (7879.55 GFLOPS/s)
MUL_MAT_ID iq4_nl m=2560 n=10 k=640 n_expert=512 batch=2048: 4 x 6410.97 us = 25643.9 us (10459.6 GFLOPS/s)
MUL_MAT_ID iq4_xs m=640 n=10 k=2560 n_expert=512 batch=2048: 8 x 6287.11 us = 50296.9 us (10672 GFLOPS/s)
RELU: 1 x 316.681 us = 316.681 us
REPEAT: 8 x 661.371 us = 5290.97 us
RMS_NORM(2560,4,2048,1): 8 x 856.552 us = 6852.42 us
RMS_NORM_MUL RMS_NORM(128,1,1024,1): 1 x 11.582 us = 11.582 us
RMS_NORM_MUL RMS_NORM(128,4,2048,1): 1 x 76.825 us = 76.825 us
RMS_NORM_MUL RMS_NORM(128,48,2048,1): 3 x 1061.2 us = 3183.61 us
RMS_NORM_MUL RMS_NORM(256,2,2048,1): 1 x 51.818 us = 51.818 us
RMS_NORM_MUL RMS_NORM(256,24,2048,1): 1 x 681.735 us = 681.735 us
ROPE: 4 x 133.122 us = 532.49 us
SCALE: 33 x 34.326 us = 1132.78 us
SET_ROWS: 4 x 78.468 us = 313.875 us
SIGMOID: 27 x 282.956 us = 7639.82 us
SILU: 8 x 16.726 us = 133.81 us
SOFTPLUS: 3 x 4.714 us = 14.144 us
SSM_CONV_SILU SSM_CONV: 3 x 1133.12 us = 3399.38 us
SUM_ROWS: 1 x 1654.74 us = 1654.74 us
TOPK_MOE_EARLY_SOFTMAX_NORM SOFT_MAX: 4 x 27.722 us = 110.889 us
Total time: 298340 us.
----------------
Vulkan Timings:
ADD: 19 x 621.502 us = 11808.5 us
CONCAT: 3 x 1230.04 us = 3690.13 us
CONT: 21 x 262.639 us = 5515.43 us
CPY: 7 x 48.904 us = 342.328 us
FA_KV_DEQUANT (sub-op): 1 x 94.419 us = 94.419 us
FILL: 2 x 46.207 us = 92.414 us
FLASH_ATTN_EXT dst(256,24,2048,1),  q(256,2048,24,1),  k(256,4096,2,1),  v(256,4096,2,1),  m(4096,2048,1,1): 1 x 13234.1 us = 13234.1 us (15577.9 GFLOPS/s)
GATED_DELTA_NET: 3 x 4042.56 us = 12127.7 us
GET_ROWS: 8 x 34.229 us = 273.835 us
GLU: 8 x 360.845 us = 2886.76 us
L2_NORM: 6 x 288.18 us = 1729.08 us
MUL: 39 x 856.423 us = 33400.5 us
MULTI_ADD ADD: 13 x 762.596 us = 9913.75 us
MUL_MAT f32 m=1 n=2048 k=2560: 4 x 240.256 us = 961.024 us (43.6356 GFLOPS/s)
MUL_MAT f32 m=1024 n=8192 k=128: 1 x 156.016 us = 156.016 us (13710.7 GFLOPS/s)
MUL_MAT f32 m=256 n=4096 k=256: 1 x 37.511 us = 37.511 us (14284.4 GFLOPS/s)
MUL_MAT f32 m=256 n=49152 k=256: 1 x 559.182 us = 559.182 us (11498.7 GFLOPS/s)
MUL_MAT f32 m=512 n=2048 k=2560: 4 x 378.308 us = 1513.23 us (14188.6 GFLOPS/s)
MUL_MAT f32 m=64 n=16384 k=64: 1 x 56.507 us = 56.507 us (2356.68 GFLOPS/s)
MUL_MAT f32 m=64 n=196608 k=64: 1 x 396.954 us = 396.954 us (4025.73 GFLOPS/s)
MUL_MAT iq4_nl m=10240 n=2048 k=320: 8 x 1095.89 us = 8767.09 us (12228.3 GFLOPS/s)
MUL_MAT iq4_nl m=2560 n=2048 k=640: 4 x 357.769 us = 1431.08 us (18742.9 GFLOPS/s)
MUL_MAT iq4_xs m=12288 n=2048 k=2560: 1 x 6278.41 us = 6278.41 us (20518.6 GFLOPS/s)
MUL_MAT iq4_xs m=128 n=2048 k=2560: 1 x 124.797 us = 124.797 us (10752.8 GFLOPS/s)
MUL_MAT iq4_xs m=2560 n=2048 k=6144: 4 x 4139.27 us = 16557.1 us (15562.9 GFLOPS/s)
MUL_MAT iq4_xs m=320 n=2048 k=10240: 8 x 1543.19 us = 12345.5 us (8696.99 GFLOPS/s)
MUL_MAT iq4_xs m=4 n=2048 k=10240: 8 x 1339.98 us = 10719.8 us (125.199 GFLOPS/s)
MUL_MAT iq4_xs m=48 n=2048 k=2560: 6 x 257.034 us = 1542.21 us (1957.78 GFLOPS/s)
MUL_MAT iq4_xs m=512 n=2048 k=2560: 2 x 480.612 us = 961.225 us (11168.4 GFLOPS/s)
MUL_MAT iq4_xs m=6144 n=2048 k=2560: 3 x 3028.11 us = 9084.34 us (21271.3 GFLOPS/s)
MUL_MAT iq4_xs m=640 n=2048 k=2560: 8 x 740.802 us = 5926.42 us (9057.18 GFLOPS/s)
MUL_MAT q5_K m=10240 n=2048 k=2560: 3 x 4655.9 us = 13967.7 us (23057.5 GFLOPS/s)
MUL_MAT q5_K m=512 n=2048 k=2560: 1 x 916.06 us = 916.06 us (5859.51 GFLOPS/s)
MUL_MAT_ID iq4_nl m=2560 n=10 k=640 n_expert=512 batch=2048: 4 x 6257.49 us = 25030 us (10716.2 GFLOPS/s)
MUL_MAT_ID iq4_xs m=640 n=10 k=2560 n_expert=512 batch=2048: 8 x 6300.23 us = 50401.8 us (10649.7 GFLOPS/s)
RELU: 1 x 314.677 us = 314.677 us
REPEAT: 8 x 656.787 us = 5254.3 us
RMS_NORM(2560,4,2048,1): 8 x 851.928 us = 6815.43 us
RMS_NORM_MUL RMS_NORM(128,1,1024,1): 1 x 11.662 us = 11.662 us
RMS_NORM_MUL RMS_NORM(128,4,2048,1): 1 x 74.782 us = 74.782 us
RMS_NORM_MUL RMS_NORM(128,48,2048,1): 3 x 1030.33 us = 3090.99 us
RMS_NORM_MUL RMS_NORM(256,2,2048,1): 1 x 51.898 us = 51.898 us
RMS_NORM_MUL RMS_NORM(256,24,2048,1): 1 x 692.756 us = 692.756 us
ROPE: 4 x 140.657 us = 562.628 us
SCALE: 33 x 33.271 us = 1097.95 us
SET_ROWS: 4 x 77.697 us = 310.788 us
SIGMOID: 27 x 279.389 us = 7543.52 us
SILU: 8 x 16.901 us = 135.212 us
SOFTPLUS: 3 x 4.701 us = 14.104 us
SSM_CONV_SILU SSM_CONV: 3 x 1235.12 us = 3705.36 us
SUM_ROWS: 1 x 1641.68 us = 1641.68 us
TOPK_MOE_EARLY_SOFTMAX_NORM SOFT_MAX: 4 x 27.371 us = 109.485 us
Total time: 294270 us.
----------------
Vulkan Timings:
ADD: 19 x 633.329 us = 12033.3 us
ARGSORT: 4 x 131.509 us = 526.038 us
CLAMP: 4 x 2.354 us = 9.416 us
CONCAT: 3 x 1236 us = 3708 us
CONT: 21 x 273.135 us = 5735.84 us
CPY: 7 x 50.472 us = 353.308 us
DIV: 4 x 2.374 us = 9.496 us
FA_KV_DEQUANT (sub-op): 1 x 98.346 us = 98.346 us
FILL: 2 x 134.049 us = 268.098 us
FLASH_ATTN_EXT dst(256,24,2048,1),  q(256,2048,24,1),  k(256,4096,2,1),  v(256,4096,2,1),  m(4096,2048,1,1): 1 x 13016.7 us = 13016.7 us (15838 GFLOPS/s)
GATED_DELTA_NET: 3 x 3867.33 us = 11602 us
GET_ROWS: 12 x 46.791 us = 561.503 us
GLU: 8 x 363.074 us = 2904.59 us
L2_NORM: 6 x 292.468 us = 1754.81 us
MUL: 39 x 866.305 us = 33785.9 us
MULTI_ADD ADD: 13 x 777.701 us = 10110.1 us
MUL_MAT f32 m=1 n=2048 k=2560: 4 x 271.836 us = 1087.34 us (38.5663 GFLOPS/s)
MUL_MAT f32 m=1024 n=8192 k=128: 1 x 169.642 us = 169.642 us (12609.5 GFLOPS/s)
MUL_MAT f32 m=256 n=4096 k=256: 1 x 38.633 us = 38.633 us (13869.6 GFLOPS/s)
MUL_MAT f32 m=256 n=49152 k=256: 1 x 552.65 us = 552.65 us (11634.6 GFLOPS/s)
MUL_MAT f32 m=512 n=2048 k=2560: 4 x 322.462 us = 1289.85 us (16645.9 GFLOPS/s)
MUL_MAT f32 m=64 n=16384 k=64: 1 x 55.505 us = 55.505 us (2399.23 GFLOPS/s)
MUL_MAT f32 m=64 n=196608 k=64: 1 x 397.916 us = 397.916 us (4016 GFLOPS/s)
MUL_MAT iq4_nl m=10240 n=2048 k=320: 8 x 1095.79 us = 8766.33 us (12229.3 GFLOPS/s)
MUL_MAT iq4_nl m=2560 n=2048 k=640: 4 x 295.11 us = 1180.44 us (22722.5 GFLOPS/s)
MUL_MAT iq4_xs m=12288 n=2048 k=2560: 1 x 5962.65 us = 5962.65 us (21605.1 GFLOPS/s)
MUL_MAT iq4_xs m=128 n=2048 k=2560: 1 x 128.764 us = 128.764 us (10421.5 GFLOPS/s)
MUL_MAT iq4_xs m=2560 n=2048 k=6144: 4 x 4043.15 us = 16172.6 us (15932.9 GFLOPS/s)
MUL_MAT iq4_xs m=320 n=2048 k=10240: 8 x 1507.27 us = 12058.1 us (8904.27 GFLOPS/s)
MUL_MAT iq4_xs m=4 n=2048 k=10240: 8 x 1363.15 us = 10905.2 us (123.071 GFLOPS/s)
MUL_MAT iq4_xs m=48 n=2048 k=2560: 6 x 231.005 us = 1386.03 us (2178.39 GFLOPS/s)
MUL_MAT iq4_xs m=512 n=2048 k=2560: 2 x 433.102 us = 866.205 us (12393.5 GFLOPS/s)
MUL_MAT iq4_xs m=6144 n=2048 k=2560: 3 x 2935.38 us = 8806.13 us (21943.3 GFLOPS/s)
MUL_MAT iq4_xs m=640 n=2048 k=2560: 8 x 495.39 us = 3963.12 us (13544 GFLOPS/s)
MUL_MAT q5_K m=10240 n=2048 k=2560: 3 x 4636.03 us = 13908.1 us (23156.3 GFLOPS/s)
MUL_MAT q5_K m=512 n=2048 k=2560: 1 x 408.937 us = 408.937 us (13125.9 GFLOPS/s)
MUL_MAT_ID iq4_nl m=2560 n=10 k=640 n_expert=512 batch=2048: 4 x 5717.4 us = 22869.6 us (11728.5 GFLOPS/s)
MUL_MAT_ID iq4_xs m=640 n=10 k=2560 n_expert=512 batch=2048: 8 x 5391.27 us = 43130.2 us (12445.3 GFLOPS/s)
RELU: 1 x 318.324 us = 318.324 us
REPEAT: 8 x 674.255 us = 5394.04 us
RMS_NORM(2560,4,2048,1): 8 x 884.65 us = 7077.2 us
RMS_NORM_MUL RMS_NORM(128,1,1024,1): 1 x 11.541 us = 11.541 us
RMS_NORM_MUL RMS_NORM(128,4,2048,1): 1 x 75.142 us = 75.142 us
RMS_NORM_MUL RMS_NORM(128,48,2048,1): 3 x 1031.88 us = 3095.64 us
RMS_NORM_MUL RMS_NORM(256,2,2048,1): 1 x 54.744 us = 54.744 us
RMS_NORM_MUL RMS_NORM(256,24,2048,1): 1 x 708.385 us = 708.385 us
ROPE: 4 x 142.199 us = 568.799 us
SCALE: 33 x 41.44 us = 1367.54 us
SET_ROWS: 4 x 163.545 us = 654.181 us
SIGMOID: 27 x 280.062 us = 7561.67 us
SILU: 8 x 16.926 us = 135.413 us
SOFTPLUS: 3 x 4.808 us = 14.426 us
SSM_CONV_SILU SSM_CONV: 3 x 1238.87 us = 3716.62 us
SUM_ROWS: 5 x 328.551 us = 1642.76 us
TOPK_MOE_EARLY_SOFTMAX_NORM SOFT_MAX: 4 x 25.337 us = 101.351 us
Total time: 283079 us.
----------------
Vulkan Timings:
ADD: 4 x 731.97 us = 2927.88 us
ARGSORT: 1 x 129.045 us = 129.045 us
CLAMP: 1 x 2.364 us = 2.364 us
CONT: 4 x 328.343 us = 1313.37 us
DIV: 1 x 2.404 us = 2.404 us
FA_KV_DEQUANT (sub-op): 1 x 98.306 us = 98.306 us
FILL: 1 x 183.989 us = 183.989 us
FLASH_ATTN_EXT dst(256,24,2048,1),  q(256,2048,24,1),  k(256,4096,2,1),  v(256,4096,2,1),  m(4096,2048,1,1): 1 x 13463.7 us = 13463.7 us (15312.2 GFLOPS/s)
GET_ROWS: 1 x 59.673 us = 59.673 us
GLU: 2 x 356.737 us = 713.474 us
MUL: 9 x 944.242 us = 8498.18 us
MULTI_ADD ADD: 3 x 842.386 us = 2527.16 us
MUL_MAT f32 m=1 n=2048 k=2560: 1 x 264.302 us = 264.302 us (39.6657 GFLOPS/s)
MUL_MAT f32 m=512 n=2048 k=2560: 1 x 307.864 us = 307.864 us (17435.2 GFLOPS/s)
MUL_MAT f32 m=64 n=196608 k=64: 1 x 398.757 us = 398.757 us (4007.53 GFLOPS/s)
MUL_MAT iq4_nl m=10240 n=2048 k=320: 2 x 1098.55 us = 2197.09 us (12198.7 GFLOPS/s)
MUL_MAT iq4_nl m=2560 n=2048 k=640: 1 x 301.172 us = 301.172 us (22265.2 GFLOPS/s)
MUL_MAT iq4_xs m=2560 n=2048 k=6144: 1 x 3153.71 us = 3153.71 us (20426.5 GFLOPS/s)
MUL_MAT iq4_xs m=320 n=2048 k=10240: 2 x 1507.42 us = 3014.85 us (8903.35 GFLOPS/s)
MUL_MAT iq4_xs m=4 n=2048 k=10240: 2 x 1368.32 us = 2736.64 us (122.606 GFLOPS/s)
MUL_MAT iq4_xs m=640 n=2048 k=2560: 2 x 558.881 us = 1117.76 us (12005.4 GFLOPS/s)
MUL_MAT_ID iq4_nl m=2560 n=10 k=640 n_expert=512 batch=2048: 1 x 5450.76 us = 5450.76 us (12302.2 GFLOPS/s)
MUL_MAT_ID iq4_xs m=640 n=10 k=2560 n_expert=512 batch=2048: 2 x 4227.69 us = 8455.39 us (15870.5 GFLOPS/s)
REPEAT: 2 x 663.761 us = 1327.52 us
RMS_NORM(2560,4,2048,1): 2 x 787.235 us = 1574.47 us
SCALE: 8 x 40.496 us = 323.973 us
SET_ROWS: 1 x 280.172 us = 280.172 us
SIGMOID: 6 x 309.013 us = 1854.08 us
SILU: 2 x 17.172 us = 34.344 us
SUM_ROWS: 1 x 4.127 us = 4.127 us
TOPK_MOE_EARLY_SOFTMAX_NORM SOFT_MAX: 1 x 24.686 us = 24.686 us
Total time: 62741.2 us.
----------------
Vulkan Timings:
ABS: 1 x 2.604 us = 2.604 us
ADD: 16 x 650.512 us = 10408.2 us
ARGSORT: 3 x 133.546 us = 400.64 us
CLAMP: 4 x 2.294 us = 9.176 us
CONCAT: 4 x 1254.22 us = 5016.89 us
CONT: 28 x 463.566 us = 12979.8 us
CPY: 12 x 42.433 us = 509.202 us
DIV: 3 x 2.417 us = 7.252 us
FILL: 1 x 42.56 us = 42.56 us
GATED_DELTA_NET: 3 x 4245.27 us = 12735.8 us
GET_ROWS: 12 x 49.764 us = 597.168 us
GLU: 6 x 395.37 us = 2372.22 us
L2_NORM: 6 x 296.736 us = 1780.42 us
MUL: 42 x 843.29 us = 35418.2 us
MULTI_ADD ADD: 13 x 887.766 us = 11541 us
MUL_MAT f32 m=1 n=2048 k=2560: 3 x 252.559 us = 757.679 us (41.5098 GFLOPS/s)
MUL_MAT f32 m=1536 n=8192 k=128: 1 x 759.963 us = 759.963 us (4222.1 GFLOPS/s)
MUL_MAT f32 m=256 n=4096 k=256: 1 x 38.793 us = 38.793 us (13812.3 GFLOPS/s)
MUL_MAT f32 m=256 n=49152 k=256: 1 x 604.708 us = 604.708 us (10633 GFLOPS/s)
MUL_MAT f32 m=512 n=2048 k=2560: 3 x 347.446 us = 1042.34 us (15448.9 GFLOPS/s)
MUL_MAT f32 m=64 n=16384 k=64: 1 x 58.471 us = 58.471 us (2277.52 GFLOPS/s)
MUL_MAT iq4_nl m=10240 n=2048 k=320: 7 x 1906.27 us = 13343.9 us (7029.87 GFLOPS/s)
MUL_MAT iq4_nl m=2560 n=2048 k=640: 3 x 376.555 us = 1129.66 us (17807.9 GFLOPS/s)
MUL_MAT iq4_xs m=10240 n=2048 k=2560: 1 x 5173.79 us = 5173.79 us (20749.4 GFLOPS/s)
MUL_MAT iq4_xs m=12288 n=2048 k=2560: 1 x 6254.72 us = 6254.72 us (20596.2 GFLOPS/s)
MUL_MAT iq4_xs m=128 n=2048 k=2560: 1 x 121.23 us = 121.23 us (11069.2 GFLOPS/s)
MUL_MAT iq4_xs m=2560 n=2048 k=2560: 1 x 1203.77 us = 1203.77 us (22295.3 GFLOPS/s)
MUL_MAT iq4_xs m=2560 n=2048 k=6144: 3 x 4154.09 us = 12462.3 us (15507.4 GFLOPS/s)
MUL_MAT iq4_xs m=320 n=2048 k=10240: 7 x 2057.17 us = 14400.2 us (6524.06 GFLOPS/s)
MUL_MAT iq4_xs m=4 n=2048 k=10240: 6 x 1328.82 us = 7972.95 us (126.25 GFLOPS/s)
MUL_MAT iq4_xs m=48 n=2048 k=2560: 6 x 236.081 us = 1416.49 us (2131.55 GFLOPS/s)
MUL_MAT iq4_xs m=512 n=2048 k=2560: 2 x 530.527 us = 1061.06 us (10117.6 GFLOPS/s)
MUL_MAT iq4_xs m=6144 n=2048 k=2560: 3 x 3005.92 us = 9017.77 us (21428.3 GFLOPS/s)
MUL_MAT iq4_xs m=640 n=2048 k=2560: 6 x 555.094 us = 3330.57 us (12087.3 GFLOPS/s)
MUL_MAT q5_K m=10240 n=2048 k=2560: 3 x 5138.43 us = 15415.3 us (20892.2 GFLOPS/s)
MUL_MAT q5_K m=512 n=2048 k=2560: 1 x 862.959 us = 862.959 us (6220.06 GFLOPS/s)
MUL_MAT_ID iq4_nl m=2560 n=10 k=640 n_expert=512 batch=2048: 3 x 5717.66 us = 17153 us (11727.9 GFLOPS/s)
MUL_MAT_ID iq4_xs m=640 n=10 k=2560 n_expert=512 batch=2048: 6 x 3751.02 us = 22506.1 us (17887.3 GFLOPS/s)
RELU: 1 x 484.079 us = 484.079 us
REPEAT: 8 x 760.594 us = 6084.76 us
RMS_NORM(2560,4,2048,1): 10 x 879.602 us = 8796.03 us
RMS_NORM_MUL RMS_NORM(128,1,1536,1): 1 x 17.473 us = 17.473 us
RMS_NORM_MUL RMS_NORM(128,4,2048,1): 1 x 75.463 us = 75.463 us
RMS_NORM_MUL RMS_NORM(128,48,2048,1): 3 x 1039.36 us = 3118.08 us
RMS_NORM_MUL RMS_NORM(256,2,2048,1): 1 x 56.066 us = 56.066 us
RMS_NORM_MUL RMS_NORM(256,24,2048,1): 1 x 711.151 us = 711.151 us
ROPE: 4 x 129.475 us = 517.902 us
SCALE: 28 x 35.831 us = 1003.29 us
SET_ROWS: 3 x 17.659 us = 52.978 us
SGN: 1 x 2.404 us = 2.404 us
SIGMOID: 23 x 295.569 us = 6798.11 us
SILU: 8 x 96.277 us = 770.219 us
SOFTPLUS: 3 x 4.795 us = 14.385 us
SQRT: 1 x 2.404 us = 2.404 us
SSM_CONV_SILU SSM_CONV: 3 x 1138.32 us = 3414.97 us
SUM_ROWS: 5 x 602.263 us = 3011.32 us
TOPK_MOE_EARLY_SOFTMAX_NORM SOFT_MAX: 3 x 24.018 us = 72.055 us
Total time: 264912 us.
----------------
Vulkan Timings:
ADD: 19 x 643.54 us = 12227.3 us
CONCAT: 3 x 1252.39 us = 3757.18 us
CONT: 21 x 421.72 us = 8856.14 us
CPY: 7 x 75.634 us = 529.442 us
FA_KV_DEQUANT (sub-op): 1 x 377.978 us = 377.978 us
FILL: 2 x 74.501 us = 149.002 us
FLASH_ATTN_EXT dst(256,24,2048,1),  q(256,2048,24,1),  k(256,6144,2,1),  v(256,6144,2,1),  m(6144,2048,1,1): 1 x 19489 us = 19489 us (15867.3 GFLOPS/s)
GATED_DELTA_NET: 3 x 3777.11 us = 11331.3 us
GET_ROWS: 8 x 51.116 us = 408.934 us
GLU: 8 x 382.005 us = 3056.04 us
L2_NORM: 6 x 295.447 us = 1772.68 us
MUL: 39 x 888.43 us = 34648.8 us
MULTI_ADD ADD: 13 x 801.926 us = 10425 us
MUL_MAT f32 m=1 n=2048 k=2560: 4 x 265.914 us = 1063.66 us (39.4251 GFLOPS/s)
MUL_MAT f32 m=1536 n=8192 k=128: 1 x 797.755 us = 797.755 us (4022.09 GFLOPS/s)
MUL_MAT f32 m=256 n=4096 k=256: 1 x 38.954 us = 38.954 us (13755.3 GFLOPS/s)
MUL_MAT f32 m=256 n=49152 k=256: 1 x 568.399 us = 568.399 us (11312.2 GFLOPS/s)
MUL_MAT f32 m=512 n=2048 k=2560: 4 x 349.854 us = 1399.42 us (15342.6 GFLOPS/s)
MUL_MAT f32 m=64 n=16384 k=64: 1 x 57.749 us = 57.749 us (2306 GFLOPS/s)
MUL_MAT f32 m=64 n=196608 k=64: 1 x 400.801 us = 400.801 us (3987.09 GFLOPS/s)
MUL_MAT iq4_nl m=10240 n=2048 k=320: 8 x 2009.35 us = 16074.8 us (6669.23 GFLOPS/s)
MUL_MAT iq4_nl m=2560 n=2048 k=640: 4 x 362.969 us = 1451.88 us (18474.4 GFLOPS/s)
MUL_MAT iq4_xs m=12288 n=2048 k=2560: 1 x 6219.5 us = 6219.5 us (20712.9 GFLOPS/s)
MUL_MAT iq4_xs m=128 n=2048 k=2560: 1 x 129.125 us = 129.125 us (10392.4 GFLOPS/s)
MUL_MAT iq4_xs m=2560 n=2048 k=6144: 4 x 4396.96 us = 17587.9 us (14650.9 GFLOPS/s)
MUL_MAT iq4_xs m=320 n=2048 k=10240: 8 x 2110.8 us = 16886.4 us (6358.32 GFLOPS/s)
MUL_MAT iq4_xs m=4 n=2048 k=10240: 8 x 1339.3 us = 10714.4 us (125.263 GFLOPS/s)
MUL_MAT iq4_xs m=48 n=2048 k=2560: 6 x 249.587 us = 1497.52 us (2016.2 GFLOPS/s)
MUL_MAT iq4_xs m=512 n=2048 k=2560: 2 x 503.937 us = 1007.87 us (10651.5 GFLOPS/s)
MUL_MAT iq4_xs m=6144 n=2048 k=2560: 3 x 3012.19 us = 9036.57 us (21383.8 GFLOPS/s)
MUL_MAT iq4_xs m=640 n=2048 k=2560: 8 x 638.061 us = 5104.49 us (10515.6 GFLOPS/s)
MUL_MAT q5_K m=10240 n=2048 k=2560: 3 x 5692.47 us = 17077.4 us (18858.8 GFLOPS/s)
MUL_MAT q5_K m=512 n=2048 k=2560: 1 x 578.018 us = 578.018 us (9286.32 GFLOPS/s)
MUL_MAT_ID iq4_nl m=2560 n=10 k=640 n_expert=512 batch=2048: 4 x 5778.37 us = 23113.5 us (11604.7 GFLOPS/s)
MUL_MAT_ID iq4_xs m=640 n=10 k=2560 n_expert=512 batch=2048: 8 x 3776.86 us = 30214.9 us (17765 GFLOPS/s)
RELU: 1 x 513.776 us = 513.776 us
REPEAT: 8 x 664.241 us = 5313.93 us
RMS_NORM(2560,4,2048,1): 8 x 877.281 us = 7018.25 us
RMS_NORM_MUL RMS_NORM(128,1,1536,1): 1 x 16.511 us = 16.511 us
RMS_NORM_MUL RMS_NORM(128,4,2048,1): 1 x 81.514 us = 81.514 us
RMS_NORM_MUL RMS_NORM(128,48,2048,1): 3 x 1031.76 us = 3095.28 us
RMS_NORM_MUL RMS_NORM(256,2,2048,1): 1 x 54.182 us = 54.182 us
RMS_NORM_MUL RMS_NORM(256,24,2048,1): 1 x 710.67 us = 710.67 us
ROPE: 4 x 131.268 us = 525.075 us
SCALE: 33 x 34.288 us = 1131.53 us
SET_ROWS: 4 x 115.408 us = 461.635 us
SIGMOID: 27 x 300.858 us = 8123.18 us
SILU: 8 x 16.941 us = 135.534 us
SOFTPLUS: 3 x 4.808 us = 14.426 us
SSM_CONV_SILU SSM_CONV: 3 x 1356.36 us = 4069.09 us
SUM_ROWS: 1 x 2515.18 us = 2515.18 us
TOPK_MOE_EARLY_SOFTMAX_NORM SOFT_MAX: 4 x 25.858 us = 103.434 us
Total time: 301933 us.
----------------
Vulkan Timings:
ADD: 19 x 695.392 us = 13212.5 us
ARGSORT: 4 x 130.958 us = 523.834 us
CLAMP: 4 x 2.354 us = 9.416 us
CONCAT: 3 x 1257.08 us = 3771.24 us
CONT: 21 x 420.757 us = 8835.91 us
CPY: 7 x 68.592 us = 480.149 us
DIV: 4 x 2.514 us = 10.057 us
FA_KV_DEQUANT (sub-op): 1 x 142.069 us = 142.069 us
FILL: 2 x 209.948 us = 419.896 us
FLASH_ATTN_EXT dst(256,24,2048,1),  q(256,2048,24,1),  k(256,6144,2,1),  v(256,6144,2,1),  m(6144,2048,1,1): 1 x 14279 us = 14279 us (21656.8 GFLOPS/s)
GATED_DELTA_NET: 3 x 3642.44 us = 10927.3 us
GET_ROWS: 12 x 55.11 us = 661.331 us
GLU: 8 x 418.579 us = 3348.64 us
L2_NORM: 6 x 295.113 us = 1770.68 us
MUL: 39 x 889.501 us = 34690.6 us
MULTI_ADD ADD: 13 x 776.274 us = 10091.6 us
MUL_MAT f32 m=1 n=2048 k=2560: 4 x 320.157 us = 1280.63 us (32.7455 GFLOPS/s)
MUL_MAT f32 m=1536 n=8192 k=128: 1 x 772.267 us = 772.267 us (4154.84 GFLOPS/s)
MUL_MAT f32 m=256 n=4096 k=256: 1 x 38.913 us = 38.913 us (13769.8 GFLOPS/s)
MUL_MAT f32 m=256 n=49152 k=256: 1 x 579.22 us = 579.22 us (11100.9 GFLOPS/s)
MUL_MAT f32 m=512 n=2048 k=2560: 4 x 364.091 us = 1456.37 us (14742.6 GFLOPS/s)
MUL_MAT f32 m=64 n=16384 k=64: 1 x 57.669 us = 57.669 us (2309.2 GFLOPS/s)
MUL_MAT f32 m=64 n=196608 k=64: 1 x 396.713 us = 396.713 us (4028.18 GFLOPS/s)
MUL_MAT iq4_nl m=10240 n=2048 k=320: 8 x 1906.33 us = 15250.7 us (7029.63 GFLOPS/s)
MUL_MAT iq4_nl m=2560 n=2048 k=640: 4 x 453.381 us = 1813.53 us (14790.3 GFLOPS/s)
MUL_MAT iq4_xs m=12288 n=2048 k=2560: 1 x 6187.03 us = 6187.03 us (20821.6 GFLOPS/s)
MUL_MAT iq4_xs m=128 n=2048 k=2560: 1 x 130.207 us = 130.207 us (10306 GFLOPS/s)
MUL_MAT iq4_xs m=2560 n=2048 k=6144: 4 x 4881.74 us = 19527 us (13196 GFLOPS/s)
MUL_MAT iq4_xs m=320 n=2048 k=10240: 8 x 2099.1 us = 16792.8 us (6393.76 GFLOPS/s)
MUL_MAT iq4_xs m=4 n=2048 k=10240: 8 x 1457.57 us = 11660.6 us (115.098 GFLOPS/s)
MUL_MAT iq4_xs m=48 n=2048 k=2560: 6 x 244.236 us = 1465.42 us (2060.37 GFLOPS/s)
MUL_MAT iq4_xs m=512 n=2048 k=2560: 2 x 526.099 us = 1052.2 us (10202.7 GFLOPS/s)
MUL_MAT iq4_xs m=6144 n=2048 k=2560: 3 x 3040.76 us = 9122.29 us (21182.8 GFLOPS/s)
MUL_MAT iq4_xs m=640 n=2048 k=2560: 8 x 740.231 us = 5921.85 us (9064.16 GFLOPS/s)
MUL_MAT q5_K m=10240 n=2048 k=2560: 3 x 5681.05 us = 17043.1 us (18896.7 GFLOPS/s)
MUL_MAT q5_K m=512 n=2048 k=2560: 1 x 614.126 us = 614.126 us (8740.32 GFLOPS/s)
MUL_MAT_ID iq4_nl m=2560 n=10 k=640 n_expert=512 batch=2048: 4 x 5735.83 us = 22943.3 us (11690.8 GFLOPS/s)
MUL_MAT_ID iq4_xs m=640 n=10 k=2560 n_expert=512 batch=2048: 8 x 3922.26 us = 31378.1 us (17106.4 GFLOPS/s)
RELU: 1 x 488.448 us = 488.448 us
REPEAT: 8 x 839.509 us = 6716.08 us
RMS_NORM(2560,4,2048,1): 8 x 890.666 us = 7125.33 us
RMS_NORM_MUL RMS_NORM(128,1,1536,1): 1 x 17.753 us = 17.753 us
RMS_NORM_MUL RMS_NORM(128,4,2048,1): 1 x 77.948 us = 77.948 us
RMS_NORM_MUL RMS_NORM(128,48,2048,1): 3 x 1034.61 us = 3103.82 us
RMS_NORM_MUL RMS_NORM(256,2,2048,1): 1 x 56.226 us = 56.226 us
RMS_NORM_MUL RMS_NORM(256,24,2048,1): 1 x 708.145 us = 708.145 us
ROPE: 4 x 129.586 us = 518.344 us
SCALE: 33 x 33.506 us = 1105.72 us
SET_ROWS: 4 x 101.111 us = 404.447 us
SIGMOID: 27 x 292.42 us = 7895.35 us
SILU: 8 x 16.941 us = 135.533 us
SOFTPLUS: 3 x 4.781 us = 14.345 us
SSM_CONV_SILU SSM_CONV: 3 x 1296.38 us = 3889.15 us
SUM_ROWS: 5 x 498.867 us = 2494.34 us
TOPK_MOE_EARLY_SOFTMAX_NORM SOFT_MAX: 4 x 24.095 us = 96.381 us
Total time: 303505 us.
----------------
Vulkan Timings:
ADD: 19 x 641.487 us = 12188.3 us
CONCAT: 3 x 1260.63 us = 3781.9 us
CONT: 21 x 408.32 us = 8574.73 us
CPY: 7 x 68.352 us = 478.466 us
FA_KV_DEQUANT (sub-op): 1 x 140.146 us = 140.146 us
FILL: 2 x 69.13 us = 138.261 us
FLASH_ATTN_EXT dst(256,24,2048,1),  q(256,2048,24,1),  k(256,6144,2,1),  v(256,6144,2,1),  m(6144,2048,1,1): 1 x 14429.1 us = 14429.1 us (21431.5 GFLOPS/s)
GATED_DELTA_NET: 3 x 3548.8 us = 10646.4 us
GET_ROWS: 8 x 53.786 us = 430.294 us
GLU: 8 x 373.874 us = 2991 us
L2_NORM: 6 x 291.493 us = 1748.96 us
MUL: 39 x 924.511 us = 36056 us
MULTI_ADD ADD: 13 x 800.942 us = 10412.3 us
MUL_MAT f32 m=1 n=2048 k=2560: 4 x 256.827 us = 1027.31 us (40.8201 GFLOPS/s)
MUL_MAT f32 m=1536 n=8192 k=128: 1 x 229.155 us = 229.155 us (14002.1 GFLOPS/s)
MUL_MAT f32 m=256 n=4096 k=256: 1 x 40.917 us = 40.917 us (13095.3 GFLOPS/s)
MUL_MAT f32 m=256 n=49152 k=256: 1 x 539.104 us = 539.104 us (11927 GFLOPS/s)
MUL_MAT f32 m=512 n=2048 k=2560: 4 x 363.149 us = 1452.6 us (14780.9 GFLOPS/s)
MUL_MAT f32 m=64 n=16384 k=64: 1 x 55.866 us = 55.866 us (2383.72 GFLOPS/s)
MUL_MAT f32 m=64 n=196608 k=64: 1 x 405.41 us = 405.41 us (3941.76 GFLOPS/s)
MUL_MAT iq4_nl m=10240 n=2048 k=320: 8 x 2113.62 us = 16909 us (6340.2 GFLOPS/s)
MUL_MAT iq4_nl m=2560 n=2048 k=640: 4 x 361.546 us = 1446.18 us (18547.1 GFLOPS/s)
MUL_MAT iq4_xs m=12288 n=2048 k=2560: 1 x 6260.98 us = 6260.98 us (20575.7 GFLOPS/s)
MUL_MAT iq4_xs m=128 n=2048 k=2560: 1 x 132.611 us = 132.611 us (10119.2 GFLOPS/s)
MUL_MAT iq4_xs m=2560 n=2048 k=6144: 4 x 3728.43 us = 14913.7 us (17277.8 GFLOPS/s)
MUL_MAT iq4_xs m=320 n=2048 k=10240: 8 x 2125.81 us = 17006.5 us (6313.4 GFLOPS/s)
MUL_MAT iq4_xs m=4 n=2048 k=10240: 8 x 1329.45 us = 10635.6 us (126.19 GFLOPS/s)
MUL_MAT iq4_xs m=48 n=2048 k=2560: 6 x 251.871 us = 1511.23 us (1997.92 GFLOPS/s)
MUL_MAT iq4_xs m=512 n=2048 k=2560: 2 x 472.738 us = 945.476 us (11354.4 GFLOPS/s)
MUL_MAT iq4_xs m=6144 n=2048 k=2560: 3 x 2996.21 us = 8988.64 us (21497.8 GFLOPS/s)
MUL_MAT iq4_xs m=640 n=2048 k=2560: 8 x 589.244 us = 4713.95 us (11386.8 GFLOPS/s)
MUL_MAT q5_K m=10240 n=2048 k=2560: 3 x 5955.54 us = 17866.6 us (18025.8 GFLOPS/s)
MUL_MAT q5_K m=512 n=2048 k=2560: 1 x 688.347 us = 688.347 us (7797.9 GFLOPS/s)
MUL_MAT_ID iq4_nl m=2560 n=10 k=640 n_expert=512 batch=2048: 4 x 5423.82 us = 21695.3 us (12363.3 GFLOPS/s)
MUL_MAT_ID iq4_xs m=640 n=10 k=2560 n_expert=512 batch=2048: 8 x 4085.85 us = 32686.8 us (16421.5 GFLOPS/s)
RELU: 1 x 464.202 us = 464.202 us
REPEAT: 8 x 660.003 us = 5280.03 us
RMS_NORM(2560,4,2048,1): 8 x 866.44 us = 6931.53 us
RMS_NORM_MUL RMS_NORM(128,1,1536,1): 1 x 16.03 us = 16.03 us
RMS_NORM_MUL RMS_NORM(128,4,2048,1): 1 x 73.86 us = 73.86 us
RMS_NORM_MUL RMS_NORM(128,48,2048,1): 3 x 1035.85 us = 3107.54 us
RMS_NORM_MUL RMS_NORM(256,2,2048,1): 1 x 53.782 us = 53.782 us
RMS_NORM_MUL RMS_NORM(256,24,2048,1): 1 x 706.863 us = 706.863 us
ROPE: 4 x 137.641 us = 550.564 us
SCALE: 33 x 35.208 us = 1161.87 us
SET_ROWS: 4 x 97.274 us = 389.098 us
SIGMOID: 27 x 326.185 us = 8807 us
SILU: 8 x 16.936 us = 135.494 us
SOFTPLUS: 3 x 4.755 us = 14.265 us
SSM_CONV_SILU SSM_CONV: 3 x 1268.46 us = 3805.39 us
SUM_ROWS: 1 x 2434.67 us = 2434.67 us
TOPK_MOE_EARLY_SOFTMAX_NORM SOFT_MAX: 4 x 27.942 us = 111.771 us
Total time: 296211 us.
----------------
Vulkan Timings:
ADD: 19 x 645.626 us = 12266.9 us
CONCAT: 3 x 1255.17 us = 3765.51 us
CONT: 21 x 414.407 us = 8702.56 us
CPY: 7 x 65.043 us = 455.301 us
FA_KV_DEQUANT (sub-op): 1 x 139.905 us = 139.905 us
FILL: 2 x 71.755 us = 143.511 us
FLASH_ATTN_EXT dst(256,24,2048,1),  q(256,2048,24,1),  k(256,6144,2,1),  v(256,6144,2,1),  m(6144,2048,1,1): 1 x 18714.2 us = 18714.2 us (16524.3 GFLOPS/s)
GATED_DELTA_NET: 3 x 3510.88 us = 10532.7 us
GET_ROWS: 8 x 57.784 us = 462.274 us
GLU: 8 x 366.861 us = 2934.89 us
L2_NORM: 6 x 295.013 us = 1770.08 us
MUL: 39 x 884.182 us = 34483.1 us
MULTI_ADD ADD: 13 x 812.256 us = 10559.3 us
MUL_MAT f32 m=1 n=2048 k=2560: 4 x 257.599 us = 1030.4 us (40.6978 GFLOPS/s)
MUL_MAT f32 m=1536 n=8192 k=128: 1 x 226.79 us = 226.79 us (14148.1 GFLOPS/s)
MUL_MAT f32 m=256 n=4096 k=256: 1 x 40.917 us = 40.917 us (13095.3 GFLOPS/s)
MUL_MAT f32 m=256 n=49152 k=256: 1 x 544.354 us = 544.354 us (11811.9 GFLOPS/s)
MUL_MAT f32 m=512 n=2048 k=2560: 4 x 353.241 us = 1412.96 us (15195.5 GFLOPS/s)
MUL_MAT f32 m=64 n=16384 k=64: 1 x 55.465 us = 55.465 us (2400.96 GFLOPS/s)
MUL_MAT f32 m=64 n=196608 k=64: 1 x 391.784 us = 391.784 us (4078.85 GFLOPS/s)
MUL_MAT iq4_nl m=10240 n=2048 k=320: 8 x 1894.32 us = 15154.6 us (7074.19 GFLOPS/s)
MUL_MAT iq4_nl m=2560 n=2048 k=640: 4 x 362.858 us = 1451.43 us (18480 GFLOPS/s)
MUL_MAT iq4_xs m=12288 n=2048 k=2560: 1 x 6563.15 us = 6563.15 us (19628.4 GFLOPS/s)
MUL_MAT iq4_xs m=128 n=2048 k=2560: 1 x 163.951 us = 163.951 us (8184.85 GFLOPS/s)
MUL_MAT iq4_xs m=2560 n=2048 k=6144: 4 x 3387.92 us = 13551.7 us (19014.4 GFLOPS/s)
MUL_MAT iq4_xs m=320 n=2048 k=10240: 8 x 2167.01 us = 17336.1 us (6193.38 GFLOPS/s)
MUL_MAT iq4_xs m=4 n=2048 k=10240: 8 x 1354.6 us = 10836.8 us (123.847 GFLOPS/s)
MUL_MAT iq4_xs m=48 n=2048 k=2560: 6 x 241.405 us = 1448.43 us (2084.54 GFLOPS/s)
MUL_MAT iq4_xs m=512 n=2048 k=2560: 2 x 734.335 us = 1468.67 us (7309.55 GFLOPS/s)
MUL_MAT iq4_xs m=6144 n=2048 k=2560: 3 x 2979.7 us = 8939.1 us (21616.9 GFLOPS/s)
MUL_MAT iq4_xs m=640 n=2048 k=2560: 8 x 692.575 us = 5540.6 us (9687.86 GFLOPS/s)
MUL_MAT q5_K m=10240 n=2048 k=2560: 3 x 6906.28 us = 20718.8 us (15544.3 GFLOPS/s)
MUL_MAT q5_K m=512 n=2048 k=2560: 1 x 861.276 us = 861.276 us (6232.22 GFLOPS/s)
MUL_MAT_ID iq4_nl m=2560 n=10 k=640 n_expert=512 batch=2048: 4 x 5356.95 us = 21427.8 us (12517.7 GFLOPS/s)
MUL_MAT_ID iq4_xs m=640 n=10 k=2560 n_expert=512 batch=2048: 8 x 4454.48 us = 35635.8 us (15062.5 GFLOPS/s)
RELU: 1 x 459.232 us = 459.232 us
REPEAT: 8 x 660.81 us = 5286.48 us
RMS_NORM(2560,4,2048,1): 8 x 869.421 us = 6955.37 us
RMS_NORM_MUL RMS_NORM(128,1,1536,1): 1 x 15.91 us = 15.91 us
RMS_NORM_MUL RMS_NORM(128,4,2048,1): 1 x 71.535 us = 71.535 us
RMS_NORM_MUL RMS_NORM(128,48,2048,1): 3 x 1026.64 us = 3079.93 us
RMS_NORM_MUL RMS_NORM(256,2,2048,1): 1 x 51.778 us = 51.778 us
RMS_NORM_MUL RMS_NORM(256,24,2048,1): 1 x 717.483 us = 717.483 us
ROPE: 4 x 134.545 us = 538.181 us
SCALE: 33 x 35.949 us = 1186.32 us
SET_ROWS: 4 x 111.992 us = 447.969 us
SIGMOID: 27 x 294.937 us = 7963.32 us
SILU: 8 x 16.911 us = 135.293 us
SOFTPLUS: 3 x 4.808 us = 14.426 us
SSM_CONV_SILU SSM_CONV: 3 x 1184.88 us = 3554.63 us
SUM_ROWS: 1 x 2447.89 us = 2447.89 us
TOPK_MOE_EARLY_SOFTMAX_NORM SOFT_MAX: 4 x 25.939 us = 103.756 us
Total time: 302761 us.
----------------
Vulkan Timings:
ADD: 19 x 661.738 us = 12573 us
CONCAT: 3 x 1242.32 us = 3726.96 us
CONT: 21 x 415.428 us = 8724 us
CPY: 7 x 67.98 us = 475.861 us
FA_KV_DEQUANT (sub-op): 1 x 138.823 us = 138.823 us
FILL: 2 x 199.859 us = 399.718 us
FLASH_ATTN_EXT dst(256,24,2048,1),  q(256,2048,24,1),  k(256,6144,2,1),  v(256,6144,2,1),  m(6144,2048,1,1): 1 x 20790.9 us = 20790.9 us (14873.7 GFLOPS/s)
GATED_DELTA_NET: 3 x 3779.78 us = 11339.3 us
GET_ROWS: 8 x 53.766 us = 430.133 us
GLU: 8 x 378.608 us = 3028.87 us
L2_NORM: 6 x 292.268 us = 1753.61 us
MUL: 39 x 880.493 us = 34339.2 us
MULTI_ADD ADD: 13 x 779.792 us = 10137.3 us
MUL_MAT f32 m=1 n=2048 k=2560: 4 x 236.018 us = 944.072 us (44.4191 GFLOPS/s)
MUL_MAT f32 m=1536 n=8192 k=128: 1 x 246.027 us = 246.027 us (13041.8 GFLOPS/s)
MUL_MAT f32 m=256 n=4096 k=256: 1 x 39.314 us = 39.314 us (13629.3 GFLOPS/s)
MUL_MAT f32 m=256 n=49152 k=256: 1 x 568.72 us = 568.72 us (11305.9 GFLOPS/s)
MUL_MAT f32 m=512 n=2048 k=2560: 4 x 339.213 us = 1356.86 us (15823.8 GFLOPS/s)
MUL_MAT f32 m=64 n=16384 k=64: 1 x 57.549 us = 57.549 us (2314.01 GFLOPS/s)
MUL_MAT f32 m=64 n=196608 k=64: 1 x 421.52 us = 421.52 us (3791.11 GFLOPS/s)
MUL_MAT iq4_nl m=10240 n=2048 k=320: 8 x 1098.76 us = 8790.06 us (12196.3 GFLOPS/s)
MUL_MAT iq4_nl m=2560 n=2048 k=640: 4 x 361.576 us = 1446.31 us (18545.6 GFLOPS/s)
MUL_MAT iq4_xs m=12288 n=2048 k=2560: 1 x 6310.99 us = 6310.99 us (20412.6 GFLOPS/s)
MUL_MAT iq4_xs m=128 n=2048 k=2560: 1 x 117.743 us = 117.743 us (11397 GFLOPS/s)
MUL_MAT iq4_xs m=2560 n=2048 k=6144: 4 x 3629.14 us = 14516.5 us (17750.6 GFLOPS/s)
MUL_MAT iq4_xs m=320 n=2048 k=10240: 8 x 2310.03 us = 18480.3 us (5809.92 GFLOPS/s)
MUL_MAT iq4_xs m=4 n=2048 k=10240: 8 x 1345.26 us = 10762.1 us (124.707 GFLOPS/s)
MUL_MAT iq4_xs m=48 n=2048 k=2560: 6 x 259.359 us = 1556.15 us (1940.24 GFLOPS/s)
MUL_MAT iq4_xs m=512 n=2048 k=2560: 2 x 777.056 us = 1554.11 us (6907.69 GFLOPS/s)
MUL_MAT iq4_xs m=6144 n=2048 k=2560: 3 x 3058.96 us = 9176.88 us (21056.8 GFLOPS/s)
MUL_MAT iq4_xs m=640 n=2048 k=2560: 8 x 696.312 us = 5570.5 us (9635.87 GFLOPS/s)
MUL_MAT q5_K m=10240 n=2048 k=2560: 3 x 4660.68 us = 13982 us (23033.8 GFLOPS/s)
MUL_MAT q5_K m=512 n=2048 k=2560: 1 x 774.11 us = 774.11 us (6933.98 GFLOPS/s)
MUL_MAT_ID iq4_nl m=2560 n=10 k=640 n_expert=512 batch=2048: 4 x 5372.83 us = 21491.3 us (12480.7 GFLOPS/s)
MUL_MAT_ID iq4_xs m=640 n=10 k=2560 n_expert=512 batch=2048: 8 x 4472.54 us = 35780.3 us (15001.7 GFLOPS/s)
RELU: 1 x 474.581 us = 474.581 us
REPEAT: 8 x 670.653 us = 5365.23 us
RMS_NORM(2560,4,2048,1): 8 x 883.483 us = 7067.86 us
RMS_NORM_MUL RMS_NORM(128,1,1536,1): 1 x 16.912 us = 16.912 us
RMS_NORM_MUL RMS_NORM(128,4,2048,1): 1 x 72.096 us = 72.096 us
RMS_NORM_MUL RMS_NORM(128,48,2048,1): 3 x 1046.99 us = 3140.97 us
RMS_NORM_MUL RMS_NORM(256,2,2048,1): 1 x 54.223 us = 54.223 us
RMS_NORM_MUL RMS_NORM(256,24,2048,1): 1 x 710.63 us = 710.63 us
ROPE: 4 x 139.925 us = 559.701 us
SCALE: 33 x 33.778 us = 1114.7 us
SET_ROWS: 4 x 113.224 us = 452.898 us
SIGMOID: 27 x 287.701 us = 7767.95 us
SILU: 8 x 16.556 us = 132.449 us
SOFTPLUS: 3 x 4.795 us = 14.387 us
SSM_CONV_SILU SSM_CONV: 3 x 1120.7 us = 3362.11 us
SUM_ROWS: 1 x 2441.04 us = 2441.04 us
TOPK_MOE_EARLY_SOFTMAX_NORM SOFT_MAX: 4 x 25.417 us = 101.671 us
Total time: 294651 us.
----------------
Vulkan Timings:
ADD: 19 x 642.491 us = 12207.3 us
CONCAT: 3 x 1247.9 us = 3743.71 us
CONT: 21 x 405.86 us = 8523.07 us
CPY: 7 x 71.827 us = 502.793 us
FA_KV_DEQUANT (sub-op): 1 x 140.947 us = 140.947 us
FILL: 2 x 67.327 us = 134.655 us
FLASH_ATTN_EXT dst(256,24,2048,1),  q(256,2048,24,1),  k(256,6144,2,1),  v(256,6144,2,1),  m(6144,2048,1,1): 1 x 21276.2 us = 21276.2 us (14534.4 GFLOPS/s)
GATED_DELTA_NET: 3 x 3673.5 us = 11020.5 us
GET_ROWS: 8 x 53.08 us = 424.642 us
GLU: 8 x 362.383 us = 2899.07 us
L2_NORM: 6 x 294.178 us = 1765.07 us
MUL: 39 x 863.313 us = 33669.2 us
MULTI_ADD ADD: 13 x 764.51 us = 9938.64 us
MUL_MAT f32 m=1 n=2048 k=2560: 4 x 249.173 us = 996.692 us (42.074 GFLOPS/s)
MUL_MAT f32 m=1536 n=8192 k=128: 1 x 691.994 us = 691.994 us (4636.81 GFLOPS/s)
MUL_MAT f32 m=256 n=4096 k=256: 1 x 39.755 us = 39.755 us (13478.1 GFLOPS/s)
MUL_MAT f32 m=256 n=49152 k=256: 1 x 566.476 us = 566.476 us (11350.6 GFLOPS/s)
MUL_MAT f32 m=512 n=2048 k=2560: 4 x 353.22 us = 1412.88 us (15196.3 GFLOPS/s)
MUL_MAT f32 m=64 n=16384 k=64: 1 x 57.509 us = 57.509 us (2315.62 GFLOPS/s)
MUL_MAT f32 m=64 n=196608 k=64: 1 x 389.179 us = 389.179 us (4106.16 GFLOPS/s)
MUL_MAT iq4_nl m=10240 n=2048 k=320: 8 x 1105.17 us = 8841.35 us (12125.6 GFLOPS/s)
MUL_MAT iq4_nl m=2560 n=2048 k=640: 4 x 373.218 us = 1492.88 us (17967.1 GFLOPS/s)
MUL_MAT iq4_xs m=12288 n=2048 k=2560: 1 x 5525.98 us = 5525.98 us (23312.4 GFLOPS/s)
MUL_MAT iq4_xs m=128 n=2048 k=2560: 1 x 139.585 us = 139.585 us (9613.61 GFLOPS/s)
MUL_MAT iq4_xs m=2560 n=2048 k=6144: 4 x 3345.39 us = 13381.5 us (19256.2 GFLOPS/s)
MUL_MAT iq4_xs m=320 n=2048 k=10240: 8 x 2128.73 us = 17029.9 us (6304.74 GFLOPS/s)
MUL_MAT iq4_xs m=4 n=2048 k=10240: 8 x 1335.28 us = 10682.3 us (125.639 GFLOPS/s)
MUL_MAT iq4_xs m=48 n=2048 k=2560: 6 x 243.488 us = 1460.93 us (2066.7 GFLOPS/s)
MUL_MAT iq4_xs m=512 n=2048 k=2560: 2 x 726.62 us = 1453.24 us (7387.16 GFLOPS/s)
MUL_MAT iq4_xs m=6144 n=2048 k=2560: 3 x 3023.37 us = 9070.11 us (21304.7 GFLOPS/s)
MUL_MAT iq4_xs m=640 n=2048 k=2560: 8 x 689.845 us = 5518.76 us (9726.2 GFLOPS/s)
MUL_MAT q5_K m=10240 n=2048 k=2560: 3 x 4630.9 us = 13892.7 us (23181.9 GFLOPS/s)
MUL_MAT q5_K m=512 n=2048 k=2560: 1 x 595.291 us = 595.291 us (9016.87 GFLOPS/s)
MUL_MAT_ID iq4_nl m=2560 n=10 k=640 n_expert=512 batch=2048: 4 x 5655.35 us = 22621.4 us (11857.2 GFLOPS/s)
MUL_MAT_ID iq4_xs m=640 n=10 k=2560 n_expert=512 batch=2048: 8 x 5122.85 us = 40982.8 us (13097.4 GFLOPS/s)
RELU: 1 x 475.503 us = 475.503 us
REPEAT: 8 x 674.29 us = 5394.33 us
RMS_NORM(2560,4,2048,1): 8 x 853.125 us = 6825 us
RMS_NORM_MUL RMS_NORM(128,1,1536,1): 1 x 16.671 us = 16.671 us
RMS_NORM_MUL RMS_NORM(128,4,2048,1): 1 x 76.545 us = 76.545 us
RMS_NORM_MUL RMS_NORM(128,48,2048,1): 3 x 1054.59 us = 3163.77 us
RMS_NORM_MUL RMS_NORM(256,2,2048,1): 1 x 53.301 us = 53.301 us
RMS_NORM_MUL RMS_NORM(256,24,2048,1): 1 x 698.407 us = 698.407 us
ROPE: 4 x 126.028 us = 504.115 us
SCALE: 33 x 34.934 us = 1152.85 us
SET_ROWS: 4 x 114.807 us = 459.23 us
SIGMOID: 27 x 283.02 us = 7641.54 us
SILU: 8 x 16.826 us = 134.613 us
SOFTPLUS: 3 x 4.741 us = 14.225 us
SSM_CONV_SILU SSM_CONV: 3 x 1233.02 us = 3699.07 us
SUM_ROWS: 1 x 2481.91 us = 2481.91 us
TOPK_MOE_EARLY_SOFTMAX_NORM SOFT_MAX: 4 x 25.698 us = 102.793 us
Total time: 295983 us.
----------------
Vulkan Timings:
ADD: 19 x 636.687 us = 12097.1 us
ARGSORT: 4 x 128.022 us = 512.091 us
CLAMP: 4 x 2.354 us = 9.416 us
CONCAT: 3 x 1234.51 us = 3703.51 us
CONT: 21 x 411.001 us = 8631.03 us
CPY: 7 x 68.547 us = 479.829 us
DIV: 4 x 2.454 us = 9.816 us
FA_KV_DEQUANT (sub-op): 1 x 144.554 us = 144.554 us
FILL: 2 x 77.887 us = 155.775 us
FLASH_ATTN_EXT dst(256,24,2048,1),  q(256,2048,24,1),  k(256,6144,2,1),  v(256,6144,2,1),  m(6144,2048,1,1): 1 x 21937.6 us = 21937.6 us (14096.2 GFLOPS/s)
GATED_DELTA_NET: 3 x 3642.65 us = 10928 us
GET_ROWS: 12 x 54.085 us = 649.028 us
GLU: 8 x 359.963 us = 2879.71 us
L2_NORM: 6 x 289.215 us = 1735.29 us
MUL: 39 x 858.129 us = 33467.1 us
MULTI_ADD ADD: 13 x 791.189 us = 10285.5 us
MUL_MAT f32 m=1 n=2048 k=2560: 4 x 257.789 us = 1031.16 us (40.6677 GFLOPS/s)
MUL_MAT f32 m=1536 n=8192 k=128: 1 x 696.162 us = 696.162 us (4609.05 GFLOPS/s)
MUL_MAT f32 m=256 n=4096 k=256: 1 x 39.314 us = 39.314 us (13629.3 GFLOPS/s)
MUL_MAT f32 m=256 n=49152 k=256: 1 x 578.218 us = 578.218 us (11120.1 GFLOPS/s)
MUL_MAT f32 m=512 n=2048 k=2560: 4 x 301.953 us = 1207.81 us (17776.5 GFLOPS/s)
MUL_MAT f32 m=64 n=16384 k=64: 1 x 58.07 us = 58.07 us (2293.25 GFLOPS/s)
MUL_MAT f32 m=64 n=196608 k=64: 1 x 378.839 us = 378.839 us (4218.23 GFLOPS/s)
MUL_MAT iq4_nl m=10240 n=2048 k=320: 8 x 1103.13 us = 8825.05 us (12148 GFLOPS/s)
MUL_MAT iq4_nl m=2560 n=2048 k=640: 4 x 288.738 us = 1154.95 us (23224 GFLOPS/s)
MUL_MAT iq4_xs m=12288 n=2048 k=2560: 1 x 5267.53 us = 5267.53 us (24456.2 GFLOPS/s)
MUL_MAT iq4_xs m=128 n=2048 k=2560: 1 x 110.449 us = 110.449 us (12149.6 GFLOPS/s)
MUL_MAT iq4_xs m=2560 n=2048 k=6144: 4 x 3325.68 us = 13302.7 us (19370.3 GFLOPS/s)
MUL_MAT iq4_xs m=320 n=2048 k=10240: 8 x 2173.22 us = 17385.8 us (6175.69 GFLOPS/s)
MUL_MAT iq4_xs m=4 n=2048 k=10240: 8 x 1349.6 us = 10796.8 us (124.307 GFLOPS/s)
MUL_MAT iq4_xs m=48 n=2048 k=2560: 6 x 216.758 us = 1300.55 us (2321.57 GFLOPS/s)
MUL_MAT iq4_xs m=512 n=2048 k=2560: 2 x 337.841 us = 675.683 us (15888.1 GFLOPS/s)
MUL_MAT iq4_xs m=6144 n=2048 k=2560: 3 x 2918.26 us = 8754.79 us (22072 GFLOPS/s)
MUL_MAT iq4_xs m=640 n=2048 k=2560: 8 x 412.573 us = 3300.59 us (16262.7 GFLOPS/s)
MUL_MAT q5_K m=10240 n=2048 k=2560: 3 x 4519.8 us = 13559.4 us (23751.8 GFLOPS/s)
MUL_MAT q5_K m=512 n=2048 k=2560: 1 x 363.931 us = 363.931 us (14749.1 GFLOPS/s)
MUL_MAT_ID iq4_nl m=2560 n=10 k=640 n_expert=512 batch=2048: 4 x 6081.62 us = 24326.5 us (11026.1 GFLOPS/s)
MUL_MAT_ID iq4_xs m=640 n=10 k=2560 n_expert=512 batch=2048: 8 x 5813.19 us = 46505.5 us (11542 GFLOPS/s)
RELU: 1 x 468.77 us = 468.77 us
REPEAT: 8 x 662.618 us = 5300.95 us
RMS_NORM(2560,4,2048,1): 8 x 850.089 us = 6800.72 us
RMS_NORM_MUL RMS_NORM(128,1,1536,1): 1 x 16.19 us = 16.19 us
RMS_NORM_MUL RMS_NORM(128,4,2048,1): 1 x 76.224 us = 76.224 us
RMS_NORM_MUL RMS_NORM(128,48,2048,1): 3 x 1049.33 us = 3147.98 us
RMS_NORM_MUL RMS_NORM(256,2,2048,1): 1 x 54.944 us = 54.944 us
RMS_NORM_MUL RMS_NORM(256,24,2048,1): 1 x 689.429 us = 689.429 us
ROPE: 4 x 129.676 us = 518.704 us
SCALE: 33 x 38.466 us = 1269.39 us
SET_ROWS: 4 x 115.99 us = 463.96 us
SIGMOID: 27 x 283.431 us = 7652.65 us
SILU: 8 x 16.656 us = 133.249 us
SOFTPLUS: 3 x 4.795 us = 14.385 us
SSM_CONV_SILU SSM_CONV: 3 x 1112.25 us = 3336.74 us
SUM_ROWS: 5 x 500.013 us = 2500.07 us
TOPK_MOE_EARLY_SOFTMAX_NORM SOFT_MAX: 4 x 23.193 us = 92.774 us
Total time: 299782 us.
----------------
Vulkan Timings:
ADD: 19 x 639.779 us = 12155.8 us
ARGSORT: 4 x 131.659 us = 526.639 us
CLAMP: 4 x 2.354 us = 9.416 us
CONCAT: 3 x 1238.9 us = 3716.7 us
CONT: 21 x 407.47 us = 8556.89 us
CPY: 7 x 70.396 us = 492.774 us
DIV: 4 x 2.504 us = 10.017 us
FA_KV_DEQUANT (sub-op): 1 x 142.069 us = 142.069 us
FILL: 2 x 75.823 us = 151.647 us
FLASH_ATTN_EXT dst(256,24,2048,1),  q(256,2048,24,1),  k(256,6144,2,1),  v(256,6144,2,1),  m(6144,2048,1,1): 1 x 22575.5 us = 22575.5 us (13697.9 GFLOPS/s)
GATED_DELTA_NET: 3 x 3893.54 us = 11680.6 us
GET_ROWS: 12 x 54.042 us = 648.506 us
GLU: 8 x 348.632 us = 2789.06 us
L2_NORM: 6 x 289.182 us = 1735.09 us
MUL: 39 x 859.011 us = 33501.4 us
MULTI_ADD ADD: 13 x 791.05 us = 10283.7 us
MUL_MAT f32 m=1 n=2048 k=2560: 4 x 245.576 us = 982.305 us (42.6903 GFLOPS/s)
MUL_MAT f32 m=1536 n=8192 k=128: 1 x 694.479 us = 694.479 us (4620.22 GFLOPS/s)
MUL_MAT f32 m=256 n=4096 k=256: 1 x 41.318 us = 41.318 us (12968.3 GFLOPS/s)
MUL_MAT f32 m=256 n=49152 k=256: 1 x 560.464 us = 560.464 us (11472.4 GFLOPS/s)
MUL_MAT f32 m=512 n=2048 k=2560: 4 x 302.294 us = 1209.18 us (17756.4 GFLOPS/s)
MUL_MAT f32 m=64 n=16384 k=64: 1 x 56.347 us = 56.347 us (2363.38 GFLOPS/s)
MUL_MAT f32 m=64 n=196608 k=64: 1 x 388.618 us = 388.618 us (4112.08 GFLOPS/s)
MUL_MAT iq4_nl m=10240 n=2048 k=320: 8 x 1104.89 us = 8839.15 us (12128.6 GFLOPS/s)
MUL_MAT iq4_nl m=2560 n=2048 k=640: 4 x 287.886 us = 1151.55 us (23292.7 GFLOPS/s)
MUL_MAT iq4_xs m=12288 n=2048 k=2560: 1 x 5399.78 us = 5399.78 us (23857.2 GFLOPS/s)
MUL_MAT iq4_xs m=128 n=2048 k=2560: 1 x 106.402 us = 106.402 us (12611.7 GFLOPS/s)
MUL_MAT iq4_xs m=2560 n=2048 k=6144: 4 x 3636.93 us = 14547.7 us (17712.5 GFLOPS/s)
MUL_MAT iq4_xs m=320 n=2048 k=10240: 8 x 2258.7 us = 18069.6 us (5941.96 GFLOPS/s)
MUL_MAT iq4_xs m=4 n=2048 k=10240: 8 x 1342.11 us = 10736.9 us (125 GFLOPS/s)
MUL_MAT iq4_xs m=48 n=2048 k=2560: 6 x 216.691 us = 1300.15 us (2322.28 GFLOPS/s)
MUL_MAT iq4_xs m=512 n=2048 k=2560: 2 x 417.432 us = 834.865 us (12858.8 GFLOPS/s)
MUL_MAT iq4_xs m=6144 n=2048 k=2560: 3 x 2916.78 us = 8750.34 us (22083.2 GFLOPS/s)
MUL_MAT iq4_xs m=640 n=2048 k=2560: 8 x 406.557 us = 3252.46 us (16503.4 GFLOPS/s)
MUL_MAT q5_K m=10240 n=2048 k=2560: 3 x 4432.68 us = 13298 us (24218.6 GFLOPS/s)
MUL_MAT q5_K m=512 n=2048 k=2560: 1 x 410.139 us = 410.139 us (13087.4 GFLOPS/s)
MUL_MAT_ID iq4_nl m=2560 n=10 k=640 n_expert=512 batch=2048: 4 x 6412.64 us = 25650.6 us (10456.9 GFLOPS/s)
MUL_MAT_ID iq4_xs m=640 n=10 k=2560 n_expert=512 batch=2048: 8 x 6378.16 us = 51025.3 us (10519.6 GFLOPS/s)
RELU: 1 x 475.824 us = 475.824 us
REPEAT: 8 x 663.765 us = 5310.12 us
RMS_NORM(2560,4,2048,1): 8 x 858.089 us = 6864.72 us
RMS_NORM_MUL RMS_NORM(128,1,1536,1): 1 x 16.11 us = 16.11 us
RMS_NORM_MUL RMS_NORM(128,4,2048,1): 1 x 76.144 us = 76.144 us
RMS_NORM_MUL RMS_NORM(128,48,2048,1): 3 x 1023.97 us = 3071.92 us
RMS_NORM_MUL RMS_NORM(256,2,2048,1): 1 x 55.064 us = 55.064 us
RMS_NORM_MUL RMS_NORM(256,24,2048,1): 1 x 696.643 us = 696.643 us
ROPE: 4 x 128.924 us = 515.697 us
SCALE: 33 x 38.877 us = 1282.94 us
SET_ROWS: 4 x 116.771 us = 467.085 us
SIGMOID: 27 x 281.206 us = 7592.57 us
SILU: 8 x 16.591 us = 132.728 us
SOFTPLUS: 3 x 4.835 us = 14.506 us
SSM_CONV_SILU SSM_CONV: 3 x 1114.48 us = 3343.43 us
SUM_ROWS: 5 x 505.223 us = 2526.12 us
TOPK_MOE_EARLY_SOFTMAX_NORM SOFT_MAX: 4 x 23.193 us = 92.774 us
Total time: 308816 us.
----------------
Vulkan Timings:
ADD: 19 x 643.875 us = 12233.6 us
CONCAT: 3 x 1233.33 us = 3699.99 us
CONT: 21 x 409.346 us = 8596.28 us
CPY: 7 x 65.289 us = 457.025 us
FA_KV_DEQUANT (sub-op): 1 x 145.115 us = 145.115 us
FILL: 2 x 72.437 us = 144.874 us
FLASH_ATTN_EXT dst(256,24,2048,1),  q(256,2048,24,1),  k(256,6144,2,1),  v(256,6144,2,1),  m(6144,2048,1,1): 1 x 21951 us = 21951 us (14087.6 GFLOPS/s)
GATED_DELTA_NET: 3 x 3454.91 us = 10364.7 us
GET_ROWS: 8 x 55.299 us = 442.397 us
GLU: 8 x 349.403 us = 2795.23 us
L2_NORM: 6 x 288.126 us = 1728.76 us
MUL: 39 x 862.471 us = 33636.4 us
MULTI_ADD ADD: 13 x 786.053 us = 10218.7 us
MUL_MAT f32 m=1 n=2048 k=2560: 4 x 244.764 us = 979.059 us (42.8318 GFLOPS/s)
MUL_MAT f32 m=1536 n=8192 k=128: 1 x 229.596 us = 229.596 us (13975.2 GFLOPS/s)
MUL_MAT f32 m=256 n=4096 k=256: 1 x 37.992 us = 37.992 us (14103.6 GFLOPS/s)
MUL_MAT f32 m=256 n=49152 k=256: 1 x 558.581 us = 558.581 us (11511.1 GFLOPS/s)
MUL_MAT f32 m=512 n=2048 k=2560: 4 x 362.628 us = 1450.51 us (14802.1 GFLOPS/s)
MUL_MAT f32 m=64 n=16384 k=64: 1 x 54.463 us = 54.463 us (2445.13 GFLOPS/s)
MUL_MAT f32 m=64 n=196608 k=64: 1 x 390.622 us = 390.622 us (4090.99 GFLOPS/s)
MUL_MAT iq4_nl m=10240 n=2048 k=320: 8 x 1105.22 us = 8841.76 us (12125 GFLOPS/s)
MUL_MAT iq4_nl m=2560 n=2048 k=640: 4 x 360.714 us = 1442.86 us (18589.9 GFLOPS/s)
MUL_MAT iq4_xs m=12288 n=2048 k=2560: 1 x 5450.44 us = 5450.44 us (23635.5 GFLOPS/s)
MUL_MAT iq4_xs m=128 n=2048 k=2560: 1 x 142.47 us = 142.47 us (9418.93 GFLOPS/s)
MUL_MAT iq4_xs m=2560 n=2048 k=6144: 4 x 4238.06 us = 16952.2 us (15200.2 GFLOPS/s)
MUL_MAT iq4_xs m=320 n=2048 k=10240: 8 x 2166.94 us = 17335.5 us (6193.59 GFLOPS/s)
MUL_MAT iq4_xs m=4 n=2048 k=10240: 8 x 1357.49 us = 10859.9 us (123.584 GFLOPS/s)
MUL_MAT iq4_xs m=48 n=2048 k=2560: 6 x 246.107 us = 1476.64 us (2044.71 GFLOPS/s)
MUL_MAT iq4_xs m=512 n=2048 k=2560: 2 x 551.908 us = 1103.82 us (9725.64 GFLOPS/s)
MUL_MAT iq4_xs m=6144 n=2048 k=2560: 3 x 3026.67 us = 9080.01 us (21281.4 GFLOPS/s)
MUL_MAT iq4_xs m=640 n=2048 k=2560: 8 x 738.357 us = 5906.86 us (9087.17 GFLOPS/s)
MUL_MAT q5_K m=10240 n=2048 k=2560: 3 x 4722.19 us = 14166.6 us (22733.8 GFLOPS/s)
MUL_MAT q5_K m=512 n=2048 k=2560: 1 x 617.373 us = 617.373 us (8694.36 GFLOPS/s)
MUL_MAT_ID iq4_nl m=2560 n=10 k=640 n_expert=512 batch=2048: 4 x 5848.99 us = 23396 us (11464.6 GFLOPS/s)
MUL_MAT_ID iq4_xs m=640 n=10 k=2560 n_expert=512 batch=2048: 8 x 5705.3 us = 45642.4 us (11760.3 GFLOPS/s)
RELU: 1 x 459.192 us = 459.192 us
REPEAT: 8 x 660.038 us = 5280.31 us
RMS_NORM(2560,4,2048,1): 8 x 848.456 us = 6787.65 us
RMS_NORM_MUL RMS_NORM(128,1,1536,1): 1 x 20.398 us = 20.398 us
RMS_NORM_MUL RMS_NORM(128,4,2048,1): 1 x 76.745 us = 76.745 us
RMS_NORM_MUL RMS_NORM(128,48,2048,1): 3 x 1039.88 us = 3119.65 us
RMS_NORM_MUL RMS_NORM(256,2,2048,1): 1 x 50.976 us = 50.976 us
RMS_NORM_MUL RMS_NORM(256,24,2048,1): 1 x 683.258 us = 683.258 us
ROPE: 4 x 133.162 us = 532.65 us
SCALE: 33 x 35.46 us = 1170.2 us
SET_ROWS: 4 x 114.286 us = 457.147 us
SIGMOID: 27 x 280.247 us = 7566.68 us
SILU: 8 x 16.836 us = 134.692 us
SOFTPLUS: 3 x 4.768 us = 14.305 us
SSM_CONV_SILU SSM_CONV: 3 x 1107.85 us = 3323.55 us
SUM_ROWS: 1 x 2474.26 us = 2474.26 us
TOPK_MOE_EARLY_SOFTMAX_NORM SOFT_MAX: 4 x 25.988 us = 103.955 us
Total time: 304785 us.
----------------
Vulkan Timings:
ADD: 19 x 649.954 us = 12349.1 us
CONCAT: 3 x 1263.84 us = 3791.52 us
CONT: 21 x 412.51 us = 8662.73 us
CPY: 7 x 69.022 us = 483.156 us
FA_KV_DEQUANT (sub-op): 1 x 145.837 us = 145.837 us
FILL: 2 x 70.794 us = 141.588 us
FLASH_ATTN_EXT dst(256,24,2048,1),  q(256,2048,24,1),  k(256,6144,2,1),  v(256,6144,2,1),  m(6144,2048,1,1): 1 x 21748.4 us = 21748.4 us (14218.9 GFLOPS/s)
GATED_DELTA_NET: 3 x 3822.56 us = 11467.7 us
GET_ROWS: 8 x 51.347 us = 410.777 us
GLU: 8 x 366.566 us = 2932.53 us
L2_NORM: 6 x 293.002 us = 1758.02 us
MUL: 39 x 875.652 us = 34150.4 us
MULTI_ADD ADD: 13 x 779.474 us = 10133.2 us
MUL_MAT f32 m=1 n=2048 k=2560: 4 x 234.525 us = 938.101 us (44.7018 GFLOPS/s)
MUL_MAT f32 m=1536 n=8192 k=128: 1 x 235.407 us = 235.407 us (13630.2 GFLOPS/s)
MUL_MAT f32 m=256 n=4096 k=256: 1 x 38.392 us = 38.392 us (13956.6 GFLOPS/s)
MUL_MAT f32 m=256 n=49152 k=256: 1 x 575.894 us = 575.894 us (11165 GFLOPS/s)
MUL_MAT f32 m=512 n=2048 k=2560: 4 x 349.423 us = 1397.69 us (15361.5 GFLOPS/s)
MUL_MAT f32 m=64 n=16384 k=64: 1 x 56.627 us = 56.627 us (2351.69 GFLOPS/s)
MUL_MAT f32 m=64 n=196608 k=64: 1 x 402.364 us = 402.364 us (3971.6 GFLOPS/s)
MUL_MAT iq4_nl m=10240 n=2048 k=320: 8 x 1104.05 us = 8832.42 us (12137.8 GFLOPS/s)
MUL_MAT iq4_nl m=2560 n=2048 k=640: 4 x 367.227 us = 1468.91 us (18260.2 GFLOPS/s)
MUL_MAT iq4_xs m=12288 n=2048 k=2560: 1 x 6158.94 us = 6158.94 us (20916.6 GFLOPS/s)
MUL_MAT iq4_xs m=128 n=2048 k=2560: 1 x 128.403 us = 128.403 us (10450.8 GFLOPS/s)
MUL_MAT iq4_xs m=2560 n=2048 k=6144: 4 x 4361.91 us = 17447.6 us (14768.6 GFLOPS/s)
MUL_MAT iq4_xs m=320 n=2048 k=10240: 8 x 1525.41 us = 12203.3 us (8798.38 GFLOPS/s)
MUL_MAT iq4_xs m=4 n=2048 k=10240: 8 x 1337.78 us = 10702.3 us (125.405 GFLOPS/s)
MUL_MAT iq4_xs m=48 n=2048 k=2560: 6 x 257.468 us = 1544.81 us (1954.48 GFLOPS/s)
MUL_MAT iq4_xs m=512 n=2048 k=2560: 2 x 595.05 us = 1190.1 us (9020.51 GFLOPS/s)
MUL_MAT iq4_xs m=6144 n=2048 k=2560: 3 x 3080 us = 9240 us (20913 GFLOPS/s)
MUL_MAT iq4_xs m=640 n=2048 k=2560: 8 x 670.949 us = 5367.59 us (10000.1 GFLOPS/s)
MUL_MAT q5_K m=10240 n=2048 k=2560: 3 x 4532.56 us = 13597.7 us (23684.9 GFLOPS/s)
MUL_MAT q5_K m=512 n=2048 k=2560: 1 x 825.248 us = 825.248 us (6504.3 GFLOPS/s)
MUL_MAT_ID iq4_nl m=2560 n=10 k=640 n_expert=512 batch=2048: 4 x 5894.83 us = 23579.3 us (11375.5 GFLOPS/s)
MUL_MAT_ID iq4_xs m=640 n=10 k=2560 n_expert=512 batch=2048: 8 x 5427.81 us = 43422.5 us (12361.5 GFLOPS/s)
RELU: 1 x 463.2 us = 463.2 us
REPEAT: 8 x 663.239 us = 5305.92 us
RMS_NORM(2560,4,2048,1): 8 x 865.248 us = 6921.99 us
RMS_NORM_MUL RMS_NORM(128,1,1536,1): 1 x 16.711 us = 16.711 us
RMS_NORM_MUL RMS_NORM(128,4,2048,1): 1 x 72.738 us = 72.738 us
RMS_NORM_MUL RMS_NORM(128,48,2048,1): 3 x 1062.08 us = 3186.25 us
RMS_NORM_MUL RMS_NORM(256,2,2048,1): 1 x 53.181 us = 53.181 us
RMS_NORM_MUL RMS_NORM(256,24,2048,1): 1 x 704.498 us = 704.498 us
ROPE: 4 x 138.112 us = 552.448 us
SCALE: 33 x 33.812 us = 1115.83 us
SET_ROWS: 4 x 118.474 us = 473.898 us
SIGMOID: 27 x 288.099 us = 7778.69 us
SILU: 8 x 16.726 us = 133.811 us
SOFTPLUS: 3 x 4.768 us = 14.305 us
SSM_CONV_SILU SSM_CONV: 3 x 1108.81 us = 3326.44 us
SUM_ROWS: 1 x 2461.44 us = 2461.44 us
TOPK_MOE_EARLY_SOFTMAX_NORM SOFT_MAX: 4 x 25.868 us = 103.475 us
Total time: 300213 us.
----------------
Vulkan Timings:
ADD: 19 x 634.928 us = 12063.6 us
ARGSORT: 4 x 132.34 us = 529.363 us
CLAMP: 4 x 2.384 us = 9.536 us
CONCAT: 3 x 1245.37 us = 3736.1 us
CONT: 21 x 413.322 us = 8679.76 us
CPY: 7 x 70.155 us = 491.09 us
DIV: 4 x 2.434 us = 9.736 us
FA_KV_DEQUANT (sub-op): 1 x 138.623 us = 138.623 us
FILL: 2 x 70.032 us = 140.065 us
FLASH_ATTN_EXT dst(256,24,2048,1),  q(256,2048,24,1),  k(256,6144,2,1),  v(256,6144,2,1),  m(6144,2048,1,1): 1 x 20979 us = 20979 us (14740.3 GFLOPS/s)
GATED_DELTA_NET: 3 x 3923.29 us = 11769.9 us
GET_ROWS: 12 x 55.451 us = 665.418 us
GLU: 8 x 388.111 us = 3104.89 us
L2_NORM: 6 x 287.759 us = 1726.56 us
MUL: 39 x 859.74 us = 33529.9 us
MULTI_ADD ADD: 13 x 780.278 us = 10143.6 us
MUL_MAT f32 m=1 n=2048 k=2560: 4 x 255.855 us = 1023.42 us (40.9751 GFLOPS/s)
MUL_MAT f32 m=1536 n=8192 k=128: 1 x 238.693 us = 238.693 us (13442.5 GFLOPS/s)
MUL_MAT f32 m=256 n=4096 k=256: 1 x 38.954 us = 38.954 us (13755.3 GFLOPS/s)
MUL_MAT f32 m=256 n=49152 k=256: 1 x 530.808 us = 530.808 us (12113.4 GFLOPS/s)
MUL_MAT f32 m=512 n=2048 k=2560: 4 x 310.569 us = 1242.28 us (17283.3 GFLOPS/s)
MUL_MAT f32 m=64 n=16384 k=64: 1 x 55.345 us = 55.345 us (2406.16 GFLOPS/s)
MUL_MAT f32 m=64 n=196608 k=64: 1 x 383.408 us = 383.408 us (4167.96 GFLOPS/s)
MUL_MAT iq4_nl m=10240 n=2048 k=320: 8 x 1096.08 us = 8768.62 us (12226.1 GFLOPS/s)
MUL_MAT iq4_nl m=2560 n=2048 k=640: 4 x 290.541 us = 1162.17 us (23079.8 GFLOPS/s)
MUL_MAT iq4_xs m=12288 n=2048 k=2560: 1 x 6019.08 us = 6019.08 us (21402.6 GFLOPS/s)
MUL_MAT iq4_xs m=128 n=2048 k=2560: 1 x 138.382 us = 138.382 us (9697.18 GFLOPS/s)
MUL_MAT iq4_xs m=2560 n=2048 k=6144: 4 x 4177.74 us = 16710.9 us (15419.7 GFLOPS/s)
MUL_MAT iq4_xs m=320 n=2048 k=10240: 8 x 1535.64 us = 12285.1 us (8739.77 GFLOPS/s)
MUL_MAT iq4_xs m=4 n=2048 k=10240: 8 x 1342.32 us = 10738.5 us (124.981 GFLOPS/s)
MUL_MAT iq4_xs m=48 n=2048 k=2560: 6 x 219.61 us = 1317.66 us (2291.42 GFLOPS/s)
MUL_MAT iq4_xs m=512 n=2048 k=2560: 2 x 404.628 us = 809.256 us (13265.7 GFLOPS/s)
MUL_MAT iq4_xs m=6144 n=2048 k=2560: 3 x 2908.19 us = 8724.58 us (22148.4 GFLOPS/s)
MUL_MAT iq4_xs m=640 n=2048 k=2560: 8 x 473.824 us = 3790.6 us (14160.5 GFLOPS/s)
MUL_MAT q5_K m=10240 n=2048 k=2560: 3 x 4740.47 us = 14221.4 us (22646.1 GFLOPS/s)
MUL_MAT q5_K m=512 n=2048 k=2560: 1 x 390.501 us = 390.501 us (13745.6 GFLOPS/s)
MUL_MAT_ID iq4_nl m=2560 n=10 k=640 n_expert=512 batch=2048: 4 x 5597.47 us = 22389.9 us (11979.8 GFLOPS/s)
MUL_MAT_ID iq4_xs m=640 n=10 k=2560 n_expert=512 batch=2048: 8 x 4777.05 us = 38216.4 us (14045.4 GFLOPS/s)
RELU: 1 x 461.196 us = 461.196 us
REPEAT: 8 x 661.326 us = 5290.61 us
RMS_NORM(2560,4,2048,1): 8 x 857.198 us = 6857.59 us
RMS_NORM_MUL RMS_NORM(128,1,1536,1): 1 x 15.91 us = 15.91 us
RMS_NORM_MUL RMS_NORM(128,4,2048,1): 1 x 88.969 us = 88.969 us
RMS_NORM_MUL RMS_NORM(128,48,2048,1): 3 x 1036.08 us = 3108.22 us
RMS_NORM_MUL RMS_NORM(256,2,2048,1): 1 x 56.868 us = 56.868 us
RMS_NORM_MUL RMS_NORM(256,24,2048,1): 1 x 713.355 us = 713.355 us
ROPE: 4 x 137.931 us = 551.726 us
SCALE: 33 x 40.317 us = 1330.47 us
SET_ROWS: 4 x 114.126 us = 456.505 us
SIGMOID: 27 x 285.479 us = 7707.95 us
SILU: 8 x 16.906 us = 135.253 us
SOFTPLUS: 3 x 4.674 us = 14.024 us
SSM_CONV_SILU SSM_CONV: 3 x 1200.89 us = 3602.68 us
SUM_ROWS: 5 x 494.795 us = 2473.98 us
TOPK_MOE_EARLY_SOFTMAX_NORM SOFT_MAX: 4 x 24.836 us = 99.347 us
Total time: 289878 us.
----------------
Vulkan Timings:
ADD: 4 x 759.733 us = 3038.93 us
CONT: 4 x 323.814 us = 1295.26 us
FA_KV_DEQUANT (sub-op): 1 x 140.987 us = 140.987 us
FILL: 1 x 235.687 us = 235.687 us
FLASH_ATTN_EXT dst(256,24,2048,1),  q(256,2048,24,1),  k(256,6144,2,1),  v(256,6144,2,1),  m(6144,2048,1,1): 1 x 21463.3 us = 21463.3 us (14407.7 GFLOPS/s)
GLU: 2 x 366.155 us = 732.311 us
MUL: 9 x 943.396 us = 8490.57 us
MULTI_ADD ADD: 3 x 855.678 us = 2567.04 us
MUL_MAT f32 m=1 n=2048 k=2560: 1 x 246.428 us = 246.428 us (42.5427 GFLOPS/s)
MUL_MAT f32 m=512 n=2048 k=2560: 1 x 298.847 us = 298.847 us (17961.2 GFLOPS/s)
MUL_MAT f32 m=64 n=196608 k=64: 1 x 390.582 us = 390.582 us (4091.41 GFLOPS/s)
MUL_MAT iq4_nl m=10240 n=2048 k=320: 2 x 1094.22 us = 2188.44 us (12246.9 GFLOPS/s)
MUL_MAT iq4_nl m=2560 n=2048 k=640: 1 x 298.647 us = 298.647 us (22453.4 GFLOPS/s)
MUL_MAT iq4_xs m=2560 n=2048 k=6144: 1 x 3431.24 us = 3431.24 us (18774.3 GFLOPS/s)
MUL_MAT iq4_xs m=320 n=2048 k=10240: 2 x 1543.23 us = 3086.46 us (8696.76 GFLOPS/s)
MUL_MAT iq4_xs m=4 n=2048 k=10240: 2 x 1388.64 us = 2777.28 us (120.812 GFLOPS/s)
MUL_MAT iq4_xs m=640 n=2048 k=2560: 2 x 408.075 us = 816.15 us (16442 GFLOPS/s)
MUL_MAT_ID iq4_nl m=2560 n=10 k=640 n_expert=512 batch=2048: 1 x 5510.27 us = 5510.27 us (12169.4 GFLOPS/s)
MUL_MAT_ID iq4_xs m=640 n=10 k=2560 n_expert=512 batch=2048: 2 x 3998.3 us = 7996.59 us (16781.1 GFLOPS/s)
REPEAT: 2 x 658.61 us = 1317.22 us
RMS_NORM(2560,4,2048,1): 2 x 807.794 us = 1615.59 us
SCALE: 8 x 43.913 us = 351.305 us
SET_ROWS: 1 x 374.752 us = 374.752 us
SIGMOID: 6 x 308.312 us = 1849.87 us
SILU: 2 x 17.011 us = 34.023 us
TOPK_MOE_EARLY_SOFTMAX_NORM SOFT_MAX: 1 x 25.007 us = 25.007 us
Total time: 70572.8 us.
----------------
Vulkan Timings:
ABS: 1 x 2.324 us = 2.324 us
ADD: 16 x 5.139 us = 82.228 us
ARGSORT: 3 x 5.436 us = 16.31 us
CLAMP: 4 x 2.334 us = 9.336 us
CONCAT: 4 x 10.519 us = 42.078 us
CONT: 28 x 4.669 us = 130.752 us
CPY: 12 x 4.915 us = 58.986 us
DIV: 3 x 2.35 us = 7.052 us
FILL: 1 x 2.404 us = 2.404 us
GATED_DELTA_NET: 3 x 27.491 us = 82.475 us
GET_ROWS: 12 x 13.855 us = 166.269 us
GLU: 6 x 6.238 us = 37.428 us
L2_NORM: 6 x 3.78 us = 22.682 us
MUL: 42 x 6.188 us = 259.909 us
MULTI_ADD ADD: 13 x 5.064 us = 65.838 us
MUL_MAT f32 m=1 n=12 k=2560: 3 x 149.47 us = 448.411 us (0.410971 GFLOPS/s)
MUL_MAT f32 m=1600 n=48 k=128: 1 x 6.412 us = 6.412 us (3054.27 GFLOPS/s)
MUL_MAT f32 m=256 n=24 k=256: 1 x 1.362 us = 1.362 us (2305.13 GFLOPS/s)
MUL_MAT f32 m=256 n=288 k=256: 1 x 2.604 us = 2.604 us (14468.1 GFLOPS/s)
MUL_MAT f32 m=512 n=12 k=2560: 3 x 79.764 us = 239.294 us (394.299 GFLOPS/s)
MUL_MAT f32 m=64 n=96 k=64: 1 x 2.404 us = 2.404 us (324.579 GFLOPS/s)
MUL_MAT iq4_nl m=10240 n=12 k=320: 7 x 32.919 us = 230.435 us (2385.24 GFLOPS/s)
MUL_MAT iq4_nl m=2560 n=12 k=640: 3 x 21.814 us = 65.443 us (1801.15 GFLOPS/s)
MUL_MAT iq4_xs m=10240 n=12 k=2560: 1 x 135.056 us = 135.056 us (4657.5 GFLOPS/s)
MUL_MAT iq4_xs m=12288 n=12 k=2560: 1 x 170.804 us = 170.804 us (4419.26 GFLOPS/s)
MUL_MAT iq4_xs m=128 n=12 k=2560: 1 x 56.066 us = 56.066 us (140.242 GFLOPS/s)
MUL_MAT iq4_xs m=2560 n=12 k=2560: 1 x 58.711 us = 58.711 us (2678.47 GFLOPS/s)
MUL_MAT iq4_xs m=2560 n=12 k=6144: 3 x 128.39 us = 385.17 us (2939.92 GFLOPS/s)
MUL_MAT iq4_xs m=320 n=12 k=10240: 7 x 218.133 us = 1526.94 us (360.51 GFLOPS/s)
MUL_MAT iq4_xs m=4 n=12 k=10240: 6 x 515.345 us = 3092.07 us (1.90744 GFLOPS/s)
MUL_MAT iq4_xs m=48 n=12 k=2560: 6 x 57.916 us = 347.497 us (50.9106 GFLOPS/s)
MUL_MAT iq4_xs m=512 n=12 k=2560: 2 x 44.324 us = 88.648 us (709.574 GFLOPS/s)
MUL_MAT iq4_xs m=6144 n=12 k=2560: 3 x 93.563 us = 280.691 us (4033.76 GFLOPS/s)
MUL_MAT iq4_xs m=640 n=12 k=2560: 6 x 49.807 us = 298.844 us (789.32 GFLOPS/s)
MUL_MAT q5_K m=10240 n=12 k=2560: 3 x 315.586 us = 946.758 us (1993.19 GFLOPS/s)
MUL_MAT q5_K m=512 n=12 k=2560: 1 x 36.589 us = 36.589 us (859.579 GFLOPS/s)
MUL_MAT_ID iq4_nl m=2560 n=10 k=640 n_expert=512 batch=12: 3 x 122.792 us = 368.378 us (3199.77 GFLOPS/s)
MUL_MAT_ID iq4_xs m=640 n=10 k=2560 n_expert=512 batch=12: 6 x 196.125 us = 1176.75 us (2004.53 GFLOPS/s)
RELU: 1 x 3.286 us = 3.286 us
REPEAT: 8 x 13.354 us = 106.838 us
RMS_NORM(2560,4,12,1): 10 x 5.802 us = 58.024 us
RMS_NORM_MUL RMS_NORM(128,1,1600,1): 1 x 16.711 us = 16.711 us
RMS_NORM_MUL RMS_NORM(128,4,12,1): 1 x 2.524 us = 2.524 us
RMS_NORM_MUL RMS_NORM(128,48,12,1): 3 x 11.073 us = 33.221 us
RMS_NORM_MUL RMS_NORM(256,2,12,1): 1 x 2.324 us = 2.324 us
RMS_NORM_MUL RMS_NORM(256,24,12,1): 1 x 8.496 us = 8.496 us
ROPE: 4 x 5.95 us = 23.803 us
SCALE: 28 x 3.351 us = 93.844 us
SET_ROWS: 3 x 3.967 us = 11.901 us
SGN: 1 x 2.244 us = 2.244 us
SIGMOID: 23 x 3.866 us = 88.918 us
SILU: 8 x 3.821 us = 30.574 us
SOFTPLUS: 3 x 2.337 us = 7.012 us
SQRT: 1 x 10.179 us = 10.179 us
SSM_CONV_SILU SSM_CONV: 3 x 5.997 us = 17.993 us
SUM_ROWS: 5 x 6.523 us = 32.619 us
TOPK_MOE_EARLY_SOFTMAX_NORM SOFT_MAX: 3 x 4.368 us = 13.104 us
Total time: 11515 us.
----------------
Vulkan Timings:
ADD: 19 x 5.298 us = 100.663 us
CONCAT: 3 x 5.716 us = 17.15 us
CONT: 21 x 4.615 us = 96.932 us
CPY: 7 x 6.279 us = 43.959 us
FILL: 2 x 2.544 us = 5.089 us
FLASH_ATTN_EXT dst(256,24,12,1),  q(256,12,24,1),  k(256,6400,2,1),  v(256,6400,2,1),  m(6400,12,1,1): 1 x 297.284 us = 297.284 us (6348.94 GFLOPS/s)
GATED_DELTA_NET: 3 x 19.783 us = 59.351 us
GET_ROWS: 8 x 14.126 us = 113.011 us
GLU: 8 x 8.831 us = 70.651 us
L2_NORM: 6 x 3.82 us = 22.921 us
MUL: 39 x 5.221 us = 203.647 us
MULTI_ADD ADD: 13 x 3.905 us = 50.771 us
MUL_MAT f32 m=1 n=12 k=2560: 4 x 142.38 us = 569.52 us (0.431437 GFLOPS/s)
MUL_MAT f32 m=1600 n=48 k=128: 1 x 6.812 us = 6.812 us (2874.93 GFLOPS/s)
MUL_MAT f32 m=256 n=24 k=256: 1 x 1.282 us = 1.282 us (2448.97 GFLOPS/s)
MUL_MAT f32 m=256 n=288 k=256: 1 x 2.725 us = 2.725 us (13825.7 GFLOPS/s)
MUL_MAT f32 m=512 n=12 k=2560: 4 x 73.859 us = 295.439 us (425.822 GFLOPS/s)
MUL_MAT f32 m=64 n=1152 k=64: 1 x 2.885 us = 2.885 us (3245.57 GFLOPS/s)
MUL_MAT f32 m=64 n=96 k=64: 1 x 2.404 us = 2.404 us (324.579 GFLOPS/s)
MUL_MAT iq4_nl m=10240 n=12 k=320: 8 x 21.6 us = 172.804 us (3635.12 GFLOPS/s)
MUL_MAT iq4_nl m=2560 n=12 k=640: 4 x 16.781 us = 67.126 us (2341.32 GFLOPS/s)
MUL_MAT iq4_xs m=12288 n=12 k=2560: 1 x 191.203 us = 191.203 us (3947.78 GFLOPS/s)
MUL_MAT iq4_xs m=128 n=12 k=2560: 1 x 55.745 us = 55.745 us (141.049 GFLOPS/s)
MUL_MAT iq4_xs m=2560 n=12 k=6144: 4 x 121.44 us = 485.761 us (3108.17 GFLOPS/s)
MUL_MAT iq4_xs m=320 n=12 k=10240: 8 x 151.547 us = 1212.38 us (518.909 GFLOPS/s)
MUL_MAT iq4_xs m=4 n=12 k=10240: 8 x 497.8 us = 3982.4 us (1.97467 GFLOPS/s)
MUL_MAT iq4_xs m=48 n=12 k=2560: 6 x 43.388 us = 260.332 us (67.9565 GFLOPS/s)
MUL_MAT iq4_xs m=512 n=12 k=2560: 2 x 45.646 us = 91.292 us (689.023 GFLOPS/s)
MUL_MAT iq4_xs m=6144 n=12 k=2560: 3 x 85.281 us = 255.845 us (4425.5 GFLOPS/s)
MUL_MAT iq4_xs m=640 n=12 k=2560: 8 x 50.57 us = 404.565 us (777.406 GFLOPS/s)
MUL_MAT q5_K m=10240 n=12 k=2560: 3 x 166.702 us = 500.108 us (3773.32 GFLOPS/s)
MUL_MAT q5_K m=512 n=12 k=2560: 1 x 42.12 us = 42.12 us (746.703 GFLOPS/s)
MUL_MAT_ID iq4_nl m=2560 n=10 k=640 n_expert=512 batch=12: 4 x 122.742 us = 490.971 us (3201.08 GFLOPS/s)
MUL_MAT_ID iq4_xs m=640 n=10 k=2560 n_expert=512 batch=12: 8 x 183.222 us = 1465.78 us (2145.69 GFLOPS/s)
RELU: 1 x 3.085 us = 3.085 us
REPEAT: 8 x 8.841 us = 70.732 us
RMS_NORM(2560,4,12,1): 8 x 4.297 us = 34.379 us
RMS_NORM_MUL RMS_NORM(128,1,1600,1): 1 x 16.872 us = 16.872 us
RMS_NORM_MUL RMS_NORM(128,4,12,1): 1 x 2.364 us = 2.364 us
RMS_NORM_MUL RMS_NORM(128,48,12,1): 3 x 17.299 us = 51.897 us
RMS_NORM_MUL RMS_NORM(256,2,12,1): 1 x 2.524 us = 2.524 us
RMS_NORM_MUL RMS_NORM(256,24,12,1): 1 x 8.496 us = 8.496 us
ROPE: 4 x 7.012 us = 28.051 us
SCALE: 33 x 2.602 us = 85.867 us
SET_ROWS: 4 x 3.716 us = 14.866 us
SIGMOID: 27 x 3.469 us = 93.687 us
SILU: 8 x 2.359 us = 18.872 us
SOFTPLUS: 3 x 2.324 us = 6.972 us
SSM_CONV_SILU SSM_CONV: 3 x 5.089 us = 15.267 us
SUM_ROWS: 1 x 16.27 us = 16.27 us
TOPK_MOE_EARLY_SOFTMAX_NORM SOFT_MAX: 4 x 5.069 us = 20.276 us
Total time: 12131.4 us.
----------------
Vulkan Timings:
ADD: 19 x 5.723 us = 108.755 us
CONCAT: 3 x 5.957 us = 17.873 us
CONT: 21 x 3.915 us = 82.224 us
CPY: 7 x 8.369 us = 58.587 us
FILL: 2 x 2.404 us = 4.808 us
FLASH_ATTN_EXT dst(256,24,12,1),  q(256,12,24,1),  k(256,6400,2,1),  v(256,6400,2,1),  m(6400,12,1,1): 1 x 276.004 us = 276.004 us (6838.44 GFLOPS/s)
GATED_DELTA_NET: 3 x 22.348 us = 67.046 us
GET_ROWS: 8 x 14.131 us = 113.051 us
GLU: 8 x 7.458 us = 59.669 us
L2_NORM: 6 x 3.86 us = 23.163 us
MUL: 39 x 5.612 us = 218.874 us
MULTI_ADD ADD: 13 x 5.005 us = 65.077 us
MUL_MAT f32 m=1 n=12 k=2560: 4 x 151.707 us = 606.831 us (0.40491 GFLOPS/s)
MUL_MAT f32 m=1600 n=48 k=128: 1 x 6.772 us = 6.772 us (2891.91 GFLOPS/s)
MUL_MAT f32 m=256 n=24 k=256: 1 x 1.322 us = 1.322 us (2374.87 GFLOPS/s)
MUL_MAT f32 m=256 n=288 k=256: 1 x 2.725 us = 2.725 us (13825.7 GFLOPS/s)
MUL_MAT f32 m=512 n=12 k=2560: 4 x 84.64 us = 338.562 us (371.585 GFLOPS/s)
MUL_MAT f32 m=64 n=1152 k=64: 1 x 3.045 us = 3.045 us (3075.03 GFLOPS/s)
MUL_MAT f32 m=64 n=96 k=64: 1 x 2.364 us = 2.364 us (330.071 GFLOPS/s)
MUL_MAT iq4_nl m=10240 n=12 k=320: 8 x 23.263 us = 186.109 us (3375.24 GFLOPS/s)
MUL_MAT iq4_nl m=2560 n=12 k=640: 4 x 20.398 us = 81.594 us (1926.17 GFLOPS/s)
MUL_MAT iq4_xs m=12288 n=12 k=2560: 1 x 194.249 us = 194.249 us (3885.87 GFLOPS/s)
MUL_MAT iq4_xs m=128 n=12 k=2560: 1 x 56.226 us = 56.226 us (139.842 GFLOPS/s)
MUL_MAT iq4_xs m=2560 n=12 k=6144: 4 x 126.55 us = 506.2 us (2982.67 GFLOPS/s)
MUL_MAT iq4_xs m=320 n=12 k=10240: 8 x 151.146 us = 1209.17 us (520.285 GFLOPS/s)
MUL_MAT iq4_xs m=4 n=12 k=10240: 8 x 509.658 us = 4077.26 us (1.92873 GFLOPS/s)
MUL_MAT iq4_xs m=48 n=12 k=2560: 6 x 43.709 us = 262.255 us (67.4583 GFLOPS/s)
MUL_MAT iq4_xs m=512 n=12 k=2560: 2 x 47.349 us = 94.699 us (664.234 GFLOPS/s)
MUL_MAT iq4_xs m=6144 n=12 k=2560: 3 x 86.363 us = 259.091 us (4370.05 GFLOPS/s)
MUL_MAT iq4_xs m=640 n=12 k=2560: 8 x 48.847 us = 390.779 us (804.832 GFLOPS/s)
MUL_MAT q5_K m=10240 n=12 k=2560: 3 x 200.714 us = 602.143 us (3133.92 GFLOPS/s)
MUL_MAT q5_K m=512 n=12 k=2560: 1 x 45.606 us = 45.606 us (689.627 GFLOPS/s)
MUL_MAT_ID iq4_nl m=2560 n=10 k=640 n_expert=512 batch=12: 4 x 133.413 us = 533.653 us (2945.05 GFLOPS/s)
MUL_MAT_ID iq4_xs m=640 n=10 k=2560 n_expert=512 batch=12: 8 x 198.566 us = 1588.53 us (1979.89 GFLOPS/s)
RELU: 1 x 3.125 us = 3.125 us
REPEAT: 8 x 6.441 us = 51.534 us
RMS_NORM(2560,4,12,1): 8 x 4.468 us = 35.744 us
RMS_NORM_MUL RMS_NORM(128,1,1600,1): 1 x 16.711 us = 16.711 us
RMS_NORM_MUL RMS_NORM(128,4,12,1): 1 x 2.444 us = 2.444 us
RMS_NORM_MUL RMS_NORM(128,48,12,1): 3 x 11.1 us = 33.302 us
RMS_NORM_MUL RMS_NORM(256,2,12,1): 1 x 2.564 us = 2.564 us
RMS_NORM_MUL RMS_NORM(256,24,12,1): 1 x 9.057 us = 9.057 us
ROPE: 4 x 6.151 us = 24.605 us
SCALE: 33 x 2.474 us = 81.658 us
SET_ROWS: 4 x 2.614 us = 10.458 us
SIGMOID: 27 x 3.198 us = 86.353 us
SILU: 8 x 2.364 us = 18.912 us
SOFTPLUS: 3 x 2.35 us = 7.052 us
SSM_CONV_SILU SSM_CONV: 3 x 5.436 us = 16.31 us
SUM_ROWS: 1 x 16.431 us = 16.431 us
TOPK_MOE_EARLY_SOFTMAX_NORM SOFT_MAX: 4 x 5.099 us = 20.396 us
Total time: 12581 us.
----------------
Vulkan Timings:
ADD: 19 x 5.057 us = 96.091 us
CONCAT: 3 x 6.024 us = 18.073 us
CONT: 21 x 3.946 us = 82.867 us
CPY: 7 x 5.667 us = 39.672 us
FILL: 2 x 2.584 us = 5.169 us
FLASH_ATTN_EXT dst(256,24,12,1),  q(256,12,24,1),  k(256,6400,2,1),  v(256,6400,2,1),  m(6400,12,1,1): 1 x 288.267 us = 288.267 us (6547.53 GFLOPS/s)
GATED_DELTA_NET: 3 x 22.629 us = 67.888 us
GET_ROWS: 8 x 14.552 us = 116.417 us
GLU: 8 x 5.96 us = 47.686 us
L2_NORM: 6 x 3.833 us = 23.001 us
MUL: 39 x 5.546 us = 216.309 us
MULTI_ADD ADD: 13 x 4.845 us = 62.994 us
MUL_MAT f32 m=1 n=12 k=2560: 4 x 144.634 us = 578.536 us (0.424713 GFLOPS/s)
MUL_MAT f32 m=1600 n=48 k=128: 1 x 6.652 us = 6.652 us (2944.08 GFLOPS/s)
MUL_MAT f32 m=256 n=24 k=256: 1 x 1.322 us = 1.322 us (2374.87 GFLOPS/s)
MUL_MAT f32 m=256 n=288 k=256: 1 x 2.725 us = 2.725 us (13825.7 GFLOPS/s)
MUL_MAT f32 m=512 n=12 k=2560: 4 x 80.352 us = 321.409 us (391.416 GFLOPS/s)
MUL_MAT f32 m=64 n=1152 k=64: 1 x 3.085 us = 3.085 us (3035.16 GFLOPS/s)
MUL_MAT f32 m=64 n=96 k=64: 1 x 2.364 us = 2.364 us (330.071 GFLOPS/s)
MUL_MAT iq4_nl m=10240 n=12 k=320: 8 x 22.702 us = 181.621 us (3458.64 GFLOPS/s)
MUL_MAT iq4_nl m=2560 n=12 k=640: 4 x 20.789 us = 83.156 us (1889.98 GFLOPS/s)
MUL_MAT iq4_xs m=12288 n=12 k=2560: 1 x 187.195 us = 187.195 us (4032.3 GFLOPS/s)
MUL_MAT iq4_xs m=128 n=12 k=2560: 1 x 56.106 us = 56.106 us (140.142 GFLOPS/s)
MUL_MAT iq4_xs m=2560 n=12 k=6144: 4 x 124.105 us = 496.421 us (3041.42 GFLOPS/s)
MUL_MAT iq4_xs m=320 n=12 k=10240: 8 x 151.928 us = 1215.42 us (517.609 GFLOPS/s)
MUL_MAT iq4_xs m=4 n=12 k=10240: 8 x 515.99 us = 4127.92 us (1.90506 GFLOPS/s)
MUL_MAT iq4_xs m=48 n=12 k=2560: 6 x 44.637 us = 267.825 us (66.0553 GFLOPS/s)
MUL_MAT iq4_xs m=512 n=12 k=2560: 2 x 45.486 us = 90.972 us (691.447 GFLOPS/s)
MUL_MAT iq4_xs m=6144 n=12 k=2560: 3 x 86.043 us = 258.129 us (4386.34 GFLOPS/s)
MUL_MAT iq4_xs m=640 n=12 k=2560: 8 x 49.483 us = 395.869 us (794.483 GFLOPS/s)
MUL_MAT q5_K m=10240 n=12 k=2560: 3 x 202.691 us = 608.073 us (3103.36 GFLOPS/s)
MUL_MAT q5_K m=512 n=12 k=2560: 1 x 41.919 us = 41.919 us (750.284 GFLOPS/s)
MUL_MAT_ID iq4_nl m=2560 n=10 k=640 n_expert=512 batch=12: 4 x 145.646 us = 582.586 us (2697.69 GFLOPS/s)
MUL_MAT_ID iq4_xs m=640 n=10 k=2560 n_expert=512 batch=12: 8 x 209.277 us = 1674.22 us (1878.56 GFLOPS/s)
RELU: 1 x 3.166 us = 3.166 us
REPEAT: 8 x 8.971 us = 71.773 us
RMS_NORM(2560,4,12,1): 8 x 4.458 us = 35.664 us
RMS_NORM_MUL RMS_NORM(128,1,1600,1): 1 x 17.152 us = 17.152 us
RMS_NORM_MUL RMS_NORM(128,4,12,1): 1 x 2.364 us = 2.364 us
RMS_NORM_MUL RMS_NORM(128,48,12,1): 3 x 10.913 us = 32.74 us
RMS_NORM_MUL RMS_NORM(256,2,12,1): 1 x 2.404 us = 2.404 us
RMS_NORM_MUL RMS_NORM(256,24,12,1): 1 x 9.738 us = 9.738 us
ROPE: 4 x 6.241 us = 24.965 us
SCALE: 33 x 2.479 us = 81.818 us
SET_ROWS: 4 x 2.534 us = 10.138 us
SIGMOID: 27 x 3.57 us = 96.41 us
SILU: 8 x 2.394 us = 19.152 us
SOFTPLUS: 3 x 2.324 us = 6.972 us
SSM_CONV_SILU SSM_CONV: 3 x 5.223 us = 15.669 us
SUM_ROWS: 1 x 16.952 us = 16.952 us
TOPK_MOE_EARLY_SOFTMAX_NORM SOFT_MAX: 4 x 5.059 us = 20.236 us
Total time: 12715.3 us.
----------------
Vulkan Timings:
ADD: 19 x 4.96 us = 94.249 us
CONCAT: 3 x 5.984 us = 17.953 us
CONT: 21 x 5.051 us = 106.071 us
CPY: 7 x 9.56 us = 66.922 us
FILL: 2 x 2.544 us = 5.089 us
FLASH_ATTN_EXT dst(256,24,12,1),  q(256,12,24,1),  k(256,6400,2,1),  v(256,6400,2,1),  m(6400,12,1,1): 1 x 291.714 us = 291.714 us (6470.16 GFLOPS/s)
GATED_DELTA_NET: 3 x 22.268 us = 66.805 us
GET_ROWS: 8 x 15.328 us = 122.628 us
GLU: 8 x 7.448 us = 59.588 us
L2_NORM: 6 x 3.78 us = 22.682 us
MUL: 39 x 5.483 us = 213.863 us
MULTI_ADD ADD: 13 x 4.207 us = 54.696 us
MUL_MAT f32 m=1 n=12 k=2560: 4 x 154.132 us = 616.529 us (0.398541 GFLOPS/s)
MUL_MAT f32 m=1600 n=48 k=128: 1 x 6.612 us = 6.612 us (2961.89 GFLOPS/s)
MUL_MAT f32 m=256 n=24 k=256: 1 x 1.322 us = 1.322 us (2374.87 GFLOPS/s)
MUL_MAT f32 m=256 n=288 k=256: 1 x 2.765 us = 2.765 us (13625.7 GFLOPS/s)
MUL_MAT f32 m=512 n=12 k=2560: 4 x 80.071 us = 320.286 us (392.788 GFLOPS/s)
MUL_MAT f32 m=64 n=1152 k=64: 1 x 3.005 us = 3.005 us (3115.96 GFLOPS/s)
MUL_MAT f32 m=64 n=96 k=64: 1 x 2.364 us = 2.364 us (330.071 GFLOPS/s)
MUL_MAT iq4_nl m=10240 n=12 k=320: 8 x 22.602 us = 180.821 us (3473.95 GFLOPS/s)
MUL_MAT iq4_nl m=2560 n=12 k=640: 4 x 16.791 us = 67.166 us (2339.93 GFLOPS/s)
MUL_MAT iq4_xs m=12288 n=12 k=2560: 1 x 183.228 us = 183.228 us (4119.61 GFLOPS/s)
MUL_MAT iq4_xs m=128 n=12 k=2560: 1 x 55.946 us = 55.946 us (140.542 GFLOPS/s)
MUL_MAT iq4_xs m=2560 n=12 k=6144: 4 x 123.875 us = 495.5 us (3047.08 GFLOPS/s)
MUL_MAT iq4_xs m=320 n=12 k=10240: 8 x 150.58 us = 1204.64 us (522.241 GFLOPS/s)
MUL_MAT iq4_xs m=4 n=12 k=10240: 8 x 524.731 us = 4197.85 us (1.87332 GFLOPS/s)
MUL_MAT iq4_xs m=48 n=12 k=2560: 6 x 44.196 us = 265.18 us (66.7142 GFLOPS/s)
MUL_MAT iq4_xs m=512 n=12 k=2560: 2 x 45.646 us = 91.292 us (689.023 GFLOPS/s)
MUL_MAT iq4_xs m=6144 n=12 k=2560: 3 x 85.869 us = 257.609 us (4395.19 GFLOPS/s)
MUL_MAT iq4_xs m=640 n=12 k=2560: 8 x 50.535 us = 404.284 us (777.947 GFLOPS/s)
MUL_MAT q5_K m=10240 n=12 k=2560: 3 x 201.128 us = 603.385 us (3127.47 GFLOPS/s)
MUL_MAT q5_K m=512 n=12 k=2560: 1 x 37.391 us = 37.391 us (841.142 GFLOPS/s)
MUL_MAT_ID iq4_nl m=2560 n=10 k=640 n_expert=512 batch=12: 4 x 207.263 us = 829.054 us (1895.7 GFLOPS/s)
MUL_MAT_ID iq4_xs m=640 n=10 k=2560 n_expert=512 batch=12: 8 x 272.166 us = 2177.33 us (1444.48 GFLOPS/s)
RELU: 1 x 3.125 us = 3.125 us
REPEAT: 8 x 9.738 us = 77.905 us
RMS_NORM(2560,4,12,1): 8 x 4.498 us = 35.984 us
RMS_NORM_MUL RMS_NORM(128,1,1600,1): 1 x 16.912 us = 16.912 us
RMS_NORM_MUL RMS_NORM(128,4,12,1): 1 x 2.364 us = 2.364 us
RMS_NORM_MUL RMS_NORM(128,48,12,1): 3 x 11.127 us = 33.382 us
RMS_NORM_MUL RMS_NORM(256,2,12,1): 1 x 2.404 us = 2.404 us
RMS_NORM_MUL RMS_NORM(256,24,12,1): 1 x 8.576 us = 8.576 us
ROPE: 4 x 6.912 us = 27.65 us
SCALE: 33 x 2.489 us = 82.138 us
SET_ROWS: 4 x 3.686 us = 14.746 us
SIGMOID: 27 x 3.379 us = 91.241 us
SILU: 8 x 2.374 us = 18.992 us
SOFTPLUS: 3 x 2.337 us = 7.012 us
SSM_CONV_SILU SSM_CONV: 3 x 5.276 us = 15.829 us
SUM_ROWS: 1 x 16.791 us = 16.791 us
TOPK_MOE_EARLY_SOFTMAX_NORM SOFT_MAX: 4 x 4.979 us = 19.916 us
Total time: 13600.8 us.
----------------
Vulkan Timings:
ADD: 19 x 5.333 us = 101.342 us
CONCAT: 3 x 5.917 us = 17.753 us
CONT: 21 x 4.632 us = 97.291 us
CPY: 7 x 6.841 us = 47.887 us
FILL: 2 x 2.584 us = 5.169 us
FLASH_ATTN_EXT dst(256,24,12,1),  q(256,12,24,1),  k(256,6400,2,1),  v(256,6400,2,1),  m(6400,12,1,1): 1 x 327.662 us = 327.662 us (5760.32 GFLOPS/s)
GATED_DELTA_NET: 3 x 22.175 us = 66.525 us
GET_ROWS: 8 x 14.236 us = 113.892 us
GLU: 8 x 5.439 us = 43.519 us
L2_NORM: 6 x 3.82 us = 22.922 us
MUL: 39 x 5.089 us = 198.476 us
MULTI_ADD ADD: 13 x 4.155 us = 54.015 us
MUL_MAT f32 m=1 n=12 k=2560: 4 x 150.585 us = 602.342 us (0.407928 GFLOPS/s)
MUL_MAT f32 m=1600 n=48 k=128: 1 x 6.732 us = 6.732 us (2909.09 GFLOPS/s)
MUL_MAT f32 m=256 n=24 k=256: 1 x 1.282 us = 1.282 us (2448.97 GFLOPS/s)
MUL_MAT f32 m=256 n=288 k=256: 1 x 2.845 us = 2.845 us (13242.5 GFLOPS/s)
MUL_MAT f32 m=512 n=12 k=2560: 4 x 84.259 us = 337.039 us (373.264 GFLOPS/s)
MUL_MAT f32 m=64 n=1152 k=64: 1 x 3.005 us = 3.005 us (3115.96 GFLOPS/s)
MUL_MAT f32 m=64 n=96 k=64: 1 x 2.404 us = 2.404 us (324.579 GFLOPS/s)
MUL_MAT iq4_nl m=10240 n=12 k=320: 8 x 21.61 us = 172.886 us (3633.39 GFLOPS/s)
MUL_MAT iq4_nl m=2560 n=12 k=640: 4 x 22.141 us = 88.566 us (1774.54 GFLOPS/s)
MUL_MAT iq4_xs m=12288 n=12 k=2560: 1 x 187.155 us = 187.155 us (4033.17 GFLOPS/s)
MUL_MAT iq4_xs m=128 n=12 k=2560: 1 x 56.387 us = 56.387 us (139.443 GFLOPS/s)
MUL_MAT iq4_xs m=2560 n=12 k=6144: 4 x 121.54 us = 486.161 us (3105.61 GFLOPS/s)
MUL_MAT iq4_xs m=320 n=12 k=10240: 8 x 152.85 us = 1222.8 us (514.487 GFLOPS/s)
MUL_MAT iq4_xs m=4 n=12 k=10240: 8 x 525.798 us = 4206.39 us (1.86952 GFLOPS/s)
MUL_MAT iq4_xs m=48 n=12 k=2560: 6 x 44.597 us = 267.586 us (66.1143 GFLOPS/s)
MUL_MAT iq4_xs m=512 n=12 k=2560: 2 x 47.289 us = 94.579 us (665.077 GFLOPS/s)
MUL_MAT iq4_xs m=6144 n=12 k=2560: 3 x 87.646 us = 262.938 us (4306.11 GFLOPS/s)
MUL_MAT iq4_xs m=640 n=12 k=2560: 8 x 51.161 us = 409.294 us (768.424 GFLOPS/s)
MUL_MAT q5_K m=10240 n=12 k=2560: 3 x 196.239 us = 588.717 us (3205.39 GFLOPS/s)
MUL_MAT q5_K m=512 n=12 k=2560: 1 x 37.15 us = 37.15 us (846.599 GFLOPS/s)
MUL_MAT_ID iq4_nl m=2560 n=10 k=640 n_expert=512 batch=12: 4 x 208.766 us = 835.064 us (1882.05 GFLOPS/s)
MUL_MAT_ID iq4_xs m=640 n=10 k=2560 n_expert=512 batch=12: 8 x 315.513 us = 2524.11 us (1246.03 GFLOPS/s)
RELU: 1 x 3.125 us = 3.125 us
REPEAT: 8 x 10.033 us = 80.268 us
RMS_NORM(2560,4,12,1): 8 x 4.373 us = 34.984 us
RMS_NORM_MUL RMS_NORM(128,1,1600,1): 1 x 16.671 us = 16.671 us
RMS_NORM_MUL RMS_NORM(128,4,12,1): 1 x 2.364 us = 2.364 us
RMS_NORM_MUL RMS_NORM(128,48,12,1): 3 x 17.473 us = 52.419 us
RMS_NORM_MUL RMS_NORM(256,2,12,1): 1 x 2.524 us = 2.524 us
RMS_NORM_MUL RMS_NORM(256,24,12,1): 1 x 8.135 us = 8.135 us
ROPE: 4 x 6.321 us = 25.286 us
SCALE: 33 x 2.481 us = 81.898 us
SET_ROWS: 4 x 2.524 us = 10.098 us
SIGMOID: 27 x 3.204 us = 86.514 us
SILU: 8 x 2.369 us = 18.952 us
SOFTPLUS: 3 x 2.35 us = 7.052 us
SSM_CONV_SILU SSM_CONV: 3 x 5.236 us = 15.708 us
SUM_ROWS: 1 x 16.27 us = 16.27 us
TOPK_MOE_EARLY_SOFTMAX_NORM SOFT_MAX: 4 x 5.109 us = 20.436 us
Total time: 13974.6 us.
----------------
Vulkan Timings:
ADD: 19 x 5.023 us = 95.45 us
CONCAT: 3 x 5.931 us = 17.793 us
CONT: 21 x 4.237 us = 88.996 us
CPY: 7 x 9.268 us = 64.88 us
FILL: 2 x 2.584 us = 5.169 us
FLASH_ATTN_EXT dst(256,24,12,1),  q(256,12,24,1),  k(256,6400,2,1),  v(256,6400,2,1),  m(6400,12,1,1): 1 x 312.313 us = 312.313 us (6043.41 GFLOPS/s)
GATED_DELTA_NET: 3 x 23.003 us = 69.009 us
GET_ROWS: 8 x 14.141 us = 113.131 us
GLU: 8 x 6.066 us = 48.528 us
L2_NORM: 6 x 3.84 us = 23.042 us
MUL: 39 x 5.535 us = 215.868 us
MULTI_ADD ADD: 13 x 4.549 us = 59.146 us
MUL_MAT f32 m=1 n=12 k=2560: 4 x 144.013 us = 576.052 us (0.426545 GFLOPS/s)
MUL_MAT f32 m=1600 n=48 k=128: 1 x 6.732 us = 6.732 us (2909.09 GFLOPS/s)
MUL_MAT f32 m=256 n=24 k=256: 1 x 1.282 us = 1.282 us (2448.97 GFLOPS/s)
MUL_MAT f32 m=256 n=288 k=256: 1 x 2.765 us = 2.765 us (13625.7 GFLOPS/s)
MUL_MAT f32 m=512 n=12 k=2560: 4 x 81.043 us = 324.174 us (388.077 GFLOPS/s)
MUL_MAT f32 m=64 n=1152 k=64: 1 x 2.965 us = 2.965 us (3158 GFLOPS/s)
MUL_MAT f32 m=64 n=96 k=64: 1 x 2.404 us = 2.404 us (324.579 GFLOPS/s)
MUL_MAT iq4_nl m=10240 n=12 k=320: 8 x 22.407 us = 179.256 us (3504.28 GFLOPS/s)
MUL_MAT iq4_nl m=2560 n=12 k=640: 4 x 22.933 us = 91.732 us (1713.29 GFLOPS/s)
MUL_MAT iq4_xs m=12288 n=12 k=2560: 1 x 189.319 us = 189.319 us (3987.07 GFLOPS/s)
MUL_MAT iq4_xs m=128 n=12 k=2560: 1 x 55.986 us = 55.986 us (140.442 GFLOPS/s)
MUL_MAT iq4_xs m=2560 n=12 k=6144: 4 x 122.342 us = 489.368 us (3085.26 GFLOPS/s)
MUL_MAT iq4_xs m=320 n=12 k=10240: 8 x 151.903 us = 1215.23 us (517.694 GFLOPS/s)
MUL_MAT iq4_xs m=4 n=12 k=10240: 8 x 534.324 us = 4274.6 us (1.83969 GFLOPS/s)
MUL_MAT iq4_xs m=48 n=12 k=2560: 6 x 44.577 us = 267.466 us (66.144 GFLOPS/s)
MUL_MAT iq4_xs m=512 n=12 k=2560: 2 x 47.49 us = 94.98 us (662.269 GFLOPS/s)
MUL_MAT iq4_xs m=6144 n=12 k=2560: 3 x 85.215 us = 255.645 us (4428.96 GFLOPS/s)
MUL_MAT iq4_xs m=640 n=12 k=2560: 8 x 49.618 us = 396.949 us (792.322 GFLOPS/s)
MUL_MAT q5_K m=10240 n=12 k=2560: 3 x 194.462 us = 583.387 us (3234.68 GFLOPS/s)
MUL_MAT q5_K m=512 n=12 k=2560: 1 x 36.91 us = 36.91 us (852.103 GFLOPS/s)
MUL_MAT_ID iq4_nl m=2560 n=10 k=640 n_expert=512 batch=12: 4 x 264.552 us = 1058.21 us (1485.18 GFLOPS/s)
MUL_MAT_ID iq4_xs m=640 n=10 k=2560 n_expert=512 batch=12: 8 x 438.207 us = 3505.66 us (897.154 GFLOPS/s)
RELU: 1 x 3.166 us = 3.166 us
REPEAT: 8 x 6.321 us = 50.572 us
RMS_NORM(2560,4,12,1): 8 x 4.753 us = 38.028 us
RMS_NORM_MUL RMS_NORM(128,1,1600,1): 1 x 16.791 us = 16.791 us
RMS_NORM_MUL RMS_NORM(128,4,12,1): 1 x 2.845 us = 2.845 us
RMS_NORM_MUL RMS_NORM(128,48,12,1): 3 x 11.274 us = 33.823 us
RMS_NORM_MUL RMS_NORM(256,2,12,1): 1 x 2.364 us = 2.364 us
RMS_NORM_MUL RMS_NORM(256,24,12,1): 1 x 8.936 us = 8.936 us
ROPE: 4 x 6.201 us = 24.805 us
SCALE: 33 x 2.474 us = 81.658 us
SET_ROWS: 4 x 2.514 us = 10.057 us
SIGMOID: 27 x 3.547 us = 95.77 us
SILU: 8 x 2.364 us = 18.912 us
SOFTPLUS: 3 x 2.35 us = 7.052 us
SSM_CONV_SILU SSM_CONV: 3 x 5.316 us = 15.949 us
SUM_ROWS: 1 x 16.351 us = 16.351 us
TOPK_MOE_EARLY_SOFTMAX_NORM SOFT_MAX: 4 x 5.119 us = 20.476 us
Total time: 15171.9 us.
----------------
Vulkan Timings:
ADD: 19 x 6.979 us = 132.603 us
CONCAT: 3 x 6.024 us = 18.073 us
CONT: 21 x 3.898 us = 81.862 us
CPY: 7 x 8.529 us = 59.709 us
FILL: 2 x 2.584 us = 5.169 us
FLASH_ATTN_EXT dst(256,24,12,1),  q(256,12,24,1),  k(256,6400,2,1),  v(256,6400,2,1),  m(6400,12,1,1): 1 x 331.67 us = 331.67 us (5690.71 GFLOPS/s)
GATED_DELTA_NET: 3 x 23.123 us = 69.37 us
GET_ROWS: 8 x 14.021 us = 112.17 us
GLU: 8 x 7.989 us = 63.917 us
L2_NORM: 6 x 3.893 us = 23.361 us
MUL: 39 x 5.398 us = 210.538 us
MULTI_ADD ADD: 13 x 4.222 us = 54.898 us
MUL_MAT f32 m=1 n=12 k=2560: 4 x 146.037 us = 584.148 us (0.420633 GFLOPS/s)
MUL_MAT f32 m=1600 n=48 k=128: 1 x 6.692 us = 6.692 us (2926.48 GFLOPS/s)
MUL_MAT f32 m=256 n=24 k=256: 1 x 1.282 us = 1.282 us (2448.97 GFLOPS/s)
MUL_MAT f32 m=256 n=288 k=256: 1 x 2.685 us = 2.685 us (14031.7 GFLOPS/s)
MUL_MAT f32 m=512 n=12 k=2560: 4 x 81.213 us = 324.855 us (387.264 GFLOPS/s)
MUL_MAT f32 m=64 n=1152 k=64: 1 x 3.045 us = 3.045 us (3075.03 GFLOPS/s)
MUL_MAT f32 m=64 n=96 k=64: 1 x 2.404 us = 2.404 us (324.579 GFLOPS/s)
MUL_MAT iq4_nl m=10240 n=12 k=320: 8 x 23.639 us = 189.115 us (3321.59 GFLOPS/s)
MUL_MAT iq4_nl m=2560 n=12 k=640: 4 x 16.821 us = 67.285 us (2335.79 GFLOPS/s)
MUL_MAT iq4_xs m=12288 n=12 k=2560: 1 x 194.689 us = 194.689 us (3877.09 GFLOPS/s)
MUL_MAT iq4_xs m=128 n=12 k=2560: 1 x 55.986 us = 55.986 us (140.442 GFLOPS/s)
MUL_MAT iq4_xs m=2560 n=12 k=6144: 4 x 119.927 us = 479.709 us (3147.38 GFLOPS/s)
MUL_MAT iq4_xs m=320 n=12 k=10240: 8 x 150.58 us = 1204.64 us (522.241 GFLOPS/s)
MUL_MAT iq4_xs m=4 n=12 k=10240: 8 x 538.803 us = 4310.43 us (1.8244 GFLOPS/s)
MUL_MAT iq4_xs m=48 n=12 k=2560: 6 x 45.325 us = 271.955 us (65.0522 GFLOPS/s)
MUL_MAT iq4_xs m=512 n=12 k=2560: 2 x 45.105 us = 90.21 us (697.287 GFLOPS/s)
MUL_MAT iq4_xs m=6144 n=12 k=2560: 3 x 85.014 us = 255.043 us (4439.41 GFLOPS/s)
MUL_MAT iq4_xs m=640 n=12 k=2560: 8 x 50.676 us = 405.408 us (775.79 GFLOPS/s)
MUL_MAT q5_K m=10240 n=12 k=2560: 3 x 196.8 us = 590.4 us (3196.25 GFLOPS/s)
MUL_MAT q5_K m=512 n=12 k=2560: 1 x 41.799 us = 41.799 us (752.438 GFLOPS/s)
MUL_MAT_ID iq4_nl m=2560 n=10 k=640 n_expert=512 batch=12: 4 x 417.202 us = 1668.81 us (941.771 GFLOPS/s)
MUL_MAT_ID iq4_xs m=640 n=10 k=2560 n_expert=512 batch=12: 8 x 751.081 us = 6008.65 us (523.431 GFLOPS/s)
RELU: 1 x 3.166 us = 3.166 us
REPEAT: 8 x 6.106 us = 48.849 us
RMS_NORM(2560,4,12,1): 8 x 4.788 us = 38.31 us
RMS_NORM_MUL RMS_NORM(128,1,1600,1): 1 x 16.711 us = 16.711 us
RMS_NORM_MUL RMS_NORM(128,4,12,1): 1 x 2.604 us = 2.604 us
RMS_NORM_MUL RMS_NORM(128,48,12,1): 3 x 11.14 us = 33.421 us
RMS_NORM_MUL RMS_NORM(256,2,12,1): 1 x 2.444 us = 2.444 us
RMS_NORM_MUL RMS_NORM(256,24,12,1): 1 x 9.578 us = 9.578 us
ROPE: 4 x 6.231 us = 24.925 us
SCALE: 33 x 2.615 us = 86.307 us
SET_ROWS: 4 x 3.897 us = 15.588 us
SIGMOID: 27 x 3.861 us = 104.266 us
SILU: 8 x 2.359 us = 18.872 us
SOFTPLUS: 3 x 2.35 us = 7.052 us
SSM_CONV_SILU SSM_CONV: 3 x 5.316 us = 15.949 us
SUM_ROWS: 1 x 16.31 us = 16.31 us
TOPK_MOE_EARLY_SOFTMAX_NORM SOFT_MAX: 4 x 4.999 us = 19.996 us
Total time: 18386.9 us.
----------------
Vulkan Timings:
ADD: 19 x 5.616 us = 106.713 us
CONCAT: 3 x 5.743 us = 17.231 us
CONT: 21 x 5.207 us = 109.355 us
CPY: 7 x 9.079 us = 63.558 us
FILL: 2 x 2.524 us = 5.049 us
FLASH_ATTN_EXT dst(256,24,12,1),  q(256,12,24,1),  k(256,6400,2,1),  v(256,6400,2,1),  m(6400,12,1,1): 1 x 341.168 us = 341.168 us (5532.28 GFLOPS/s)
GATED_DELTA_NET: 3 x 20.946 us = 62.838 us
GET_ROWS: 8 x 14.136 us = 113.09 us
GLU: 8 x 7.809 us = 62.475 us
L2_NORM: 6 x 3.753 us = 22.52 us
MUL: 39 x 5.186 us = 202.287 us
MULTI_ADD ADD: 13 x 3.732 us = 48.525 us
MUL_MAT f32 m=1 n=12 k=2560: 4 x 140.807 us = 563.229 us (0.436256 GFLOPS/s)
MUL_MAT f32 m=1600 n=48 k=128: 1 x 6.291 us = 6.291 us (3113.02 GFLOPS/s)
MUL_MAT f32 m=256 n=24 k=256: 1 x 1.282 us = 1.282 us (2448.97 GFLOPS/s)
MUL_MAT f32 m=256 n=288 k=256: 1 x 2.645 us = 2.645 us (14243.9 GFLOPS/s)
MUL_MAT f32 m=512 n=12 k=2560: 4 x 79.39 us = 317.561 us (396.159 GFLOPS/s)
MUL_MAT f32 m=64 n=1152 k=64: 1 x 2.885 us = 2.885 us (3245.57 GFLOPS/s)
MUL_MAT f32 m=64 n=96 k=64: 1 x 2.524 us = 2.524 us (309.147 GFLOPS/s)
MUL_MAT iq4_nl m=10240 n=12 k=320: 8 x 21.33 us = 170.641 us (3681.19 GFLOPS/s)
MUL_MAT iq4_nl m=2560 n=12 k=640: 4 x 16.45 us = 65.803 us (2388.39 GFLOPS/s)
MUL_MAT iq4_xs m=12288 n=12 k=2560: 1 x 157.338 us = 157.338 us (4797.49 GFLOPS/s)
MUL_MAT iq4_xs m=128 n=12 k=2560: 1 x 55.665 us = 55.665 us (141.252 GFLOPS/s)
MUL_MAT iq4_xs m=2560 n=12 k=6144: 4 x 119.696 us = 478.787 us (3153.44 GFLOPS/s)
MUL_MAT iq4_xs m=320 n=12 k=10240: 8 x 149.127 us = 1193.02 us (527.328 GFLOPS/s)
MUL_MAT iq4_xs m=4 n=12 k=10240: 8 x 547.494 us = 4379.96 us (1.79544 GFLOPS/s)
MUL_MAT iq4_xs m=48 n=12 k=2560: 6 x 43.489 us = 260.934 us (67.7998 GFLOPS/s)
MUL_MAT iq4_xs m=512 n=12 k=2560: 2 x 47.69 us = 95.38 us (659.491 GFLOPS/s)
MUL_MAT iq4_xs m=6144 n=12 k=2560: 3 x 84.934 us = 254.803 us (4443.59 GFLOPS/s)
MUL_MAT iq4_xs m=640 n=12 k=2560: 8 x 50.76 us = 406.087 us (774.493 GFLOPS/s)
MUL_MAT q5_K m=10240 n=12 k=2560: 3 x 169 us = 507.001 us (3722.02 GFLOPS/s)
MUL_MAT q5_K m=512 n=12 k=2560: 1 x 36.188 us = 36.188 us (869.104 GFLOPS/s)
MUL_MAT_ID iq4_nl m=2560 n=10 k=640 n_expert=512 batch=12: 4 x 426.429 us = 1705.72 us (921.392 GFLOPS/s)
MUL_MAT_ID iq4_xs m=640 n=10 k=2560 n_expert=512 batch=12: 8 x 704.533 us = 5636.27 us (558.014 GFLOPS/s)
RELU: 1 x 3.045 us = 3.045 us
REPEAT: 8 x 6.762 us = 54.099 us
RMS_NORM(2560,4,12,1): 8 x 4.503 us = 36.024 us
RMS_NORM_MUL RMS_NORM(128,1,1600,1): 1 x 17.152 us = 17.152 us
RMS_NORM_MUL RMS_NORM(128,4,12,1): 1 x 2.645 us = 2.645 us
RMS_NORM_MUL RMS_NORM(128,48,12,1): 3 x 11.047 us = 33.141 us
RMS_NORM_MUL RMS_NORM(256,2,12,1): 1 x 2.404 us = 2.404 us
RMS_NORM_MUL RMS_NORM(256,24,12,1): 1 x 9.017 us = 9.017 us
ROPE: 4 x 6.021 us = 24.084 us
SCALE: 33 x 2.435 us = 80.377 us
SET_ROWS: 4 x 2.444 us = 9.777 us
SIGMOID: 27 x 3.794 us = 102.463 us
SILU: 8 x 2.354 us = 18.832 us
SOFTPLUS: 3 x 2.324 us = 6.972 us
SSM_CONV_SILU SSM_CONV: 3 x 4.915 us = 14.746 us
SUM_ROWS: 1 x 16.551 us = 16.551 us
TOPK_MOE_EARLY_SOFTMAX_NORM SOFT_MAX: 4 x 4.959 us = 19.836 us
Total time: 17906 us.
----------------
Vulkan Timings:
ADD: 19 x 5.361 us = 101.863 us
CONCAT: 3 x 5.503 us = 16.51 us
CONT: 21 x 3.421 us = 71.843 us
CPY: 7 x 5.174 us = 36.224 us
FILL: 2 x 2.604 us = 5.209 us
FLASH_ATTN_EXT dst(256,24,12,1),  q(256,12,24,1),  k(256,6400,2,1),  v(256,6400,2,1),  m(6400,12,1,1): 1 x 343.051 us = 343.051 us (5501.91 GFLOPS/s)
GATED_DELTA_NET: 3 x 20.612 us = 61.836 us
GET_ROWS: 8 x 14.406 us = 115.255 us
GLU: 8 x 9.697 us = 77.582 us
L2_NORM: 6 x 3.659 us = 21.957 us
MUL: 39 x 5.46 us = 212.946 us
MULTI_ADD ADD: 13 x 3.763 us = 48.928 us
MUL_MAT f32 m=1 n=12 k=2560: 4 x 141.027 us = 564.11 us (0.435575 GFLOPS/s)
MUL_MAT f32 m=1600 n=48 k=128: 1 x 6.532 us = 6.532 us (2998.16 GFLOPS/s)
MUL_MAT f32 m=256 n=24 k=256: 1 x 1.282 us = 1.282 us (2448.97 GFLOPS/s)
MUL_MAT f32 m=256 n=288 k=256: 1 x 2.604 us = 2.604 us (14468.1 GFLOPS/s)
MUL_MAT f32 m=512 n=12 k=2560: 4 x 76.655 us = 306.621 us (410.293 GFLOPS/s)
MUL_MAT f32 m=64 n=1152 k=64: 1 x 2.885 us = 2.885 us (3245.57 GFLOPS/s)
MUL_MAT f32 m=64 n=96 k=64: 1 x 2.404 us = 2.404 us (324.579 GFLOPS/s)
MUL_MAT iq4_nl m=10240 n=12 k=320: 8 x 21.179 us = 169.437 us (3707.35 GFLOPS/s)
MUL_MAT iq4_nl m=2560 n=12 k=640: 4 x 16.681 us = 66.725 us (2355.39 GFLOPS/s)
MUL_MAT iq4_xs m=12288 n=12 k=2560: 1 x 157.338 us = 157.338 us (4797.49 GFLOPS/s)
MUL_MAT iq4_xs m=128 n=12 k=2560: 1 x 55.866 us = 55.866 us (140.744 GFLOPS/s)
MUL_MAT iq4_xs m=2560 n=12 k=6144: 4 x 121.671 us = 486.684 us (3102.27 GFLOPS/s)
MUL_MAT iq4_xs m=320 n=12 k=10240: 8 x 151.026 us = 1208.21 us (520.699 GFLOPS/s)
MUL_MAT iq4_xs m=4 n=12 k=10240: 8 x 527.812 us = 4222.5 us (1.86239 GFLOPS/s)
MUL_MAT iq4_xs m=48 n=12 k=2560: 6 x 44.096 us = 264.58 us (66.8655 GFLOPS/s)
MUL_MAT iq4_xs m=512 n=12 k=2560: 2 x 44.403 us = 88.807 us (708.303 GFLOPS/s)
MUL_MAT iq4_xs m=6144 n=12 k=2560: 3 x 85.936 us = 257.808 us (4391.8 GFLOPS/s)
MUL_MAT iq4_xs m=640 n=12 k=2560: 8 x 50.68 us = 405.447 us (775.715 GFLOPS/s)
MUL_MAT q5_K m=10240 n=12 k=2560: 3 x 174.264 us = 522.792 us (3609.6 GFLOPS/s)
MUL_MAT q5_K m=512 n=12 k=2560: 1 x 36.068 us = 36.068 us (871.996 GFLOPS/s)
MUL_MAT_ID iq4_nl m=2560 n=10 k=640 n_expert=512 batch=12: 4 x 319.827 us = 1279.31 us (1228.5 GFLOPS/s)
MUL_MAT_ID iq4_xs m=640 n=10 k=2560 n_expert=512 batch=12: 8 x 525.778 us = 4206.23 us (747.728 GFLOPS/s)
RELU: 1 x 3.045 us = 3.045 us
REPEAT: 8 x 6.316 us = 50.532 us
RMS_NORM(2560,4,12,1): 8 x 4.182 us = 33.457 us
RMS_NORM_MUL RMS_NORM(128,1,1600,1): 1 x 16.791 us = 16.791 us
RMS_NORM_MUL RMS_NORM(128,4,12,1): 1 x 2.324 us = 2.324 us
RMS_NORM_MUL RMS_NORM(128,48,12,1): 3 x 10.833 us = 32.5 us
RMS_NORM_MUL RMS_NORM(256,2,12,1): 1 x 2.364 us = 2.364 us
RMS_NORM_MUL RMS_NORM(256,24,12,1): 1 x 7.975 us = 7.975 us
ROPE: 4 x 6.111 us = 24.444 us
SCALE: 33 x 2.574 us = 84.944 us
SET_ROWS: 4 x 3.526 us = 14.105 us
SIGMOID: 27 x 4.173 us = 112.684 us
SILU: 8 x 2.369 us = 18.952 us
SOFTPLUS: 3 x 2.35 us = 7.052 us
SSM_CONV_SILU SSM_CONV: 3 x 5.009 us = 15.028 us
SUM_ROWS: 1 x 16.23 us = 16.23 us
TOPK_MOE_EARLY_SOFTMAX_NORM SOFT_MAX: 4 x 5.079 us = 20.316 us
Total time: 15890.2 us.
----------------
Vulkan Timings:
ADD: 19 x 4.983 us = 94.689 us
CONCAT: 3 x 5.797 us = 17.391 us
CONT: 21 x 4.82 us = 101.22 us
CPY: 7 x 5.249 us = 36.745 us
FILL: 2 x 2.504 us = 5.009 us
FLASH_ATTN_EXT dst(256,24,12,1),  q(256,12,24,1),  k(256,6400,2,1),  v(256,6400,2,1),  m(6400,12,1,1): 1 x 318.805 us = 318.805 us (5920.35 GFLOPS/s)
GATED_DELTA_NET: 3 x 21.026 us = 63.078 us
GET_ROWS: 8 x 14.852 us = 118.822 us
GLU: 8 x 10.158 us = 81.271 us
L2_NORM: 6 x 3.713 us = 22.28 us
MUL: 39 x 5.417 us = 211.264 us
MULTI_ADD ADD: 13 x 3.846 us = 50.008 us
MUL_MAT f32 m=1 n=12 k=2560: 4 x 150.906 us = 603.625 us (0.407061 GFLOPS/s)
MUL_MAT f32 m=1600 n=48 k=128: 1 x 6.372 us = 6.372 us (3073.45 GFLOPS/s)
MUL_MAT f32 m=256 n=24 k=256: 1 x 1.322 us = 1.322 us (2374.87 GFLOPS/s)
MUL_MAT f32 m=256 n=288 k=256: 1 x 2.604 us = 2.604 us (14468.1 GFLOPS/s)
MUL_MAT f32 m=512 n=12 k=2560: 4 x 74.23 us = 296.922 us (423.696 GFLOPS/s)
MUL_MAT f32 m=64 n=1152 k=64: 1 x 2.885 us = 2.885 us (3245.57 GFLOPS/s)
MUL_MAT f32 m=64 n=96 k=64: 1 x 2.404 us = 2.404 us (324.579 GFLOPS/s)
MUL_MAT iq4_nl m=10240 n=12 k=320: 8 x 21.4 us = 171.2 us (3669.17 GFLOPS/s)
MUL_MAT iq4_nl m=2560 n=12 k=640: 4 x 16.691 us = 66.764 us (2354.02 GFLOPS/s)
MUL_MAT iq4_xs m=12288 n=12 k=2560: 1 x 169.041 us = 169.041 us (4465.35 GFLOPS/s)
MUL_MAT iq4_xs m=128 n=12 k=2560: 1 x 55.946 us = 55.946 us (140.542 GFLOPS/s)
MUL_MAT iq4_xs m=2560 n=12 k=6144: 4 x 119.536 us = 478.147 us (3157.66 GFLOPS/s)
MUL_MAT iq4_xs m=320 n=12 k=10240: 8 x 149.197 us = 1193.58 us (527.081 GFLOPS/s)
MUL_MAT iq4_xs m=4 n=12 k=10240: 8 x 521.54 us = 4172.32 us (1.88479 GFLOPS/s)
MUL_MAT iq4_xs m=48 n=12 k=2560: 6 x 44.931 us = 269.589 us (65.6231 GFLOPS/s)
MUL_MAT iq4_xs m=512 n=12 k=2560: 2 x 44.364 us = 88.728 us (708.934 GFLOPS/s)
MUL_MAT iq4_xs m=6144 n=12 k=2560: 3 x 85.308 us = 255.925 us (4424.11 GFLOPS/s)
MUL_MAT iq4_xs m=640 n=12 k=2560: 8 x 50.34 us = 402.72 us (780.968 GFLOPS/s)
MUL_MAT q5_K m=10240 n=12 k=2560: 3 x 175.693 us = 527.08 us (3580.23 GFLOPS/s)
MUL_MAT q5_K m=512 n=12 k=2560: 1 x 44.845 us = 44.845 us (701.33 GFLOPS/s)
MUL_MAT_ID iq4_nl m=2560 n=10 k=640 n_expert=512 batch=12: 4 x 311.14 us = 1244.56 us (1262.8 GFLOPS/s)
MUL_MAT_ID iq4_xs m=640 n=10 k=2560 n_expert=512 batch=12: 8 x 491.393 us = 3931.15 us (800.05 GFLOPS/s)
RELU: 1 x 3.045 us = 3.045 us
REPEAT: 8 x 6.271 us = 50.172 us
RMS_NORM(2560,4,12,1): 8 x 4.217 us = 33.738 us
RMS_NORM_MUL RMS_NORM(128,1,1600,1): 1 x 16.23 us = 16.23 us
RMS_NORM_MUL RMS_NORM(128,4,12,1): 1 x 2.604 us = 2.604 us
RMS_NORM_MUL RMS_NORM(128,48,12,1): 3 x 14.186 us = 42.559 us
RMS_NORM_MUL RMS_NORM(256,2,12,1): 1 x 2.324 us = 2.324 us
RMS_NORM_MUL RMS_NORM(256,24,12,1): 1 x 7.975 us = 7.975 us
ROPE: 4 x 6.141 us = 24.565 us
SCALE: 33 x 2.435 us = 80.377 us
SET_ROWS: 4 x 3.696 us = 14.786 us
SIGMOID: 27 x 3.311 us = 89.397 us
SILU: 8 x 2.344 us = 18.752 us
SOFTPLUS: 3 x 2.324 us = 6.972 us
SSM_CONV_SILU SSM_CONV: 3 x 5.196 us = 15.588 us
SUM_ROWS: 1 x 16.431 us = 16.431 us
TOPK_MOE_EARLY_SOFTMAX_NORM SOFT_MAX: 4 x 5.249 us = 20.998 us
Total time: 15554.8 us.
----------------
Vulkan Timings:
ADD: 19 x 5.671 us = 107.755 us
CONCAT: 3 x 5.984 us = 17.953 us
CONT: 21 x 3.903 us = 81.983 us
CPY: 7 x 6.709 us = 46.966 us
FILL: 2 x 2.544 us = 5.089 us
FLASH_ATTN_EXT dst(256,24,12,1),  q(256,12,24,1),  k(256,6400,2,1),  v(256,6400,2,1),  m(6400,12,1,1): 1 x 1038.13 us = 1038.13 us (1818.11 GFLOPS/s)
GATED_DELTA_NET: 3 x 23.07 us = 69.21 us
GET_ROWS: 8 x 15.078 us = 120.625 us
GLU: 8 x 7.503 us = 60.03 us
L2_NORM: 6 x 3.853 us = 23.122 us
MUL: 39 x 5.695 us = 222.118 us
MULTI_ADD ADD: 13 x 4.118 us = 53.535 us
MUL_MAT f32 m=1 n=12 k=2560: 4 x 158.039 us = 632.159 us (0.388687 GFLOPS/s)
MUL_MAT f32 m=1600 n=48 k=128: 1 x 6.492 us = 6.492 us (3016.64 GFLOPS/s)
MUL_MAT f32 m=256 n=24 k=256: 1 x 1.322 us = 1.322 us (2374.87 GFLOPS/s)
MUL_MAT f32 m=256 n=288 k=256: 1 x 2.725 us = 2.725 us (13825.7 GFLOPS/s)
MUL_MAT f32 m=512 n=12 k=2560: 4 x 86.443 us = 345.775 us (363.834 GFLOPS/s)
MUL_MAT f32 m=64 n=1152 k=64: 1 x 3.045 us = 3.045 us (3075.03 GFLOPS/s)
MUL_MAT f32 m=64 n=96 k=64: 1 x 2.364 us = 2.364 us (330.071 GFLOPS/s)
MUL_MAT iq4_nl m=10240 n=12 k=320: 8 x 22.266 us = 178.134 us (3526.35 GFLOPS/s)
MUL_MAT iq4_nl m=2560 n=12 k=640: 4 x 16.841 us = 67.366 us (2332.98 GFLOPS/s)
MUL_MAT iq4_xs m=12288 n=12 k=2560: 1 x 187.476 us = 187.476 us (4026.26 GFLOPS/s)
MUL_MAT iq4_xs m=128 n=12 k=2560: 1 x 55.906 us = 55.906 us (140.643 GFLOPS/s)
MUL_MAT iq4_xs m=2560 n=12 k=6144: 4 x 119.847 us = 479.389 us (3149.48 GFLOPS/s)
MUL_MAT iq4_xs m=320 n=12 k=10240: 8 x 154.097 us = 1232.78 us (510.323 GFLOPS/s)
MUL_MAT iq4_xs m=4 n=12 k=10240: 8 x 539.835 us = 4318.68 us (1.82091 GFLOPS/s)
MUL_MAT iq4_xs m=48 n=12 k=2560: 6 x 45.639 us = 273.837 us (64.6051 GFLOPS/s)
MUL_MAT iq4_xs m=512 n=12 k=2560: 2 x 45.145 us = 90.291 us (696.662 GFLOPS/s)
MUL_MAT iq4_xs m=6144 n=12 k=2560: 3 x 85.428 us = 256.285 us (4417.9 GFLOPS/s)
MUL_MAT iq4_xs m=640 n=12 k=2560: 8 x 50.049 us = 400.398 us (785.497 GFLOPS/s)
MUL_MAT q5_K m=10240 n=12 k=2560: 3 x 198.309 us = 594.929 us (3171.92 GFLOPS/s)
MUL_MAT q5_K m=512 n=12 k=2560: 1 x 45.446 us = 45.446 us (692.055 GFLOPS/s)
MUL_MAT_ID iq4_nl m=2560 n=10 k=640 n_expert=512 batch=12: 4 x 209.868 us = 839.472 us (1872.17 GFLOPS/s)
MUL_MAT_ID iq4_xs m=640 n=10 k=2560 n_expert=512 batch=12: 8 x 328.243 us = 2625.95 us (1197.71 GFLOPS/s)
RELU: 1 x 3.085 us = 3.085 us
REPEAT: 8 x 10.87 us = 86.962 us
RMS_NORM(2560,4,12,1): 8 x 4.357 us = 34.863 us
RMS_NORM_MUL RMS_NORM(128,1,1600,1): 1 x 16.952 us = 16.952 us
RMS_NORM_MUL RMS_NORM(128,4,12,1): 1 x 2.645 us = 2.645 us
RMS_NORM_MUL RMS_NORM(128,48,12,1): 3 x 12.864 us = 38.592 us
RMS_NORM_MUL RMS_NORM(256,2,12,1): 1 x 2.404 us = 2.404 us
RMS_NORM_MUL RMS_NORM(256,24,12,1): 1 x 8.656 us = 8.656 us
ROPE: 4 x 6.281 us = 25.125 us
SCALE: 33 x 2.728 us = 90.033 us
SET_ROWS: 4 x 3.626 us = 14.505 us
SIGMOID: 27 x 3.566 us = 96.292 us
SILU: 8 x 2.369 us = 18.952 us
SOFTPLUS: 3 x 2.35 us = 7.052 us
SSM_CONV_SILU SSM_CONV: 3 x 5.249 us = 15.748 us
SUM_ROWS: 1 x 16.431 us = 16.431 us
TOPK_MOE_EARLY_SOFTMAX_NORM SOFT_MAX: 4 x 6.311 us = 25.246 us
Total time: 14990.3 us.
----------------
Vulkan Timings:
ADD: 4 x 4.758 us = 19.034 us
ARGSORT: 1 x 5.45 us = 5.45 us
CLAMP: 1 x 2.324 us = 2.324 us
CONT: 4 x 2.494 us = 9.977 us
DIV: 1 x 2.324 us = 2.324 us
FILL: 1 x 2.885 us = 2.885 us
FLASH_ATTN_EXT dst(256,24,12,1),  q(256,12,24,1),  k(256,6400,2,1),  v(256,6400,2,1),  m(6400,12,1,1): 1 x 297.365 us = 297.365 us (6347.21 GFLOPS/s)
GET_ROWS: 1 x 2.484 us = 2.484 us
GLU: 2 x 5.109 us = 10.218 us
MUL: 9 x 5.449 us = 49.048 us
MULTI_ADD ADD: 3 x 3.633 us = 10.899 us
MUL_MAT f32 m=1 n=12 k=2560: 1 x 149.684 us = 149.684 us (0.410385 GFLOPS/s)
MUL_MAT f32 m=512 n=12 k=2560: 1 x 75.904 us = 75.904 us (414.354 GFLOPS/s)
MUL_MAT f32 m=64 n=1152 k=64: 1 x 3.045 us = 3.045 us (3075.03 GFLOPS/s)
MUL_MAT iq4_nl m=10240 n=12 k=320: 2 x 31.339 us = 62.678 us (2505.51 GFLOPS/s)
MUL_MAT iq4_nl m=2560 n=12 k=640: 1 x 21.721 us = 21.721 us (1808.89 GFLOPS/s)
MUL_MAT iq4_xs m=2560 n=12 k=6144: 1 x 120.468 us = 120.468 us (3133.25 GFLOPS/s)
MUL_MAT iq4_xs m=320 n=12 k=10240: 2 x 145.616 us = 291.233 us (540.044 GFLOPS/s)
MUL_MAT iq4_xs m=4 n=12 k=10240: 2 x 489.649 us = 979.299 us (2.00754 GFLOPS/s)
MUL_MAT iq4_xs m=640 n=12 k=2560: 2 x 52.639 us = 105.279 us (746.852 GFLOPS/s)
MUL_MAT_ID iq4_nl m=2560 n=10 k=640 n_expert=512 batch=12: 1 x 138.262 us = 138.262 us (2841.77 GFLOPS/s)
MUL_MAT_ID iq4_xs m=640 n=10 k=2560 n_expert=512 batch=12: 2 x 199.679 us = 399.358 us (1968.86 GFLOPS/s)
REPEAT: 2 x 9.577 us = 19.155 us
RMS_NORM(2560,4,12,1): 2 x 4.688 us = 9.377 us
SCALE: 8 x 2.774 us = 22.198 us
SET_ROWS: 1 x 3.005 us = 3.005 us
SIGMOID: 6 x 3.312 us = 19.876 us
SILU: 2 x 2.364 us = 4.728 us
SUM_ROWS: 1 x 2.364 us = 2.364 us
TOPK_MOE_EARLY_SOFTMAX_NORM SOFT_MAX: 1 x 4.648 us = 4.648 us
Total time: 2844.29 us.
----------------
Vulkan Timings:
ABS: 1 x 2.364 us = 2.364 us
ADD: 16 x 663.52 us = 10616.3 us
ARGSORT: 3 x 129.258 us = 387.775 us
CLAMP: 4 x 2.364 us = 9.456 us
CONCAT: 4 x 1267.23 us = 5068.91 us
CONT: 28 x 304.958 us = 8538.85 us
CPY: 12 x 59.238 us = 710.865 us
DIV: 3 x 2.39 us = 7.172 us
FILL: 1 x 45.847 us = 45.847 us
GATED_DELTA_NET: 3 x 3506.54 us = 10519.6 us
GET_ROWS: 12 x 63.546 us = 762.561 us
GLU: 6 x 381.357 us = 2288.14 us
L2_NORM: 6 x 302.153 us = 1812.92 us
MUL: 42 x 836.703 us = 35141.5 us
MULTI_ADD ADD: 13 x 877.719 us = 11410.4 us
MUL_MAT f32 m=1 n=2044 k=2560: 3 x 217.199 us = 651.597 us (48.1735 GFLOPS/s)
MUL_MAT f32 m=2112 n=8176 k=128: 1 x 696.002 us = 696.002 us (6326.51 GFLOPS/s)
MUL_MAT f32 m=256 n=4088 k=256: 1 x 42.721 us = 42.721 us (12517.9 GFLOPS/s)
MUL_MAT f32 m=256 n=49056 k=256: 1 x 577.497 us = 577.497 us (11112.3 GFLOPS/s)
MUL_MAT f32 m=512 n=2044 k=2560: 3 x 345.763 us = 1037.29 us (15493.8 GFLOPS/s)
MUL_MAT f32 m=64 n=16352 k=64: 1 x 60.394 us = 60.394 us (2200.7 GFLOPS/s)
MUL_MAT iq4_nl m=10240 n=2044 k=320: 7 x 1873.38 us = 13113.7 us (7139.3 GFLOPS/s)
MUL_MAT iq4_nl m=2560 n=2044 k=640: 3 x 390.1 us = 1170.3 us (17155.9 GFLOPS/s)
MUL_MAT iq4_xs m=10240 n=2044 k=2560: 1 x 5054.64 us = 5054.64 us (21197 GFLOPS/s)
MUL_MAT iq4_xs m=12288 n=2044 k=2560: 1 x 6001.76 us = 6001.76 us (21422.4 GFLOPS/s)
MUL_MAT iq4_xs m=128 n=2044 k=2560: 1 x 125.518 us = 125.518 us (10670.1 GFLOPS/s)
MUL_MAT iq4_xs m=2560 n=2044 k=2560: 1 x 1295.26 us = 1295.26 us (20679.9 GFLOPS/s)
MUL_MAT iq4_xs m=2560 n=2044 k=6144: 3 x 4153.06 us = 12459.2 us (15481 GFLOPS/s)
MUL_MAT iq4_xs m=320 n=2044 k=10240: 7 x 2040.61 us = 14284.3 us (6564.17 GFLOPS/s)
MUL_MAT iq4_xs m=4 n=2044 k=10240: 6 x 1346.41 us = 8078.47 us (124.357 GFLOPS/s)
MUL_MAT iq4_xs m=48 n=2044 k=2560: 6 x 257.088 us = 1542.53 us (1953.55 GFLOPS/s)
MUL_MAT iq4_xs m=512 n=2044 k=2560: 2 x 484.76 us = 969.521 us (11051.2 GFLOPS/s)
MUL_MAT iq4_xs m=6144 n=2044 k=2560: 3 x 3007.66 us = 9022.98 us (21374.1 GFLOPS/s)
MUL_MAT iq4_xs m=640 n=2044 k=2560: 6 x 867.36 us = 5204.16 us (7720.52 GFLOPS/s)
MUL_MAT q5_K m=10240 n=2044 k=2560: 3 x 5324.26 us = 15972.8 us (20123.6 GFLOPS/s)
MUL_MAT q5_K m=512 n=2044 k=2560: 1 x 679.971 us = 679.971 us (7878.54 GFLOPS/s)
MUL_MAT_ID iq4_nl m=2560 n=10 k=640 n_expert=512 batch=2044: 3 x 5495.2 us = 16485.6 us (12178.9 GFLOPS/s)
MUL_MAT_ID iq4_xs m=640 n=10 k=2560 n_expert=512 batch=2044: 6 x 4160.21 us = 24961.3 us (16096.5 GFLOPS/s)
RELU: 1 x 644.825 us = 644.825 us
REPEAT: 8 x 807.599 us = 6460.79 us
RMS_NORM(2560,4,2044,1): 10 x 881.502 us = 8815.02 us
RMS_NORM_MUL RMS_NORM(128,1,2112,1): 1 x 20.879 us = 20.879 us
RMS_NORM_MUL RMS_NORM(128,4,2044,1): 1 x 71.135 us = 71.135 us
RMS_NORM_MUL RMS_NORM(128,48,2044,1): 3 x 1037.7 us = 3113.11 us
RMS_NORM_MUL RMS_NORM(256,2,2044,1): 1 x 58.711 us = 58.711 us
RMS_NORM_MUL RMS_NORM(256,24,2044,1): 1 x 723.254 us = 723.254 us
ROPE: 4 x 128.534 us = 514.136 us
SCALE: 28 x 37.895 us = 1061.08 us
SET_ROWS: 3 x 18.154 us = 54.463 us
SGN: 1 x 2.324 us = 2.324 us
SIGMOID: 23 x 292.097 us = 6718.23 us
SILU: 8 x 96.708 us = 773.667 us
SOFTPLUS: 3 x 4.715 us = 14.145 us
SQRT: 1 x 2.324 us = 2.324 us
SSM_CONV_SILU SSM_CONV: 3 x 1307.92 us = 3923.77 us
SUM_ROWS: 5 x 803.334 us = 4016.67 us
TOPK_MOE_EARLY_SOFTMAX_NORM SOFT_MAX: 3 x 23.657 us = 70.973 us
Total time: 263870 us.
----------------
Vulkan Timings:
ADD: 19 x 666.467 us = 12662.9 us
CONCAT: 3 x 1282.22 us = 3846.67 us
CONT: 21 x 227.025 us = 4767.53 us
CPY: 7 x 91.407 us = 639.852 us
FA_KV_DEQUANT (sub-op): 1 x 617.863 us = 617.863 us
FILL: 2 x 88.708 us = 177.417 us
FLASH_ATTN_EXT dst(256,24,2044,1),  q(256,2044,24,1),  k(256,8448,2,1),  v(256,8448,2,1),  m(8448,2044,1,1): 1 x 22240.4 us = 22240.4 us (19081.1 GFLOPS/s)
GATED_DELTA_NET: 3 x 3159.38 us = 9478.13 us
GET_ROWS: 8 x 74.926 us = 599.415 us
GLU: 8 x 386.448 us = 3091.59 us
L2_NORM: 6 x 289.91 us = 1739.46 us
MUL: 39 x 887.922 us = 34629 us
MULTI_ADD ADD: 13 x 784.027 us = 10192.4 us
MUL_MAT f32 m=1 n=2044 k=2560: 4 x 230.207 us = 920.828 us (45.4514 GFLOPS/s)
MUL_MAT f32 m=2112 n=8176 k=128: 1 x 681.615 us = 681.615 us (6460.05 GFLOPS/s)
MUL_MAT f32 m=256 n=4088 k=256: 1 x 42.4 us = 42.4 us (12612.6 GFLOPS/s)
MUL_MAT f32 m=256 n=49056 k=256: 1 x 583.228 us = 583.228 us (11003.1 GFLOPS/s)
MUL_MAT f32 m=512 n=2044 k=2560: 4 x 340.225 us = 1360.9 us (15745.9 GFLOPS/s)
MUL_MAT f32 m=64 n=16352 k=64: 1 x 60.635 us = 60.635 us (2191.95 GFLOPS/s)
MUL_MAT f32 m=64 n=196224 k=64: 1 x 380.002 us = 380.002 us (4197.11 GFLOPS/s)
MUL_MAT iq4_nl m=10240 n=2044 k=320: 8 x 1982.18 us = 15857.4 us (6747.43 GFLOPS/s)
MUL_MAT iq4_nl m=2560 n=2044 k=640: 4 x 350.425 us = 1401.7 us (19098.4 GFLOPS/s)
MUL_MAT iq4_xs m=12288 n=2044 k=2560: 1 x 6114.14 us = 6114.14 us (21028.7 GFLOPS/s)
MUL_MAT iq4_xs m=128 n=2044 k=2560: 1 x 117.623 us = 117.623 us (11386.3 GFLOPS/s)
MUL_MAT iq4_xs m=2560 n=2044 k=6144: 4 x 4219.97 us = 16879.9 us (15235.5 GFLOPS/s)
MUL_MAT iq4_xs m=320 n=2044 k=10240: 8 x 2339.5 us = 18716 us (5725.54 GFLOPS/s)
MUL_MAT iq4_xs m=4 n=2044 k=10240: 8 x 1388.7 us = 11109.6 us (120.57 GFLOPS/s)
MUL_MAT iq4_xs m=48 n=2044 k=2560: 6 x 242.152 us = 1452.92 us (2074.04 GFLOPS/s)
MUL_MAT iq4_xs m=512 n=2044 k=2560: 2 x 698.927 us = 1397.86 us (7664.85 GFLOPS/s)
MUL_MAT iq4_xs m=6144 n=2044 k=2560: 3 x 2909.27 us = 8727.82 us (22097 GFLOPS/s)
MUL_MAT iq4_xs m=640 n=2044 k=2560: 8 x 647.565 us = 5180.52 us (10341 GFLOPS/s)
MUL_MAT q5_K m=10240 n=2044 k=2560: 3 x 5533.86 us = 16601.6 us (19361.4 GFLOPS/s)
MUL_MAT q5_K m=512 n=2044 k=2560: 1 x 632.481 us = 632.481 us (8470.1 GFLOPS/s)
MUL_MAT_ID iq4_nl m=2560 n=10 k=640 n_expert=512 batch=2044: 4 x 5618.37 us = 22473.5 us (11911.9 GFLOPS/s)
MUL_MAT_ID iq4_xs m=640 n=10 k=2560 n_expert=512 batch=2044: 8 x 4052.24 us = 32418 us (16525.3 GFLOPS/s)
RELU: 1 x 652.279 us = 652.279 us
REPEAT: 8 x 658.911 us = 5271.29 us
RMS_NORM(2560,4,2044,1): 8 x 994.624 us = 7956.99 us
RMS_NORM_MUL RMS_NORM(128,1,2112,1): 1 x 20.438 us = 20.438 us
RMS_NORM_MUL RMS_NORM(128,4,2044,1): 1 x 74.942 us = 74.942 us
RMS_NORM_MUL RMS_NORM(128,48,2044,1): 3 x 1046.12 us = 3138.36 us
RMS_NORM_MUL RMS_NORM(256,2,2044,1): 1 x 55.104 us = 55.104 us
RMS_NORM_MUL RMS_NORM(256,24,2044,1): 1 x 706.342 us = 706.342 us
ROPE: 4 x 123.023 us = 492.092 us
SCALE: 33 x 36.619 us = 1208.44 us
SET_ROWS: 4 x 130.447 us = 521.79 us
SIGMOID: 27 x 302.47 us = 8166.7 us
SILU: 8 x 17.252 us = 138.017 us
SOFTPLUS: 3 x 4.755 us = 14.265 us
SSM_CONV_SILU SSM_CONV: 3 x 1146.26 us = 3438.77 us
SUM_ROWS: 1 x 3479.09 us = 3479.09 us
TOPK_MOE_EARLY_SOFTMAX_NORM SOFT_MAX: 4 x 29.074 us = 116.299 us
Total time: 303244 us.
----------------
Vulkan Timings:
ADD: 19 x 669.484 us = 12720.2 us
ARGSORT: 4 x 131.018 us = 524.074 us
CLAMP: 4 x 2.344 us = 9.376 us
CONCAT: 3 x 1261.49 us = 3784.47 us
CONT: 21 x 227.843 us = 4784.72 us
CPY: 7 x 86.844 us = 607.911 us
DIV: 4 x 2.404 us = 9.616 us
FA_KV_DEQUANT (sub-op): 1 x 186.915 us = 186.915 us
FILL: 2 x 94.298 us = 188.597 us
FLASH_ATTN_EXT dst(256,24,2044,1),  q(256,2044,24,1),  k(256,8448,2,1),  v(256,8448,2,1),  m(8448,2044,1,1): 1 x 14538.7 us = 14538.7 us (29189 GFLOPS/s)
GATED_DELTA_NET: 3 x 2634.86 us = 7904.58 us
GET_ROWS: 12 x 70.376 us = 844.519 us
GLU: 8 x 380.908 us = 3047.26 us
L2_NORM: 6 x 292.916 us = 1757.5 us
MUL: 39 x 890.419 us = 34726.4 us
MULTI_ADD ADD: 13 x 775.79 us = 10085.3 us
MUL_MAT f32 m=1 n=2044 k=2560: 4 x 225.808 us = 903.234 us (46.3368 GFLOPS/s)
MUL_MAT f32 m=2112 n=8176 k=128: 1 x 667.989 us = 667.989 us (6591.82 GFLOPS/s)
MUL_MAT f32 m=256 n=4088 k=256: 1 x 42.039 us = 42.039 us (12720.9 GFLOPS/s)
MUL_MAT f32 m=256 n=49056 k=256: 1 x 560.985 us = 560.985 us (11439.4 GFLOPS/s)
MUL_MAT f32 m=512 n=2044 k=2560: 4 x 332.972 us = 1331.89 us (16089 GFLOPS/s)
MUL_MAT f32 m=64 n=16352 k=64: 1 x 59.473 us = 59.473 us (2234.78 GFLOPS/s)
MUL_MAT f32 m=64 n=196224 k=64: 1 x 392.866 us = 392.866 us (4059.68 GFLOPS/s)
MUL_MAT iq4_nl m=10240 n=2044 k=320: 8 x 1994.83 us = 15958.7 us (6704.63 GFLOPS/s)
MUL_MAT iq4_nl m=2560 n=2044 k=640: 4 x 346.488 us = 1385.95 us (19315.4 GFLOPS/s)
MUL_MAT iq4_xs m=12288 n=2044 k=2560: 1 x 6164.83 us = 6164.83 us (20855.8 GFLOPS/s)
MUL_MAT iq4_xs m=128 n=2044 k=2560: 1 x 136.86 us = 136.86 us (9785.87 GFLOPS/s)
MUL_MAT iq4_xs m=2560 n=2044 k=6144: 4 x 4170.74 us = 16683 us (15415.3 GFLOPS/s)
MUL_MAT iq4_xs m=320 n=2044 k=10240: 8 x 2069.45 us = 16555.6 us (6472.68 GFLOPS/s)
MUL_MAT iq4_xs m=4 n=2044 k=10240: 8 x 1373.81 us = 10990.5 us (121.877 GFLOPS/s)
MUL_MAT iq4_xs m=48 n=2044 k=2560: 6 x 245.005 us = 1470.03 us (2049.9 GFLOPS/s)
MUL_MAT iq4_xs m=512 n=2044 k=2560: 2 x 685.602 us = 1371.2 us (7813.83 GFLOPS/s)
MUL_MAT iq4_xs m=6144 n=2044 k=2560: 3 x 2949.46 us = 8848.37 us (21795.9 GFLOPS/s)
MUL_MAT iq4_xs m=640 n=2044 k=2560: 8 x 700.48 us = 5603.84 us (9559.83 GFLOPS/s)
MUL_MAT q5_K m=10240 n=2044 k=2560: 3 x 5725.06 us = 17175.2 us (18714.8 GFLOPS/s)
MUL_MAT q5_K m=512 n=2044 k=2560: 1 x 697.565 us = 697.565 us (7679.82 GFLOPS/s)
MUL_MAT_ID iq4_nl m=2560 n=10 k=640 n_expert=512 batch=2044: 4 x 5518.27 us = 22073.1 us (12128 GFLOPS/s)
MUL_MAT_ID iq4_xs m=640 n=10 k=2560 n_expert=512 batch=2044: 8 x 4170.74 us = 33366 us (16055.8 GFLOPS/s)
RELU: 1 x 627.352 us = 627.352 us
REPEAT: 8 x 660.8 us = 5286.4 us
RMS_NORM(2560,4,2044,1): 8 x 877.406 us = 7019.25 us
RMS_NORM_MUL RMS_NORM(128,1,2112,1): 1 x 20.599 us = 20.599 us
RMS_NORM_MUL RMS_NORM(128,4,2044,1): 1 x 74.541 us = 74.541 us
RMS_NORM_MUL RMS_NORM(128,48,2044,1): 3 x 1048.57 us = 3145.7 us
RMS_NORM_MUL RMS_NORM(256,2,2044,1): 1 x 56.467 us = 56.467 us
RMS_NORM_MUL RMS_NORM(256,24,2044,1): 1 x 706.502 us = 706.502 us
ROPE: 4 x 131.208 us = 524.835 us
SCALE: 33 x 36.704 us = 1211.24 us
SET_ROWS: 4 x 126.81 us = 507.242 us
SIGMOID: 27 x 307.336 us = 8298.07 us
SILU: 8 x 16.936 us = 135.493 us
SOFTPLUS: 3 x 4.849 us = 14.547 us
SSM_CONV_SILU SSM_CONV: 3 x 1160.58 us = 3481.73 us
SUM_ROWS: 5 x 694.246 us = 3471.23 us
TOPK_MOE_EARLY_SOFTMAX_NORM SOFT_MAX: 4 x 25.618 us = 102.474 us
Total time: 292843 us.
----------------
Vulkan Timings:
ADD: 19 x 724.755 us = 13770.4 us
CONCAT: 3 x 1278.51 us = 3835.53 us
CONT: 21 x 210.048 us = 4411.01 us
CPY: 7 x 89.804 us = 628.63 us
FA_KV_DEQUANT (sub-op): 1 x 189.439 us = 189.439 us
FILL: 2 x 88.387 us = 176.774 us
FLASH_ATTN_EXT dst(256,24,2044,1),  q(256,2044,24,1),  k(256,8448,2,1),  v(256,8448,2,1),  m(8448,2044,1,1): 1 x 13319.4 us = 13319.4 us (31861.1 GFLOPS/s)
GATED_DELTA_NET: 3 x 3225.38 us = 9676.14 us
GET_ROWS: 8 x 75.718 us = 605.747 us
GLU: 8 x 373.874 us = 2991 us
L2_NORM: 6 x 289.863 us = 1739.18 us
MUL: 39 x 888.419 us = 34648.4 us
MULTI_ADD ADD: 13 x 762.161 us = 9908.1 us
MUL_MAT f32 m=1 n=2044 k=2560: 4 x 234.384 us = 937.539 us (44.6413 GFLOPS/s)
MUL_MAT f32 m=2112 n=8176 k=128: 1 x 684.059 us = 684.059 us (6436.97 GFLOPS/s)
MUL_MAT f32 m=256 n=4088 k=256: 1 x 39.475 us = 39.475 us (13547.2 GFLOPS/s)
MUL_MAT f32 m=256 n=49056 k=256: 1 x 545.756 us = 545.756 us (11758.6 GFLOPS/s)
MUL_MAT f32 m=512 n=2044 k=2560: 4 x 326.61 us = 1306.44 us (16402.4 GFLOPS/s)
MUL_MAT f32 m=64 n=16352 k=64: 1 x 57.228 us = 57.228 us (2322.45 GFLOPS/s)
MUL_MAT f32 m=64 n=196224 k=64: 1 x 382.967 us = 382.967 us (4164.61 GFLOPS/s)
MUL_MAT iq4_nl m=10240 n=2044 k=320: 8 x 1856.92 us = 14855.3 us (7202.6 GFLOPS/s)
MUL_MAT iq4_nl m=2560 n=2044 k=640: 4 x 352.85 us = 1411.4 us (18967.1 GFLOPS/s)
MUL_MAT iq4_xs m=12288 n=2044 k=2560: 1 x 6035.51 us = 6035.51 us (21302.6 GFLOPS/s)
MUL_MAT iq4_xs m=128 n=2044 k=2560: 1 x 146.478 us = 146.478 us (9143.31 GFLOPS/s)
MUL_MAT iq4_xs m=2560 n=2044 k=6144: 4 x 3342.47 us = 13369.9 us (19235.3 GFLOPS/s)
MUL_MAT iq4_xs m=320 n=2044 k=10240: 8 x 2050.89 us = 16407.1 us (6531.28 GFLOPS/s)
MUL_MAT iq4_xs m=4 n=2044 k=10240: 8 x 1364.33 us = 10914.6 us (122.724 GFLOPS/s)
MUL_MAT iq4_xs m=48 n=2044 k=2560: 6 x 240.777 us = 1444.66 us (2085.89 GFLOPS/s)
MUL_MAT iq4_xs m=512 n=2044 k=2560: 2 x 682.736 us = 1365.47 us (7846.62 GFLOPS/s)
MUL_MAT iq4_xs m=6144 n=2044 k=2560: 3 x 2994.6 us = 8983.79 us (21467.4 GFLOPS/s)
MUL_MAT iq4_xs m=640 n=2044 k=2560: 8 x 779.305 us = 6234.44 us (8592.87 GFLOPS/s)
MUL_MAT q5_K m=10240 n=2044 k=2560: 3 x 5881.61 us = 17644.8 us (18216.7 GFLOPS/s)
MUL_MAT q5_K m=512 n=2044 k=2560: 1 x 628.995 us = 628.995 us (8517.04 GFLOPS/s)
MUL_MAT_ID iq4_nl m=2560 n=10 k=640 n_expert=512 batch=2044: 4 x 5417.97 us = 21671.9 us (12352.5 GFLOPS/s)
MUL_MAT_ID iq4_xs m=640 n=10 k=2560 n_expert=512 batch=2044: 8 x 4203.32 us = 33626.5 us (15931.4 GFLOPS/s)
RELU: 1 x 624.426 us = 624.426 us
REPEAT: 8 x 672.357 us = 5378.86 us
RMS_NORM(2560,4,2044,1): 8 x 920.799 us = 7366.39 us
RMS_NORM_MUL RMS_NORM(128,1,2112,1): 1 x 20.759 us = 20.759 us
RMS_NORM_MUL RMS_NORM(128,4,2044,1): 1 x 69.932 us = 69.932 us
RMS_NORM_MUL RMS_NORM(128,48,2044,1): 3 x 1051.93 us = 3155.8 us
RMS_NORM_MUL RMS_NORM(256,2,2044,1): 1 x 52.619 us = 52.619 us
RMS_NORM_MUL RMS_NORM(256,24,2044,1): 1 x 712.714 us = 712.714 us
ROPE: 4 x 123.534 us = 494.138 us
SCALE: 33 x 35.664 us = 1176.94 us
SET_ROWS: 4 x 103.035 us = 412.14 us
SIGMOID: 27 x 290.582 us = 7845.73 us
SILU: 8 x 16.891 us = 135.133 us
SOFTPLUS: 3 x 4.701 us = 14.105 us
SSM_CONV_SILU SSM_CONV: 3 x 1163.25 us = 3489.75 us
SUM_ROWS: 1 x 3456.57 us = 3456.57 us
TOPK_MOE_EARLY_SOFTMAX_NORM SOFT_MAX: 4 x 28.594 us = 114.376 us
Total time: 289114 us.
----------------
Vulkan Timings:
ADD: 19 x 678.916 us = 12899.4 us
CONCAT: 3 x 1278.45 us = 3835.36 us
CONT: 21 x 212.149 us = 4455.14 us
CPY: 7 x 89.472 us = 626.307 us
FA_KV_DEQUANT (sub-op): 1 x 184.31 us = 184.31 us
FILL: 2 x 85.381 us = 170.763 us
FLASH_ATTN_EXT dst(256,24,2044,1),  q(256,2044,24,1),  k(256,8448,2,1),  v(256,8448,2,1),  m(8448,2044,1,1): 1 x 20047.5 us = 20047.5 us (21168.3 GFLOPS/s)
GATED_DELTA_NET: 3 x 2781.99 us = 8345.98 us
GET_ROWS: 8 x 76.219 us = 609.754 us
GLU: 8 x 373.754 us = 2990.04 us
L2_NORM: 6 x 294.104 us = 1764.63 us
MUL: 39 x 885.21 us = 34523.2 us
MULTI_ADD ADD: 13 x 839.502 us = 10913.5 us
MUL_MAT f32 m=1 n=2044 k=2560: 4 x 237.32 us = 949.281 us (44.0891 GFLOPS/s)
MUL_MAT f32 m=2112 n=8176 k=128: 1 x 681.575 us = 681.575 us (6460.43 GFLOPS/s)
MUL_MAT f32 m=256 n=4088 k=256: 1 x 39.915 us = 39.915 us (13397.9 GFLOPS/s)
MUL_MAT f32 m=256 n=49056 k=256: 1 x 549.163 us = 549.163 us (11685.6 GFLOPS/s)
MUL_MAT f32 m=512 n=2044 k=2560: 4 x 334.094 us = 1336.38 us (16034.9 GFLOPS/s)
MUL_MAT f32 m=64 n=16352 k=64: 1 x 57.509 us = 57.509 us (2311.1 GFLOPS/s)
MUL_MAT f32 m=64 n=196224 k=64: 1 x 372.708 us = 372.708 us (4279.24 GFLOPS/s)
MUL_MAT iq4_nl m=10240 n=2044 k=320: 8 x 1860.86 us = 14886.9 us (7187.34 GFLOPS/s)
MUL_MAT iq4_nl m=2560 n=2044 k=640: 4 x 356.477 us = 1425.91 us (18774.1 GFLOPS/s)
MUL_MAT iq4_xs m=12288 n=2044 k=2560: 1 x 5986.69 us = 5986.69 us (21476.3 GFLOPS/s)
MUL_MAT iq4_xs m=128 n=2044 k=2560: 1 x 144.915 us = 144.915 us (9241.93 GFLOPS/s)
MUL_MAT iq4_xs m=2560 n=2044 k=6144: 4 x 3573.35 us = 14293.4 us (17992.5 GFLOPS/s)
MUL_MAT iq4_xs m=320 n=2044 k=10240: 8 x 2201.92 us = 17615.4 us (6083.27 GFLOPS/s)
MUL_MAT iq4_xs m=4 n=2044 k=10240: 8 x 1397.68 us = 11181.4 us (119.796 GFLOPS/s)
MUL_MAT iq4_xs m=48 n=2044 k=2560: 6 x 237.323 us = 1423.94 us (2116.25 GFLOPS/s)
MUL_MAT iq4_xs m=512 n=2044 k=2560: 2 x 668.79 us = 1337.58 us (8010.25 GFLOPS/s)
MUL_MAT iq4_xs m=6144 n=2044 k=2560: 3 x 2664.64 us = 7993.91 us (24125.7 GFLOPS/s)
MUL_MAT iq4_xs m=640 n=2044 k=2560: 8 x 771.074 us = 6168.6 us (8684.6 GFLOPS/s)
MUL_MAT q5_K m=10240 n=2044 k=2560: 3 x 5776.51 us = 17329.5 us (18548.1 GFLOPS/s)
MUL_MAT q5_K m=512 n=2044 k=2560: 1 x 627.352 us = 627.352 us (8539.35 GFLOPS/s)
MUL_MAT_ID iq4_nl m=2560 n=10 k=640 n_expert=512 batch=2044: 4 x 5360.91 us = 21443.7 us (12484 GFLOPS/s)
MUL_MAT_ID iq4_xs m=640 n=10 k=2560 n_expert=512 batch=2044: 8 x 4412.42 us = 35299.4 us (15176.4 GFLOPS/s)
RELU: 1 x 625.027 us = 625.027 us
REPEAT: 8 x 670.273 us = 5362.19 us
RMS_NORM(2560,4,2044,1): 8 x 898.356 us = 7186.85 us
RMS_NORM_MUL RMS_NORM(128,1,2112,1): 1 x 20.639 us = 20.639 us
RMS_NORM_MUL RMS_NORM(128,4,2044,1): 1 x 77.306 us = 77.306 us
RMS_NORM_MUL RMS_NORM(128,48,2044,1): 3 x 1043.93 us = 3131.79 us
RMS_NORM_MUL RMS_NORM(256,2,2044,1): 1 x 51.658 us = 51.658 us
RMS_NORM_MUL RMS_NORM(256,24,2044,1): 1 x 730.227 us = 730.227 us
ROPE: 4 x 121.951 us = 487.806 us
SCALE: 33 x 36.074 us = 1190.45 us
SET_ROWS: 4 x 113.475 us = 453.9 us
SIGMOID: 27 x 287.407 us = 7760.01 us
SILU: 8 x 16.916 us = 135.332 us
SOFTPLUS: 3 x 4.741 us = 14.225 us
SSM_CONV_SILU SSM_CONV: 3 x 1144.69 us = 3434.08 us
SUM_ROWS: 1 x 3466.87 us = 3466.87 us
TOPK_MOE_EARLY_SOFTMAX_NORM SOFT_MAX: 4 x 28.112 us = 112.451 us
Total time: 296752 us.
----------------
Vulkan Timings:
ADD: 19 x 656.782 us = 12478.9 us
CONCAT: 3 x 1258.86 us = 3776.57 us
CONT: 21 x 211.212 us = 4435.46 us
CPY: 7 x 91.934 us = 643.54 us
FA_KV_DEQUANT (sub-op): 1 x 186.314 us = 186.314 us
FILL: 2 x 94.959 us = 189.919 us
FLASH_ATTN_EXT dst(256,24,2044,1),  q(256,2044,24,1),  k(256,8448,2,1),  v(256,8448,2,1),  m(8448,2044,1,1): 1 x 25083 us = 25083 us (16918.7 GFLOPS/s)
GATED_DELTA_NET: 3 x 3519.38 us = 10558.1 us
GET_ROWS: 8 x 73.223 us = 585.79 us
GLU: 8 x 366.415 us = 2931.32 us
L2_NORM: 6 x 289.703 us = 1738.22 us
MUL: 39 x 858.201 us = 33469.9 us
MULTI_ADD ADD: 13 x 755.36 us = 9819.69 us
MUL_MAT f32 m=1 n=2044 k=2560: 4 x 237.14 us = 948.56 us (44.1226 GFLOPS/s)
MUL_MAT f32 m=2112 n=8176 k=128: 1 x 309.948 us = 309.948 us (14206.5 GFLOPS/s)
MUL_MAT f32 m=256 n=4088 k=256: 1 x 36.509 us = 36.509 us (14647.8 GFLOPS/s)
MUL_MAT f32 m=256 n=49056 k=256: 1 x 558.701 us = 558.701 us (11486.1 GFLOPS/s)
MUL_MAT f32 m=512 n=2044 k=2560: 4 x 330.697 us = 1322.79 us (16199.6 GFLOPS/s)
MUL_MAT f32 m=64 n=16352 k=64: 1 x 56.747 us = 56.747 us (2342.13 GFLOPS/s)
MUL_MAT f32 m=64 n=196224 k=64: 1 x 377.477 us = 377.477 us (4225.18 GFLOPS/s)
MUL_MAT iq4_nl m=10240 n=2044 k=320: 8 x 1097.82 us = 8782.52 us (12182.9 GFLOPS/s)
MUL_MAT iq4_nl m=2560 n=2044 k=640: 4 x 354.332 us = 1417.33 us (18887.7 GFLOPS/s)
MUL_MAT iq4_xs m=12288 n=2044 k=2560: 1 x 6384.53 us = 6384.53 us (20138.1 GFLOPS/s)
MUL_MAT iq4_xs m=128 n=2044 k=2560: 1 x 133.413 us = 133.413 us (10038.7 GFLOPS/s)
MUL_MAT iq4_xs m=2560 n=2044 k=6144: 4 x 3485.1 us = 13940.4 us (18448.1 GFLOPS/s)
MUL_MAT iq4_xs m=320 n=2044 k=10240: 8 x 2173.04 us = 17384.3 us (6164.12 GFLOPS/s)
MUL_MAT iq4_xs m=4 n=2044 k=10240: 8 x 1397.62 us = 11181 us (119.801 GFLOPS/s)
MUL_MAT iq4_xs m=48 n=2044 k=2560: 6 x 232.407 us = 1394.45 us (2161.01 GFLOPS/s)
MUL_MAT iq4_xs m=512 n=2044 k=2560: 2 x 501.352 us = 1002.71 us (10685.4 GFLOPS/s)
MUL_MAT iq4_xs m=6144 n=2044 k=2560: 3 x 2957.16 us = 8871.5 us (21739.1 GFLOPS/s)
MUL_MAT iq4_xs m=640 n=2044 k=2560: 8 x 735.462 us = 5883.7 us (9105.12 GFLOPS/s)
MUL_MAT q5_K m=10240 n=2044 k=2560: 3 x 5148.93 us = 15446.8 us (20808.9 GFLOPS/s)
MUL_MAT q5_K m=512 n=2044 k=2560: 1 x 885.562 us = 885.562 us (6049.47 GFLOPS/s)
MUL_MAT_ID iq4_nl m=2560 n=10 k=640 n_expert=512 batch=2044: 4 x 5333.82 us = 21335.3 us (12547.4 GFLOPS/s)
MUL_MAT_ID iq4_xs m=640 n=10 k=2560 n_expert=512 batch=2044: 8 x 4548.54 us = 36388.3 us (14722.3 GFLOPS/s)
RELU: 1 x 637.451 us = 637.451 us
REPEAT: 8 x 661.496 us = 5291.97 us
RMS_NORM(2560,4,2044,1): 8 x 844.078 us = 6752.63 us
RMS_NORM_MUL RMS_NORM(128,1,2112,1): 1 x 20.879 us = 20.879 us
RMS_NORM_MUL RMS_NORM(128,4,2044,1): 1 x 68.65 us = 68.65 us
RMS_NORM_MUL RMS_NORM(128,48,2044,1): 3 x 1040.48 us = 3121.45 us
RMS_NORM_MUL RMS_NORM(256,2,2044,1): 1 x 53.942 us = 53.942 us
RMS_NORM_MUL RMS_NORM(256,24,2044,1): 1 x 692.155 us = 692.155 us
ROPE: 4 x 120.989 us = 483.957 us
SCALE: 33 x 34.536 us = 1139.71 us
SET_ROWS: 4 x 117.462 us = 469.85 us
SIGMOID: 27 x 282.456 us = 7626.32 us
SILU: 8 x 16.741 us = 133.931 us
SOFTPLUS: 3 x 4.808 us = 14.425 us
SSM_CONV_SILU SSM_CONV: 3 x 1268.72 us = 3806.15 us
SUM_ROWS: 1 x 3423.38 us = 3423.38 us
TOPK_MOE_EARLY_SOFTMAX_NORM SOFT_MAX: 4 x 28.754 us = 115.016 us
Total time: 293791 us.
----------------
Vulkan Timings:
ADD: 19 x 672.011 us = 12768.2 us
CONCAT: 3 x 1264.38 us = 3793.13 us
CONT: 21 x 214.874 us = 4512.36 us
CPY: 7 x 89.489 us = 626.427 us
FA_KV_DEQUANT (sub-op): 1 x 193.848 us = 193.848 us
FILL: 2 x 94.459 us = 188.918 us
FLASH_ATTN_EXT dst(256,24,2044,1),  q(256,2044,24,1),  k(256,8448,2,1),  v(256,8448,2,1),  m(8448,2044,1,1): 1 x 28453.3 us = 28453.3 us (14914.6 GFLOPS/s)
GATED_DELTA_NET: 3 x 3021.03 us = 9063.1 us
GET_ROWS: 8 x 76.084 us = 608.672 us
GLU: 8 x 370.363 us = 2962.91 us
L2_NORM: 6 x 293.317 us = 1759.9 us
MUL: 39 x 869.244 us = 33900.6 us
MULTI_ADD ADD: 13 x 770.663 us = 10018.6 us
MUL_MAT f32 m=1 n=2044 k=2560: 4 x 230.287 us = 921.148 us (45.4356 GFLOPS/s)
MUL_MAT f32 m=2112 n=8176 k=128: 1 x 669.231 us = 669.231 us (6579.59 GFLOPS/s)
MUL_MAT f32 m=256 n=4088 k=256: 1 x 43.482 us = 43.482 us (12298.8 GFLOPS/s)
MUL_MAT f32 m=256 n=49056 k=256: 1 x 562.749 us = 562.749 us (11403.5 GFLOPS/s)
MUL_MAT f32 m=512 n=2044 k=2560: 4 x 344.413 us = 1377.65 us (15554.5 GFLOPS/s)
MUL_MAT f32 m=64 n=16352 k=64: 1 x 57.549 us = 57.549 us (2309.49 GFLOPS/s)
MUL_MAT f32 m=64 n=196224 k=64: 1 x 408.896 us = 408.896 us (3900.52 GFLOPS/s)
MUL_MAT iq4_nl m=10240 n=2044 k=320: 8 x 1102.33 us = 8818.67 us (12133 GFLOPS/s)
MUL_MAT iq4_nl m=2560 n=2044 k=640: 4 x 352.85 us = 1411.4 us (18967.1 GFLOPS/s)
MUL_MAT iq4_xs m=12288 n=2044 k=2560: 1 x 5483.82 us = 5483.82 us (23445.7 GFLOPS/s)
MUL_MAT iq4_xs m=128 n=2044 k=2560: 1 x 130.808 us = 130.808 us (10238.6 GFLOPS/s)
MUL_MAT iq4_xs m=2560 n=2044 k=6144: 4 x 3357.79 us = 13431.2 us (19147.6 GFLOPS/s)
MUL_MAT iq4_xs m=320 n=2044 k=10240: 8 x 2101.32 us = 16810.6 us (6374.51 GFLOPS/s)
MUL_MAT iq4_xs m=4 n=2044 k=10240: 8 x 1386.7 us = 11093.6 us (120.744 GFLOPS/s)
MUL_MAT iq4_xs m=48 n=2044 k=2560: 6 x 247.396 us = 1484.38 us (2030.09 GFLOPS/s)
MUL_MAT iq4_xs m=512 n=2044 k=2560: 2 x 675.923 us = 1351.85 us (7925.71 GFLOPS/s)
MUL_MAT iq4_xs m=6144 n=2044 k=2560: 3 x 2973.5 us = 8920.51 us (21619.7 GFLOPS/s)
MUL_MAT iq4_xs m=640 n=2044 k=2560: 8 x 659.998 us = 5279.99 us (10146.2 GFLOPS/s)
MUL_MAT q5_K m=10240 n=2044 k=2560: 3 x 4491.05 us = 13473.2 us (23857.1 GFLOPS/s)
MUL_MAT q5_K m=512 n=2044 k=2560: 1 x 587.075 us = 587.075 us (9125.2 GFLOPS/s)
MUL_MAT_ID iq4_nl m=2560 n=10 k=640 n_expert=512 batch=2044: 4 x 5533.09 us = 22132.4 us (12095.5 GFLOPS/s)
MUL_MAT_ID iq4_xs m=640 n=10 k=2560 n_expert=512 batch=2044: 8 x 4910.92 us = 39287.4 us (13635.9 GFLOPS/s)
RELU: 1 x 631.96 us = 631.96 us
REPEAT: 8 x 661.646 us = 5293.18 us
RMS_NORM(2560,4,2044,1): 8 x 860.299 us = 6882.39 us
RMS_NORM_MUL RMS_NORM(128,1,2112,1): 1 x 20.599 us = 20.599 us
RMS_NORM_MUL RMS_NORM(128,4,2044,1): 1 x 70.694 us = 70.694 us
RMS_NORM_MUL RMS_NORM(128,48,2044,1): 3 x 1059.75 us = 3179.24 us
RMS_NORM_MUL RMS_NORM(256,2,2044,1): 1 x 54.343 us = 54.343 us
RMS_NORM_MUL RMS_NORM(256,24,2044,1): 1 x 690.471 us = 690.471 us
ROPE: 4 x 120.789 us = 483.156 us
SCALE: 33 x 34.904 us = 1151.85 us
SET_ROWS: 4 x 121.78 us = 487.123 us
SIGMOID: 27 x 284.839 us = 7690.68 us
SILU: 8 x 16.641 us = 133.129 us
SOFTPLUS: 3 x 4.955 us = 14.867 us
SSM_CONV_SILU SSM_CONV: 3 x 1291.23 us = 3873.68 us
SUM_ROWS: 1 x 3437.85 us = 3437.85 us
TOPK_MOE_EARLY_SOFTMAX_NORM SOFT_MAX: 4 x 27.572 us = 110.289 us
Total time: 296793 us.
----------------
Vulkan Timings:
ADD: 19 x 657.305 us = 12488.8 us
CONCAT: 3 x 1250.88 us = 3752.65 us
CONT: 21 x 212.513 us = 4462.79 us
CPY: 7 x 90.852 us = 635.964 us
FA_KV_DEQUANT (sub-op): 1 x 182.346 us = 182.346 us
FILL: 2 x 89.369 us = 178.739 us
FLASH_ATTN_EXT dst(256,24,2044,1),  q(256,2044,24,1),  k(256,8448,2,1),  v(256,8448,2,1),  m(8448,2044,1,1): 1 x 28541.5 us = 28541.5 us (14868.6 GFLOPS/s)
GATED_DELTA_NET: 3 x 3199.33 us = 9598 us
GET_ROWS: 8 x 71.836 us = 574.689 us
GLU: 8 x 360.644 us = 2885.16 us
L2_NORM: 6 x 294.339 us = 1766.03 us
MUL: 39 x 861.677 us = 33605.4 us
MULTI_ADD ADD: 13 x 760.099 us = 9881.29 us
MUL_MAT f32 m=1 n=2044 k=2560: 4 x 211.281 us = 845.124 us (49.5228 GFLOPS/s)
MUL_MAT f32 m=2112 n=8176 k=128: 1 x 683.739 us = 683.739 us (6439.98 GFLOPS/s)
MUL_MAT f32 m=256 n=4088 k=256: 1 x 42.56 us = 42.56 us (12565.2 GFLOPS/s)
MUL_MAT f32 m=256 n=49056 k=256: 1 x 571.485 us = 571.485 us (11229.2 GFLOPS/s)
MUL_MAT f32 m=512 n=2044 k=2560: 4 x 332.05 us = 1328.2 us (16133.6 GFLOPS/s)
MUL_MAT f32 m=64 n=16352 k=64: 1 x 58.711 us = 58.711 us (2263.78 GFLOPS/s)
MUL_MAT f32 m=64 n=196224 k=64: 1 x 376.475 us = 376.475 us (4236.43 GFLOPS/s)
MUL_MAT iq4_nl m=10240 n=2044 k=320: 8 x 1093.5 us = 8748.02 us (12231 GFLOPS/s)
MUL_MAT iq4_nl m=2560 n=2044 k=640: 4 x 353.08 us = 1412.32 us (18954.7 GFLOPS/s)
MUL_MAT iq4_xs m=12288 n=2044 k=2560: 1 x 5361.71 us = 5361.71 us (23979.7 GFLOPS/s)
MUL_MAT iq4_xs m=128 n=2044 k=2560: 1 x 120.428 us = 120.428 us (11121.1 GFLOPS/s)
MUL_MAT iq4_xs m=2560 n=2044 k=6144: 4 x 3557.36 us = 14229.4 us (18073.4 GFLOPS/s)
MUL_MAT iq4_xs m=320 n=2044 k=10240: 8 x 2054.75 us = 16438 us (6519 GFLOPS/s)
MUL_MAT iq4_xs m=4 n=2044 k=10240: 8 x 1352.66 us = 10821.3 us (123.783 GFLOPS/s)
MUL_MAT iq4_xs m=48 n=2044 k=2560: 6 x 241.338 us = 1448.03 us (2081.05 GFLOPS/s)
MUL_MAT iq4_xs m=512 n=2044 k=2560: 2 x 693.757 us = 1387.52 us (7721.97 GFLOPS/s)
MUL_MAT iq4_xs m=6144 n=2044 k=2560: 3 x 2895.14 us = 8685.42 us (22204.8 GFLOPS/s)
MUL_MAT iq4_xs m=640 n=2044 k=2560: 8 x 630.933 us = 5047.47 us (10613.6 GFLOPS/s)
MUL_MAT q5_K m=10240 n=2044 k=2560: 3 x 4720.57 us = 14161.7 us (22697.2 GFLOPS/s)
MUL_MAT q5_K m=512 n=2044 k=2560: 1 x 698.206 us = 698.206 us (7672.77 GFLOPS/s)
MUL_MAT_ID iq4_nl m=2560 n=10 k=640 n_expert=512 batch=2044: 4 x 5934.65 us = 23738.6 us (11277.1 GFLOPS/s)
MUL_MAT_ID iq4_xs m=640 n=10 k=2560 n_expert=512 batch=2044: 8 x 5932.67 us = 47461.4 us (11287.4 GFLOPS/s)
RELU: 1 x 634.084 us = 634.084 us
REPEAT: 8 x 665.829 us = 5326.64 us
RMS_NORM(2560,4,2044,1): 8 x 854.778 us = 6838.23 us
RMS_NORM_MUL RMS_NORM(128,1,2112,1): 1 x 20.839 us = 20.839 us
RMS_NORM_MUL RMS_NORM(128,4,2044,1): 1 x 69.772 us = 69.772 us
RMS_NORM_MUL RMS_NORM(128,48,2044,1): 3 x 1047.66 us = 3142.97 us
RMS_NORM_MUL RMS_NORM(256,2,2044,1): 1 x 56.747 us = 56.747 us
RMS_NORM_MUL RMS_NORM(256,24,2044,1): 1 x 700.17 us = 700.17 us
ROPE: 4 x 124.977 us = 499.909 us
SCALE: 33 x 35.314 us = 1165.36 us
SET_ROWS: 4 x 114.106 us = 456.425 us
SIGMOID: 27 x 283.273 us = 7648.4 us
SILU: 8 x 16.646 us = 133.169 us
SOFTPLUS: 3 x 4.835 us = 14.506 us
SSM_CONV_SILU SSM_CONV: 3 x 1226.38 us = 3679.15 us
SUM_ROWS: 1 x 3416.53 us = 3416.53 us
TOPK_MOE_EARLY_SOFTMAX_NORM SOFT_MAX: 4 x 27.171 us = 108.685 us
Total time: 306131 us.
----------------
Vulkan Timings:
ADD: 19 x 650.616 us = 12361.7 us
ARGSORT: 4 x 134.455 us = 537.82 us
CLAMP: 4 x 2.354 us = 9.416 us
CONCAT: 3 x 1253.57 us = 3760.7 us
CONT: 21 x 212.037 us = 4452.78 us
CPY: 7 x 90.016 us = 630.115 us
DIV: 4 x 2.494 us = 9.977 us
FA_KV_DEQUANT (sub-op): 1 x 180.943 us = 180.943 us
FILL: 2 x 89.89 us = 179.78 us
FLASH_ATTN_EXT dst(256,24,2044,1),  q(256,2044,24,1),  k(256,8448,2,1),  v(256,8448,2,1),  m(8448,2044,1,1): 1 x 31672.2 us = 31672.2 us (13398.9 GFLOPS/s)
GATED_DELTA_NET: 3 x 2890.21 us = 8670.63 us
GET_ROWS: 12 x 68.002 us = 816.024 us
GLU: 8 x 350.104 us = 2800.84 us
L2_NORM: 6 x 289.93 us = 1739.58 us
MUL: 39 x 852.544 us = 33249.2 us
MULTI_ADD ADD: 13 x 784.206 us = 10194.7 us
MUL_MAT f32 m=1 n=2044 k=2560: 4 x 212.342 us = 849.371 us (49.2752 GFLOPS/s)
MUL_MAT f32 m=2112 n=8176 k=128: 1 x 663.62 us = 663.62 us (6635.22 GFLOPS/s)
MUL_MAT f32 m=256 n=4088 k=256: 1 x 41.639 us = 41.639 us (12843.1 GFLOPS/s)
MUL_MAT f32 m=256 n=49056 k=256: 1 x 593.968 us = 593.968 us (10804.1 GFLOPS/s)
MUL_MAT f32 m=512 n=2044 k=2560: 4 x 341.718 us = 1366.88 us (15677.2 GFLOPS/s)
MUL_MAT f32 m=64 n=16352 k=64: 1 x 56.787 us = 56.787 us (2340.48 GFLOPS/s)
MUL_MAT f32 m=64 n=196224 k=64: 1 x 375.152 us = 375.152 us (4251.37 GFLOPS/s)
MUL_MAT iq4_nl m=10240 n=2044 k=320: 8 x 1097.08 us = 8776.67 us (12191.1 GFLOPS/s)
MUL_MAT iq4_nl m=2560 n=2044 k=640: 4 x 282.656 us = 1130.63 us (23677.3 GFLOPS/s)
MUL_MAT iq4_xs m=12288 n=2044 k=2560: 1 x 5312.69 us = 5312.69 us (24201 GFLOPS/s)
MUL_MAT iq4_xs m=128 n=2044 k=2560: 1 x 115.739 us = 115.739 us (11571.7 GFLOPS/s)
MUL_MAT iq4_xs m=2560 n=2044 k=6144: 4 x 3672.7 us = 14690.8 us (17505.8 GFLOPS/s)
MUL_MAT iq4_xs m=320 n=2044 k=10240: 8 x 2118.89 us = 16951.1 us (6321.66 GFLOPS/s)
MUL_MAT iq4_xs m=4 n=2044 k=10240: 8 x 1365.05 us = 10920.4 us (122.659 GFLOPS/s)
MUL_MAT iq4_xs m=48 n=2044 k=2560: 6 x 239.327 us = 1435.96 us (2098.53 GFLOPS/s)
MUL_MAT iq4_xs m=512 n=2044 k=2560: 2 x 739.584 us = 1479.17 us (7243.5 GFLOPS/s)
MUL_MAT iq4_xs m=6144 n=2044 k=2560: 3 x 2968.28 us = 8904.84 us (21657.7 GFLOPS/s)
MUL_MAT iq4_xs m=640 n=2044 k=2560: 8 x 634.575 us = 5076.6 us (10552.7 GFLOPS/s)
MUL_MAT q5_K m=10240 n=2044 k=2560: 3 x 4490.37 us = 13471.1 us (23860.7 GFLOPS/s)
MUL_MAT q5_K m=512 n=2044 k=2560: 1 x 930.728 us = 930.728 us (5755.9 GFLOPS/s)
MUL_MAT_ID iq4_nl m=2560 n=10 k=640 n_expert=512 batch=2044: 4 x 6360.28 us = 25441.1 us (10522.4 GFLOPS/s)
MUL_MAT_ID iq4_xs m=640 n=10 k=2560 n_expert=512 batch=2044: 8 x 6054.02 us = 48432.1 us (11061.2 GFLOPS/s)
RELU: 1 x 633.884 us = 633.884 us
REPEAT: 8 x 658.054 us = 5264.44 us
RMS_NORM(2560,4,2044,1): 8 x 855.465 us = 6843.72 us
RMS_NORM_MUL RMS_NORM(128,1,2112,1): 1 x 20.158 us = 20.158 us
RMS_NORM_MUL RMS_NORM(128,4,2044,1): 1 x 74.461 us = 74.461 us
RMS_NORM_MUL RMS_NORM(128,48,2044,1): 3 x 1056.63 us = 3169.9 us
RMS_NORM_MUL RMS_NORM(256,2,2044,1): 1 x 54.984 us = 54.984 us
RMS_NORM_MUL RMS_NORM(256,24,2044,1): 1 x 677.126 us = 677.126 us
ROPE: 4 x 120.879 us = 483.516 us
SCALE: 33 x 35.285 us = 1164.44 us
SET_ROWS: 4 x 128.393 us = 513.574 us
SIGMOID: 27 x 283.159 us = 7645.31 us
SILU: 8 x 16.566 us = 132.528 us
SOFTPLUS: 3 x 4.808 us = 14.426 us
SSM_CONV_SILU SSM_CONV: 3 x 1210.53 us = 3631.58 us
SUM_ROWS: 5 x 689.645 us = 3448.23 us
TOPK_MOE_EARLY_SOFTMAX_NORM SOFT_MAX: 4 x 25.147 us = 100.589 us
Total time: 312156 us.
----------------
Vulkan Timings:
ADD: 19 x 656.159 us = 12467 us
CONCAT: 3 x 1251.79 us = 3755.37 us
CONT: 21 x 209.754 us = 4404.84 us
CPY: 7 x 93.6 us = 655.203 us
FA_KV_DEQUANT (sub-op): 1 x 182.186 us = 182.186 us
FILL: 2 x 89.81 us = 179.62 us
FLASH_ATTN_EXT dst(256,24,2044,1),  q(256,2044,24,1),  k(256,8448,2,1),  v(256,8448,2,1),  m(8448,2044,1,1): 1 x 31154.6 us = 31154.6 us (13621.5 GFLOPS/s)
GATED_DELTA_NET: 3 x 3051.26 us = 9153.79 us
GET_ROWS: 8 x 74.886 us = 599.094 us
GLU: 8 x 350.806 us = 2806.45 us
L2_NORM: 6 x 284.567 us = 1707.4 us
MUL: 39 x 857.743 us = 33452 us
MULTI_ADD ADD: 13 x 771.638 us = 10031.3 us
MUL_MAT f32 m=1 n=2044 k=2560: 4 x 234.144 us = 936.577 us (44.6871 GFLOPS/s)
MUL_MAT f32 m=2112 n=8176 k=128: 1 x 669.311 us = 669.311 us (6578.81 GFLOPS/s)
MUL_MAT f32 m=256 n=4088 k=256: 1 x 39.354 us = 39.354 us (13588.9 GFLOPS/s)
MUL_MAT f32 m=256 n=49056 k=256: 1 x 560.104 us = 560.104 us (11457.4 GFLOPS/s)
MUL_MAT f32 m=512 n=2044 k=2560: 4 x 334.936 us = 1339.74 us (15994.6 GFLOPS/s)
MUL_MAT f32 m=64 n=16352 k=64: 1 x 56.266 us = 56.266 us (2362.16 GFLOPS/s)
MUL_MAT f32 m=64 n=196224 k=64: 1 x 374.391 us = 374.391 us (4260.01 GFLOPS/s)
MUL_MAT iq4_nl m=10240 n=2044 k=320: 8 x 1104.06 us = 8832.5 us (12114 GFLOPS/s)
MUL_MAT iq4_nl m=2560 n=2044 k=640: 4 x 342.43 us = 1369.72 us (19544.3 GFLOPS/s)
MUL_MAT iq4_xs m=12288 n=2044 k=2560: 1 x 5417.01 us = 5417.01 us (23734.9 GFLOPS/s)
MUL_MAT iq4_xs m=128 n=2044 k=2560: 1 x 138.022 us = 138.022 us (9703.48 GFLOPS/s)
MUL_MAT iq4_xs m=2560 n=2044 k=6144: 4 x 4081.01 us = 16324.1 us (15754.3 GFLOPS/s)
MUL_MAT iq4_xs m=320 n=2044 k=10240: 8 x 2012.65 us = 16101.2 us (6655.35 GFLOPS/s)
MUL_MAT iq4_xs m=4 n=2044 k=10240: 8 x 1394.36 us = 11154.9 us (120.081 GFLOPS/s)
MUL_MAT iq4_xs m=48 n=2044 k=2560: 6 x 243.442 us = 1460.65 us (2063.06 GFLOPS/s)
MUL_MAT iq4_xs m=512 n=2044 k=2560: 2 x 554.713 us = 1109.43 us (9657.56 GFLOPS/s)
MUL_MAT iq4_xs m=6144 n=2044 k=2560: 3 x 2664.17 us = 7992.51 us (24129.9 GFLOPS/s)
MUL_MAT iq4_xs m=640 n=2044 k=2560: 8 x 700.189 us = 5601.52 us (9563.79 GFLOPS/s)
MUL_MAT q5_K m=10240 n=2044 k=2560: 3 x 4581.45 us = 13744.4 us (23386.4 GFLOPS/s)
MUL_MAT q5_K m=512 n=2044 k=2560: 1 x 571.566 us = 571.566 us (9372.81 GFLOPS/s)
MUL_MAT_ID iq4_nl m=2560 n=10 k=640 n_expert=512 batch=2044: 4 x 5796.57 us = 23186.3 us (11545.7 GFLOPS/s)
MUL_MAT_ID iq4_xs m=640 n=10 k=2560 n_expert=512 batch=2044: 8 x 5436.49 us = 43491.9 us (12317.6 GFLOPS/s)
RELU: 1 x 633.002 us = 633.002 us
REPEAT: 8 x 655.89 us = 5247.13 us
RMS_NORM(2560,4,2044,1): 8 x 852.824 us = 6822.6 us
RMS_NORM_MUL RMS_NORM(128,1,2112,1): 1 x 20.839 us = 20.839 us
RMS_NORM_MUL RMS_NORM(128,4,2044,1): 1 x 69.772 us = 69.772 us
RMS_NORM_MUL RMS_NORM(128,48,2044,1): 3 x 1058.1 us = 3174.31 us
RMS_NORM_MUL RMS_NORM(256,2,2044,1): 1 x 53.02 us = 53.02 us
RMS_NORM_MUL RMS_NORM(256,24,2044,1): 1 x 681.615 us = 681.615 us
ROPE: 4 x 121.911 us = 487.645 us
SCALE: 33 x 34.958 us = 1153.62 us
SET_ROWS: 4 x 123.584 us = 494.336 us
SIGMOID: 27 x 279.934 us = 7558.23 us
SILU: 8 x 16.691 us = 133.529 us
SOFTPLUS: 3 x 4.755 us = 14.265 us
SSM_CONV_SILU SSM_CONV: 3 x 1224.16 us = 3672.5 us
SUM_ROWS: 1 x 3472.24 us = 3472.24 us
TOPK_MOE_EARLY_SOFTMAX_NORM SOFT_MAX: 4 x 28.112 us = 112.451 us
Total time: 304821 us.
----------------
Vulkan Timings:
ADD: 19 x 666.953 us = 12672.1 us
CONCAT: 3 x 1261.05 us = 3783.15 us
CONT: 21 x 216.322 us = 4542.78 us
CPY: 7 x 88.854 us = 621.978 us
FA_KV_DEQUANT (sub-op): 1 x 192.125 us = 192.125 us
FILL: 2 x 99.969 us = 199.939 us
FLASH_ATTN_EXT dst(256,24,2044,1),  q(256,2044,24,1),  k(256,8448,2,1),  v(256,8448,2,1),  m(8448,2044,1,1): 1 x 29786.2 us = 29786.2 us (14247.2 GFLOPS/s)
GATED_DELTA_NET: 3 x 3552.51 us = 10657.5 us
GET_ROWS: 8 x 74.13 us = 593.044 us
GLU: 8 x 371.024 us = 2968.2 us
L2_NORM: 6 x 297.564 us = 1785.39 us
MUL: 39 x 874.087 us = 34089.4 us
MULTI_ADD ADD: 13 x 777.652 us = 10109.5 us
MUL_MAT f32 m=1 n=2044 k=2560: 4 x 221.931 us = 887.725 us (47.1463 GFLOPS/s)
MUL_MAT f32 m=2112 n=8176 k=128: 1 x 350.425 us = 350.425 us (12565.5 GFLOPS/s)
MUL_MAT f32 m=256 n=4088 k=256: 1 x 37.992 us = 37.992 us (14076 GFLOPS/s)
MUL_MAT f32 m=256 n=49056 k=256: 1 x 573.77 us = 573.77 us (11184.5 GFLOPS/s)
MUL_MAT f32 m=512 n=2044 k=2560: 4 x 317.994 us = 1271.98 us (16846.8 GFLOPS/s)
MUL_MAT f32 m=64 n=16352 k=64: 1 x 57.509 us = 57.509 us (2311.1 GFLOPS/s)
MUL_MAT f32 m=64 n=196224 k=64: 1 x 372.908 us = 372.908 us (4276.95 GFLOPS/s)
MUL_MAT iq4_nl m=10240 n=2044 k=320: 8 x 1098.72 us = 8789.74 us (12173 GFLOPS/s)
MUL_MAT iq4_nl m=2560 n=2044 k=640: 4 x 341.087 us = 1364.35 us (19621.2 GFLOPS/s)
MUL_MAT iq4_xs m=12288 n=2044 k=2560: 1 x 6264.02 us = 6264.02 us (20525.5 GFLOPS/s)
MUL_MAT iq4_xs m=128 n=2044 k=2560: 1 x 121.831 us = 121.831 us (10993 GFLOPS/s)
MUL_MAT iq4_xs m=2560 n=2044 k=6144: 4 x 4213.97 us = 16855.9 us (15257.2 GFLOPS/s)
MUL_MAT iq4_xs m=320 n=2044 k=10240: 8 x 1548 us = 12384 us (8653.03 GFLOPS/s)
MUL_MAT iq4_xs m=4 n=2044 k=10240: 8 x 1354.17 us = 10833.3 us (123.645 GFLOPS/s)
MUL_MAT iq4_xs m=48 n=2044 k=2560: 6 x 245.292 us = 1471.75 us (2047.5 GFLOPS/s)
MUL_MAT iq4_xs m=512 n=2044 k=2560: 2 x 608.876 us = 1217.75 us (8798.46 GFLOPS/s)
MUL_MAT iq4_xs m=6144 n=2044 k=2560: 3 x 3037 us = 9110.99 us (21167.7 GFLOPS/s)
MUL_MAT iq4_xs m=640 n=2044 k=2560: 8 x 613.595 us = 4908.76 us (10913.5 GFLOPS/s)
MUL_MAT q5_K m=10240 n=2044 k=2560: 3 x 4515.07 us = 13545.2 us (23730.2 GFLOPS/s)
MUL_MAT q5_K m=512 n=2044 k=2560: 1 x 837.27 us = 837.27 us (6398.39 GFLOPS/s)
MUL_MAT_ID iq4_nl m=2560 n=10 k=640 n_expert=512 batch=2044: 4 x 5756.01 us = 23024 us (11627.1 GFLOPS/s)
MUL_MAT_ID iq4_xs m=640 n=10 k=2560 n_expert=512 batch=2044: 8 x 5229.39 us = 41835.1 us (12805.5 GFLOPS/s)
RELU: 1 x 630.037 us = 630.037 us
REPEAT: 8 x 663.74 us = 5309.93 us
RMS_NORM(2560,4,2044,1): 8 x 874.997 us = 6999.98 us
RMS_NORM_MUL RMS_NORM(128,1,2112,1): 1 x 20.158 us = 20.158 us
RMS_NORM_MUL RMS_NORM(128,4,2044,1): 1 x 70.133 us = 70.133 us
RMS_NORM_MUL RMS_NORM(128,48,2044,1): 3 x 1073.11 us = 3219.32 us
RMS_NORM_MUL RMS_NORM(256,2,2044,1): 1 x 55.745 us = 55.745 us
RMS_NORM_MUL RMS_NORM(256,24,2044,1): 1 x 712.353 us = 712.353 us
ROPE: 4 x 125.638 us = 502.553 us
SCALE: 33 x 34.154 us = 1127.08 us
SET_ROWS: 4 x 126.93 us = 507.723 us
SIGMOID: 27 x 288.725 us = 7795.6 us
SILU: 8 x 16.646 us = 133.169 us
SOFTPLUS: 3 x 4.969 us = 14.907 us
SSM_CONV_SILU SSM_CONV: 3 x 1107.9 us = 3323.71 us
SUM_ROWS: 1 x 3448.79 us = 3448.79 us
TOPK_MOE_EARLY_SOFTMAX_NORM SOFT_MAX: 4 x 27.231 us = 108.925 us
Total time: 302098 us.
----------------
Vulkan Timings:
ADD: 19 x 668.262 us = 12697 us
CONCAT: 3 x 1242.76 us = 3728.28 us
CONT: 21 x 212.649 us = 4465.64 us
CPY: 7 x 85.991 us = 601.941 us
FA_KV_DEQUANT (sub-op): 1 x 183.508 us = 183.508 us
FILL: 2 x 85.802 us = 171.605 us
FLASH_ATTN_EXT dst(256,24,2044,1),  q(256,2044,24,1),  k(256,8448,2,1),  v(256,8448,2,1),  m(8448,2044,1,1): 1 x 27495 us = 27495 us (15434.5 GFLOPS/s)
GATED_DELTA_NET: 3 x 3559.07 us = 10677.2 us
GET_ROWS: 8 x 72.767 us = 582.143 us
GLU: 8 x 366.575 us = 2932.61 us
L2_NORM: 6 x 294.886 us = 1769.32 us
MUL: 39 x 870.913 us = 33965.6 us
MULTI_ADD ADD: 13 x 756.837 us = 9838.89 us
MUL_MAT f32 m=1 n=2044 k=2560: 4 x 232.21 us = 928.843 us (45.0592 GFLOPS/s)
MUL_MAT f32 m=2112 n=8176 k=128: 1 x 323.695 us = 323.695 us (13603.1 GFLOPS/s)
MUL_MAT f32 m=256 n=4088 k=256: 1 x 37.19 us = 37.19 us (14379.6 GFLOPS/s)
MUL_MAT f32 m=256 n=49056 k=256: 1 x 567.317 us = 567.317 us (11311.7 GFLOPS/s)
MUL_MAT f32 m=512 n=2044 k=2560: 4 x 337.07 us = 1348.28 us (15893.4 GFLOPS/s)
MUL_MAT f32 m=64 n=16352 k=64: 1 x 58.11 us = 58.11 us (2287.2 GFLOPS/s)
MUL_MAT f32 m=64 n=196224 k=64: 1 x 376.315 us = 376.315 us (4238.23 GFLOPS/s)
MUL_MAT iq4_nl m=10240 n=2044 k=320: 8 x 1109.16 us = 8873.26 us (12058.4 GFLOPS/s)
MUL_MAT iq4_nl m=2560 n=2044 k=640: 4 x 333.253 us = 1333.01 us (20082.5 GFLOPS/s)
MUL_MAT iq4_xs m=12288 n=2044 k=2560: 1 x 6306.54 us = 6306.54 us (20387.1 GFLOPS/s)
MUL_MAT iq4_xs m=128 n=2044 k=2560: 1 x 170.043 us = 170.043 us (7876.21 GFLOPS/s)
MUL_MAT iq4_xs m=2560 n=2044 k=6144: 4 x 4157.18 us = 16628.7 us (15465.6 GFLOPS/s)
MUL_MAT iq4_xs m=320 n=2044 k=10240: 8 x 1544.33 us = 12354.7 us (8673.58 GFLOPS/s)
MUL_MAT iq4_xs m=4 n=2044 k=10240: 8 x 1349.38 us = 10795.1 us (124.084 GFLOPS/s)
MUL_MAT iq4_xs m=48 n=2044 k=2560: 6 x 254.523 us = 1527.14 us (1973.24 GFLOPS/s)
MUL_MAT iq4_xs m=512 n=2044 k=2560: 2 x 478.048 us = 956.096 us (11206.4 GFLOPS/s)
MUL_MAT iq4_xs m=6144 n=2044 k=2560: 3 x 2951.13 us = 8853.38 us (21783.6 GFLOPS/s)
MUL_MAT iq4_xs m=640 n=2044 k=2560: 8 x 744.048 us = 5952.39 us (9000.05 GFLOPS/s)
MUL_MAT q5_K m=10240 n=2044 k=2560: 3 x 4593.63 us = 13780.9 us (23324.3 GFLOPS/s)
MUL_MAT q5_K m=512 n=2044 k=2560: 1 x 541.348 us = 541.348 us (9895.99 GFLOPS/s)
MUL_MAT_ID iq4_nl m=2560 n=10 k=640 n_expert=512 batch=2044: 4 x 5490.99 us = 21964 us (12188.2 GFLOPS/s)
MUL_MAT_ID iq4_xs m=640 n=10 k=2560 n_expert=512 batch=2044: 8 x 4638.97 us = 37111.8 us (14435.3 GFLOPS/s)
RELU: 1 x 614.567 us = 614.567 us
REPEAT: 8 x 659.502 us = 5276.02 us
RMS_NORM(2560,4,2044,1): 8 x 872.833 us = 6982.66 us
RMS_NORM_MUL RMS_NORM(128,1,2112,1): 1 x 21.039 us = 21.039 us
RMS_NORM_MUL RMS_NORM(128,4,2044,1): 1 x 69.692 us = 69.692 us
RMS_NORM_MUL RMS_NORM(128,48,2044,1): 3 x 1056.98 us = 3170.94 us
RMS_NORM_MUL RMS_NORM(256,2,2044,1): 1 x 53.221 us = 53.221 us
RMS_NORM_MUL RMS_NORM(256,24,2044,1): 1 x 691.353 us = 691.353 us
ROPE: 4 x 121.49 us = 485.962 us
SCALE: 33 x 35.727 us = 1179.02 us
SET_ROWS: 4 x 115.639 us = 462.557 us
SIGMOID: 27 x 288.27 us = 7783.3 us
SILU: 8 x 17.021 us = 136.175 us
SOFTPLUS: 3 x 4.849 us = 14.547 us
SSM_CONV_SILU SSM_CONV: 3 x 1084.47 us = 3253.42 us
SUM_ROWS: 1 x 3417.13 us = 3417.13 us
TOPK_MOE_EARLY_SOFTMAX_NORM SOFT_MAX: 4 x 27.772 us = 111.089 us
Total time: 293619 us.
----------------
Vulkan Timings:
ADD: 4 x 778.438 us = 3113.76 us
ARGSORT: 1 x 127.722 us = 127.722 us
CLAMP: 1 x 2.284 us = 2.284 us
CONT: 4 x 331.531 us = 1326.13 us
DIV: 1 x 2.364 us = 2.364 us
FA_KV_DEQUANT (sub-op): 1 x 185.312 us = 185.312 us
FILL: 1 x 616.15 us = 616.15 us
FLASH_ATTN_EXT dst(256,24,2044,1),  q(256,2044,24,1),  k(256,8448,2,1),  v(256,8448,2,1),  m(8448,2044,1,1): 1 x 26469.7 us = 26469.7 us (16032.3 GFLOPS/s)
GET_ROWS: 1 x 59.312 us = 59.312 us
GLU: 2 x 354.974 us = 709.948 us
MUL: 9 x 932.166 us = 8389.5 us
MULTI_ADD ADD: 3 x 825.702 us = 2477.11 us
MUL_MAT f32 m=1 n=2044 k=2560: 1 x 223.344 us = 223.344 us (46.8481 GFLOPS/s)
MUL_MAT f32 m=512 n=2044 k=2560: 1 x 295.401 us = 295.401 us (18135.3 GFLOPS/s)
MUL_MAT f32 m=64 n=196224 k=64: 1 x 377.998 us = 377.998 us (4219.36 GFLOPS/s)
MUL_MAT iq4_nl m=10240 n=2044 k=320: 2 x 1083.76 us = 2167.52 us (12341 GFLOPS/s)
MUL_MAT iq4_nl m=2560 n=2044 k=640: 1 x 301.212 us = 301.212 us (22218.7 GFLOPS/s)
MUL_MAT iq4_xs m=2560 n=2044 k=6144: 1 x 3254.5 us = 3254.5 us (19755.2 GFLOPS/s)
MUL_MAT iq4_xs m=320 n=2044 k=10240: 2 x 1480.09 us = 2960.18 us (9050.05 GFLOPS/s)
MUL_MAT iq4_xs m=4 n=2044 k=10240: 2 x 1416.91 us = 2833.82 us (118.17 GFLOPS/s)
MUL_MAT iq4_xs m=640 n=2044 k=2560: 2 x 410.82 us = 821.64 us (16300.3 GFLOPS/s)
MUL_MAT_ID iq4_nl m=2560 n=10 k=640 n_expert=512 batch=2044: 1 x 5183.97 us = 5183.97 us (12910.1 GFLOPS/s)
MUL_MAT_ID iq4_xs m=640 n=10 k=2560 n_expert=512 batch=2044: 2 x 4080.25 us = 8160.5 us (16411.9 GFLOPS/s)
REPEAT: 2 x 670.012 us = 1340.03 us
RMS_NORM(2560,4,2044,1): 2 x 785.111 us = 1570.22 us
SCALE: 8 x 39.885 us = 319.082 us
SET_ROWS: 1 x 555.595 us = 555.595 us
SIGMOID: 6 x 304.885 us = 1829.31 us
SILU: 2 x 16.911 us = 33.823 us
SUM_ROWS: 1 x 4.087 us = 4.087 us
TOPK_MOE_EARLY_SOFTMAX_NORM SOFT_MAX: 1 x 22.963 us = 22.963 us
Total time: 75734.5 us.
----------------
Vulkan Timings:
ABS: 1 x 2.284 us = 2.284 us
ADD: 16 x 3.368 us = 53.894 us
ARGSORT: 3 x 5.463 us = 16.39 us
CLAMP: 4 x 2.324 us = 9.296 us
CONCAT: 4 x 4.527 us = 18.111 us
CONT: 28 x 3.756 us = 105.185 us
CPY: 12 x 3.796 us = 45.56 us
DIV: 3 x 2.337 us = 7.012 us
FILL: 1 x 2.324 us = 2.324 us
GATED_DELTA_NET: 3 x 14.079 us = 42.239 us
GET_ROWS: 12 x 11.07 us = 132.847 us
GLU: 6 x 2.511 us = 15.066 us
L2_NORM: 6 x 2.277 us = 13.663 us
MUL: 42 x 3.108 us = 130.543 us
MULTI_ADD ADD: 13 x 3.301 us = 42.915 us
MUL_MAT f32 m=2112 n=16 k=128: 1 x 5.089 us = 5.089 us (1693.25 GFLOPS/s)
MUL_MAT f32 m=256 n=96 k=256: 1 x 2.324 us = 2.324 us (5403.76 GFLOPS/s)
MUL_MAT f32 m=64 n=32 k=64: 1 x 2.284 us = 2.284 us (113.877 GFLOPS/s)
MUL_MAT_ID iq4_nl m=2560 n=10 k=640 n_expert=512 batch=4: 3 x 135.056 us = 405.168 us (969.743 GFLOPS/s)
MUL_MAT_ID iq4_xs m=640 n=10 k=2560 n_expert=512 batch=4: 6 x 137.413 us = 824.483 us (953.662 GFLOPS/s)
MUL_MAT_VEC f32 m=1 n=4 k=2560: 3 x 4.661 us = 13.985 us (4.39242 GFLOPS/s)
MUL_MAT_VEC f32 m=256 n=8 k=256: 1 x 1.242 us = 1.242 us (842.615 GFLOPS/s)
MUL_MAT_VEC f32 m=512 n=4 k=2560: 3 x 31.967 us = 95.901 us (327.954 GFLOPS/s)
MUL_MAT_VEC iq4_nl m=10240 n=4 k=320: 7 x 19.608 us = 137.256 us (1334.83 GFLOPS/s)
MUL_MAT_VEC iq4_nl m=2560 n=4 k=640: 3 x 10.299 us = 30.897 us (1271.67 GFLOPS/s)
MUL_MAT_VEC iq4_xs m=10240 n=4 k=2560: 1 x 73.74 us = 73.74 us (2843.43 GFLOPS/s)
MUL_MAT_VEC iq4_xs m=12288 n=4 k=2560: 1 x 85.722 us = 85.722 us (2935.18 GFLOPS/s)
MUL_MAT_VEC iq4_xs m=128 n=4 k=2560: 1 x 7.494 us = 7.494 us (349.737 GFLOPS/s)
MUL_MAT_VEC iq4_xs m=2560 n=4 k=2560: 1 x 24.726 us = 24.726 us (2119.98 GFLOPS/s)
MUL_MAT_VEC iq4_xs m=2560 n=4 k=6144: 3 x 44.938 us = 134.815 us (2799.81 GFLOPS/s)
MUL_MAT_VEC iq4_xs m=320 n=4 k=10240: 7 x 20.335 us = 142.346 us (1289.06 GFLOPS/s)
MUL_MAT_VEC iq4_xs m=4 n=4 k=10240: 6 x 18.474 us = 110.847 us (17.736 GFLOPS/s)
MUL_MAT_VEC iq4_xs m=48 n=4 k=2560: 6 x 7.727 us = 46.364 us (127.191 GFLOPS/s)
MUL_MAT_VEC iq4_xs m=512 n=4 k=2560: 2 x 8.536 us = 17.072 us (1228.18 GFLOPS/s)
MUL_MAT_VEC iq4_xs m=6144 n=4 k=2560: 3 x 49.988 us = 149.964 us (2516.69 GFLOPS/s)
MUL_MAT_VEC iq4_xs m=640 n=4 k=2560: 6 x 9.771 us = 58.628 us (1341.13 GFLOPS/s)
MUL_MAT_VEC q5_K m=10240 n=4 k=2560: 3 x 91.8 us = 275.402 us (2284.02 GFLOPS/s)
MUL_MAT_VEC q5_K m=512 n=4 k=2560: 1 x 8.295 us = 8.295 us (1263.86 GFLOPS/s)
RELU: 1 x 2.444 us = 2.444 us
REPEAT: 8 x 2.739 us = 21.918 us
RMS_NORM(2560,4,4,1): 10 x 3.478 us = 34.78 us
RMS_NORM_MUL RMS_NORM(128,1,2112,1): 1 x 21.28 us = 21.28 us
RMS_NORM_MUL RMS_NORM(128,4,4,1): 1 x 2.805 us = 2.805 us
RMS_NORM_MUL RMS_NORM(128,48,4,1): 3 x 7.347 us = 22.041 us
RMS_NORM_MUL RMS_NORM(256,2,4,1): 1 x 2.324 us = 2.324 us
RMS_NORM_MUL RMS_NORM(256,24,4,1): 1 x 5.41 us = 5.41 us
ROPE: 4 x 6.662 us = 26.649 us
SCALE: 28 x 2.468 us = 69.118 us
SET_ROWS: 3 x 2.324 us = 6.972 us
SGN: 1 x 2.164 us = 2.164 us
SIGMOID: 23 x 2.29 us = 52.689 us
SILU: 8 x 2.329 us = 18.632 us
SOFTPLUS: 3 x 2.337 us = 7.012 us
SQRT: 1 x 2.284 us = 2.284 us
SSM_CONV_SILU SSM_CONV: 3 x 3.78 us = 11.341 us
SUM_ROWS: 5 x 4.872 us = 24.364 us
TOPK_MOE_EARLY_SOFTMAX_NORM SOFT_MAX: 3 x 4.207 us = 12.623 us
Total time: 3638.22 us.
----------------
Vulkan Timings:
ADD: 19 x 3.422 us = 65.034 us
CONCAT: 3 x 4.153 us = 12.461 us
CONT: 21 x 3.755 us = 78.859 us
CPY: 7 x 5.032 us = 35.224 us
FILL: 2 x 2.344 us = 4.688 us
FLASH_ATTN_EXT dst(256,24,4,1),  q(256,4,24,1),  k(256,8448,2,1),  v(256,8448,2,1),  m(8448,4,1,1): 1 x 161.987 us = 161.987 us (5126.78 GFLOPS/s)
GATED_DELTA_NET: 3 x 14.026 us = 42.079 us
GET_ROWS: 8 x 15.313 us = 122.508 us
GLU: 8 x 2.554 us = 20.435 us
L2_NORM: 6 x 2.317 us = 13.904 us
MUL: 39 x 3.438 us = 134.112 us
MULTI_ADD ADD: 13 x 3.322 us = 43.197 us
MUL_MAT f32 m=2112 n=16 k=128: 1 x 4.889 us = 4.889 us (1762.52 GFLOPS/s)
MUL_MAT f32 m=256 n=96 k=256: 1 x 2.404 us = 2.404 us (5223.93 GFLOPS/s)
MUL_MAT f32 m=64 n=32 k=64: 1 x 2.284 us = 2.284 us (113.877 GFLOPS/s)
MUL_MAT f32 m=64 n=384 k=64: 1 x 2.444 us = 2.444 us (1277.07 GFLOPS/s)
MUL_MAT_ID iq4_nl m=2560 n=10 k=640 n_expert=512 batch=4: 4 x 132.461 us = 529.844 us (988.741 GFLOPS/s)
MUL_MAT_ID iq4_xs m=640 n=10 k=2560 n_expert=512 batch=4: 8 x 132.867 us = 1062.94 us (986.296 GFLOPS/s)
MUL_MAT_VEC f32 m=1 n=4 k=2560: 4 x 4.808 us = 19.235 us (4.25807 GFLOPS/s)
MUL_MAT_VEC f32 m=256 n=8 k=256: 1 x 1.202 us = 1.202 us (870.656 GFLOPS/s)
MUL_MAT_VEC f32 m=512 n=4 k=2560: 4 x 32.922 us = 131.688 us (318.441 GFLOPS/s)
MUL_MAT_VEC iq4_nl m=10240 n=4 k=320: 8 x 18.985 us = 151.885 us (1378.59 GFLOPS/s)
MUL_MAT_VEC iq4_nl m=2560 n=4 k=640: 4 x 10.299 us = 41.196 us (1271.67 GFLOPS/s)
MUL_MAT_VEC iq4_xs m=12288 n=4 k=2560: 1 x 85.762 us = 85.762 us (2933.81 GFLOPS/s)
MUL_MAT_VEC iq4_xs m=128 n=4 k=2560: 1 x 11.822 us = 11.822 us (221.699 GFLOPS/s)
MUL_MAT_VEC iq4_xs m=2560 n=4 k=6144: 4 x 48.982 us = 195.93 us (2568.65 GFLOPS/s)
MUL_MAT_VEC iq4_xs m=320 n=4 k=10240: 8 x 19.772 us = 158.176 us (1325.77 GFLOPS/s)
MUL_MAT_VEC iq4_xs m=4 n=4 k=10240: 8 x 18.84 us = 150.723 us (17.3916 GFLOPS/s)
MUL_MAT_VEC iq4_xs m=48 n=4 k=2560: 6 x 7.781 us = 46.687 us (126.311 GFLOPS/s)
MUL_MAT_VEC iq4_xs m=512 n=4 k=2560: 2 x 8.575 us = 17.151 us (1222.52 GFLOPS/s)
MUL_MAT_VEC iq4_xs m=6144 n=4 k=2560: 3 x 51.31 us = 153.931 us (2451.84 GFLOPS/s)
MUL_MAT_VEC iq4_xs m=640 n=4 k=2560: 8 x 9.953 us = 79.628 us (1316.59 GFLOPS/s)
MUL_MAT_VEC q5_K m=10240 n=4 k=2560: 3 x 92.722 us = 278.167 us (2261.31 GFLOPS/s)
MUL_MAT_VEC q5_K m=512 n=4 k=2560: 1 x 8.055 us = 8.055 us (1301.52 GFLOPS/s)
RELU: 1 x 2.444 us = 2.444 us
REPEAT: 8 x 2.884 us = 23.079 us
RMS_NORM(2560,4,4,1): 8 x 3.501 us = 28.009 us
RMS_NORM_MUL RMS_NORM(128,1,2112,1): 1 x 21.681 us = 21.681 us
RMS_NORM_MUL RMS_NORM(128,4,4,1): 1 x 2.845 us = 2.845 us
RMS_NORM_MUL RMS_NORM(128,48,4,1): 3 x 7.413 us = 22.24 us
RMS_NORM_MUL RMS_NORM(256,2,4,1): 1 x 2.324 us = 2.324 us
RMS_NORM_MUL RMS_NORM(256,24,4,1): 1 x 5.29 us = 5.29 us
ROPE: 4 x 5.61 us = 22.441 us
SCALE: 33 x 2.443 us = 80.619 us
SET_ROWS: 4 x 2.313 us = 9.255 us
SIGMOID: 27 x 2.32 us = 62.666 us
SILU: 8 x 2.359 us = 18.872 us
SOFTPLUS: 3 x 2.324 us = 6.972 us
SSM_CONV_SILU SSM_CONV: 3 x 3.593 us = 10.78 us
SUM_ROWS: 1 x 9.017 us = 9.017 us
TOPK_MOE_EARLY_SOFTMAX_NORM SOFT_MAX: 4 x 5.019 us = 20.076 us
Total time: 4219.14 us.
----------------
Vulkan Timings:
ADD: 19 x 3.549 us = 67.439 us
CONCAT: 3 x 4.274 us = 12.824 us
CONT: 21 x 3.936 us = 82.666 us
CPY: 7 x 5.518 us = 38.629 us
FILL: 2 x 2.404 us = 4.808 us
FLASH_ATTN_EXT dst(256,24,4,1),  q(256,4,24,1),  k(256,8448,2,1),  v(256,8448,2,1),  m(8448,4,1,1): 1 x 174.251 us = 174.251 us (4765.95 GFLOPS/s)
GATED_DELTA_NET: 3 x 15.335 us = 46.006 us
GET_ROWS: 8 x 15.749 us = 125.996 us
GLU: 8 x 2.654 us = 21.237 us
L2_NORM: 6 x 2.41 us = 14.464 us
MUL: 39 x 3.133 us = 122.213 us
MULTI_ADD ADD: 13 x 3.492 us = 45.398 us
MUL_MAT f32 m=2112 n=16 k=128: 1 x 6.171 us = 6.171 us (1396.36 GFLOPS/s)
MUL_MAT f32 m=256 n=96 k=256: 1 x 2.484 us = 2.484 us (5055.69 GFLOPS/s)
MUL_MAT f32 m=64 n=32 k=64: 1 x 2.324 us = 2.324 us (111.917 GFLOPS/s)
MUL_MAT f32 m=64 n=384 k=64: 1 x 2.364 us = 2.364 us (1320.28 GFLOPS/s)
MUL_MAT_ID iq4_nl m=2560 n=10 k=640 n_expert=512 batch=4: 4 x 132.982 us = 531.929 us (984.865 GFLOPS/s)
MUL_MAT_ID iq4_xs m=640 n=10 k=2560 n_expert=512 batch=4: 8 x 132.761 us = 1062.09 us (987.08 GFLOPS/s)
MUL_MAT_VEC f32 m=1 n=4 k=2560: 4 x 5.019 us = 20.077 us (4.07949 GFLOPS/s)
MUL_MAT_VEC f32 m=256 n=8 k=256: 1 x 1.242 us = 1.242 us (842.615 GFLOPS/s)
MUL_MAT_VEC f32 m=512 n=4 k=2560: 4 x 34.454 us = 137.819 us (304.275 GFLOPS/s)
MUL_MAT_VEC iq4_nl m=10240 n=4 k=320: 8 x 19.01 us = 152.085 us (1376.78 GFLOPS/s)
MUL_MAT_VEC iq4_nl m=2560 n=4 k=640: 4 x 10.369 us = 41.477 us (1263.06 GFLOPS/s)
MUL_MAT_VEC iq4_xs m=12288 n=4 k=2560: 1 x 85.923 us = 85.923 us (2928.31 GFLOPS/s)
MUL_MAT_VEC iq4_xs m=128 n=4 k=2560: 1 x 7.614 us = 7.614 us (344.225 GFLOPS/s)
MUL_MAT_VEC iq4_xs m=2560 n=4 k=6144: 4 x 49.603 us = 198.415 us (2536.48 GFLOPS/s)
MUL_MAT_VEC iq4_xs m=320 n=4 k=10240: 8 x 20.989 us = 167.914 us (1248.88 GFLOPS/s)
MUL_MAT_VEC iq4_xs m=4 n=4 k=10240: 8 x 20.132 us = 161.062 us (16.2752 GFLOPS/s)
MUL_MAT_VEC iq4_xs m=48 n=4 k=2560: 6 x 7.727 us = 46.365 us (127.188 GFLOPS/s)
MUL_MAT_VEC iq4_xs m=512 n=4 k=2560: 2 x 8.576 us = 17.152 us (1222.45 GFLOPS/s)
MUL_MAT_VEC iq4_xs m=6144 n=4 k=2560: 3 x 50.682 us = 152.047 us (2482.22 GFLOPS/s)
MUL_MAT_VEC iq4_xs m=640 n=4 k=2560: 8 x 10.098 us = 80.79 us (1297.65 GFLOPS/s)
MUL_MAT_VEC q5_K m=10240 n=4 k=2560: 3 x 93.417 us = 280.251 us (2244.5 GFLOPS/s)
MUL_MAT_VEC q5_K m=512 n=4 k=2560: 1 x 8.135 us = 8.135 us (1288.72 GFLOPS/s)
RELU: 1 x 2.484 us = 2.484 us
REPEAT: 8 x 2.834 us = 22.679 us
RMS_NORM(2560,4,4,1): 8 x 3.591 us = 28.729 us
RMS_NORM_MUL RMS_NORM(128,1,2112,1): 1 x 22.202 us = 22.202 us
RMS_NORM_MUL RMS_NORM(128,4,4,1): 1 x 2.725 us = 2.725 us
RMS_NORM_MUL RMS_NORM(128,48,4,1): 3 x 7.266 us = 21.8 us
RMS_NORM_MUL RMS_NORM(256,2,4,1): 1 x 2.364 us = 2.364 us
RMS_NORM_MUL RMS_NORM(256,24,4,1): 1 x 5.851 us = 5.851 us
ROPE: 4 x 5.81 us = 23.242 us
SCALE: 33 x 2.519 us = 83.142 us
SET_ROWS: 4 x 2.464 us = 9.857 us
SIGMOID: 27 x 2.371 us = 64.026 us
SILU: 8 x 2.334 us = 18.672 us
SOFTPLUS: 3 x 2.35 us = 7.052 us
SSM_CONV_SILU SSM_CONV: 3 x 3.78 us = 11.34 us
SUM_ROWS: 1 x 9.337 us = 9.337 us
TOPK_MOE_EARLY_SOFTMAX_NORM SOFT_MAX: 4 x 4.929 us = 19.716 us
Total time: 4276.88 us.
----------------
Vulkan Timings:
ADD: 19 x 3.5 us = 66.517 us
CONCAT: 3 x 4.301 us = 12.903 us
CONT: 21 x 3.961 us = 83.186 us
CPY: 7 x 5.581 us = 39.071 us
FILL: 2 x 2.404 us = 4.808 us
FLASH_ATTN_EXT dst(256,24,4,1),  q(256,4,24,1),  k(256,8448,2,1),  v(256,8448,2,1),  m(8448,4,1,1): 1 x 171.044 us = 171.044 us (4855.31 GFLOPS/s)
GATED_DELTA_NET: 3 x 16.524 us = 49.573 us
GET_ROWS: 8 x 15.994 us = 127.959 us
GLU: 8 x 2.764 us = 22.118 us
L2_NORM: 6 x 2.29 us = 13.741 us
MUL: 39 x 3.084 us = 120.29 us
MULTI_ADD ADD: 13 x 3.572 us = 46.44 us
MUL_MAT f32 m=2112 n=16 k=128: 1 x 6.171 us = 6.171 us (1396.36 GFLOPS/s)
MUL_MAT f32 m=256 n=96 k=256: 1 x 2.444 us = 2.444 us (5138.44 GFLOPS/s)
MUL_MAT f32 m=64 n=32 k=64: 1 x 2.404 us = 2.404 us (108.193 GFLOPS/s)
MUL_MAT f32 m=64 n=384 k=64: 1 x 2.524 us = 2.524 us (1236.59 GFLOPS/s)
MUL_MAT_ID iq4_nl m=2560 n=10 k=640 n_expert=512 batch=4: 4 x 131.83 us = 527.32 us (993.473 GFLOPS/s)
MUL_MAT_ID iq4_xs m=640 n=10 k=2560 n_expert=512 batch=4: 8 x 126.82 us = 1014.56 us (1033.32 GFLOPS/s)
MUL_MAT_VEC f32 m=1 n=4 k=2560: 4 x 5.089 us = 20.356 us (4.02358 GFLOPS/s)
MUL_MAT_VEC f32 m=256 n=8 k=256: 1 x 1.242 us = 1.242 us (842.615 GFLOPS/s)
MUL_MAT_VEC f32 m=512 n=4 k=2560: 4 x 33.132 us = 132.529 us (316.42 GFLOPS/s)
MUL_MAT_VEC iq4_nl m=10240 n=4 k=320: 8 x 18.97 us = 151.764 us (1379.69 GFLOPS/s)
MUL_MAT_VEC iq4_nl m=2560 n=4 k=640: 4 x 10.449 us = 41.799 us (1253.33 GFLOPS/s)
MUL_MAT_VEC iq4_xs m=12288 n=4 k=2560: 1 x 86.083 us = 86.083 us (2922.87 GFLOPS/s)
MUL_MAT_VEC iq4_xs m=128 n=4 k=2560: 1 x 7.494 us = 7.494 us (349.737 GFLOPS/s)
MUL_MAT_VEC iq4_xs m=2560 n=4 k=6144: 4 x 48.261 us = 193.045 us (2607.04 GFLOPS/s)
MUL_MAT_VEC iq4_xs m=320 n=4 k=10240: 8 x 21.189 us = 169.518 us (1237.07 GFLOPS/s)
MUL_MAT_VEC iq4_xs m=4 n=4 k=10240: 8 x 20.473 us = 163.788 us (16.0043 GFLOPS/s)
MUL_MAT_VEC iq4_xs m=48 n=4 k=2560: 6 x 7.874 us = 47.247 us (124.814 GFLOPS/s)
MUL_MAT_VEC iq4_xs m=512 n=4 k=2560: 2 x 8.636 us = 17.272 us (1213.95 GFLOPS/s)
MUL_MAT_VEC iq4_xs m=6144 n=4 k=2560: 3 x 50.736 us = 152.208 us (2479.59 GFLOPS/s)
MUL_MAT_VEC iq4_xs m=640 n=4 k=2560: 8 x 10.063 us = 80.509 us (1302.18 GFLOPS/s)
MUL_MAT_VEC q5_K m=10240 n=4 k=2560: 3 x 93.337 us = 280.011 us (2246.42 GFLOPS/s)
MUL_MAT_VEC q5_K m=512 n=4 k=2560: 1 x 8.496 us = 8.496 us (1233.96 GFLOPS/s)
RELU: 1 x 2.524 us = 2.524 us
REPEAT: 8 x 3.015 us = 24.122 us
RMS_NORM(2560,4,4,1): 8 x 3.616 us = 28.93 us
RMS_NORM_MUL RMS_NORM(128,1,2112,1): 1 x 22.081 us = 22.081 us
RMS_NORM_MUL RMS_NORM(128,4,4,1): 1 x 2.925 us = 2.925 us
RMS_NORM_MUL RMS_NORM(128,48,4,1): 3 x 7.694 us = 23.082 us
RMS_NORM_MUL RMS_NORM(256,2,4,1): 1 x 2.444 us = 2.444 us
RMS_NORM_MUL RMS_NORM(256,24,4,1): 1 x 5.851 us = 5.851 us
ROPE: 4 x 7.143 us = 28.572 us
SCALE: 33 x 2.54 us = 83.822 us
SET_ROWS: 4 x 2.404 us = 9.616 us
SIGMOID: 27 x 2.393 us = 64.627 us
SILU: 8 x 2.384 us = 19.072 us
SOFTPLUS: 3 x 2.35 us = 7.052 us
SSM_CONV_SILU SSM_CONV: 3 x 4.06 us = 12.182 us
SUM_ROWS: 1 x 8.977 us = 8.977 us
TOPK_MOE_EARLY_SOFTMAX_NORM SOFT_MAX: 4 x 5.019 us = 20.076 us
Total time: 4232.39 us.
----------------
Vulkan Timings:
ADD: 19 x 3.545 us = 67.359 us
CONCAT: 3 x 4.288 us = 12.864 us
CONT: 21 x 3.967 us = 83.308 us
CPY: 7 x 5.564 us = 38.95 us
FILL: 2 x 2.424 us = 4.848 us
FLASH_ATTN_EXT dst(256,24,4,1),  q(256,4,24,1),  k(256,8448,2,1),  v(256,8448,2,1),  m(8448,4,1,1): 1 x 179.901 us = 179.901 us (4616.27 GFLOPS/s)
GATED_DELTA_NET: 3 x 16.27 us = 48.811 us
GET_ROWS: 8 x 15.929 us = 127.438 us
GLU: 8 x 2.614 us = 20.916 us
L2_NORM: 6 x 2.256 us = 13.541 us
MUL: 39 x 2.934 us = 114.435 us
MULTI_ADD ADD: 13 x 3.52 us = 45.761 us
MUL_MAT f32 m=2112 n=16 k=128: 1 x 5.41 us = 5.41 us (1592.78 GFLOPS/s)
MUL_MAT f32 m=256 n=96 k=256: 1 x 2.444 us = 2.444 us (5138.44 GFLOPS/s)
MUL_MAT f32 m=64 n=32 k=64: 1 x 2.364 us = 2.364 us (110.024 GFLOPS/s)
MUL_MAT f32 m=64 n=384 k=64: 1 x 2.604 us = 2.604 us (1198.6 GFLOPS/s)
MUL_MAT_ID iq4_nl m=2560 n=10 k=640 n_expert=512 batch=4: 4 x 132.07 us = 528.281 us (991.666 GFLOPS/s)
MUL_MAT_ID iq4_xs m=640 n=10 k=2560 n_expert=512 batch=4: 8 x 127.947 us = 1023.58 us (1024.22 GFLOPS/s)
MUL_MAT_VEC f32 m=1 n=4 k=2560: 4 x 5.139 us = 20.557 us (3.98424 GFLOPS/s)
MUL_MAT_VEC f32 m=256 n=8 k=256: 1 x 1.522 us = 1.522 us (687.601 GFLOPS/s)
MUL_MAT_VEC f32 m=512 n=4 k=2560: 4 x 34.445 us = 137.78 us (304.361 GFLOPS/s)
MUL_MAT_VEC iq4_nl m=10240 n=4 k=320: 8 x 18.775 us = 150.2 us (1394.06 GFLOPS/s)
MUL_MAT_VEC iq4_nl m=2560 n=4 k=640: 4 x 10.309 us = 41.236 us (1270.44 GFLOPS/s)
MUL_MAT_VEC iq4_xs m=12288 n=4 k=2560: 1 x 85.522 us = 85.522 us (2942.04 GFLOPS/s)
MUL_MAT_VEC iq4_xs m=128 n=4 k=2560: 1 x 7.213 us = 7.213 us (363.362 GFLOPS/s)
MUL_MAT_VEC iq4_xs m=2560 n=4 k=6144: 4 x 46.247 us = 184.99 us (2720.56 GFLOPS/s)
MUL_MAT_VEC iq4_xs m=320 n=4 k=10240: 8 x 21.119 us = 168.957 us (1241.17 GFLOPS/s)
MUL_MAT_VEC iq4_xs m=4 n=4 k=10240: 8 x 22.837 us = 182.702 us (14.3475 GFLOPS/s)
MUL_MAT_VEC iq4_xs m=48 n=4 k=2560: 6 x 7.72 us = 46.325 us (127.298 GFLOPS/s)
MUL_MAT_VEC iq4_xs m=512 n=4 k=2560: 2 x 8.516 us = 17.032 us (1231.06 GFLOPS/s)
MUL_MAT_VEC iq4_xs m=6144 n=4 k=2560: 3 x 51.657 us = 154.973 us (2435.35 GFLOPS/s)
MUL_MAT_VEC iq4_xs m=640 n=4 k=2560: 8 x 10.143 us = 81.15 us (1291.89 GFLOPS/s)
MUL_MAT_VEC q5_K m=10240 n=4 k=2560: 3 x 93.457 us = 280.371 us (2243.54 GFLOPS/s)
MUL_MAT_VEC q5_K m=512 n=4 k=2560: 1 x 8.776 us = 8.776 us (1194.59 GFLOPS/s)
RELU: 1 x 2.524 us = 2.524 us
REPEAT: 8 x 3.01 us = 24.081 us
RMS_NORM(2560,4,4,1): 8 x 3.626 us = 29.009 us
RMS_NORM_MUL RMS_NORM(128,1,2112,1): 1 x 21.761 us = 21.761 us
RMS_NORM_MUL RMS_NORM(128,4,4,1): 1 x 2.845 us = 2.845 us
RMS_NORM_MUL RMS_NORM(128,48,4,1): 3 x 7.494 us = 22.482 us
RMS_NORM_MUL RMS_NORM(256,2,4,1): 1 x 2.484 us = 2.484 us
RMS_NORM_MUL RMS_NORM(256,24,4,1): 1 x 6.051 us = 6.051 us
ROPE: 4 x 7.083 us = 28.332 us
SCALE: 33 x 2.512 us = 82.9 us
SET_ROWS: 4 x 2.474 us = 9.897 us
SIGMOID: 27 x 2.34 us = 63.184 us
SILU: 8 x 2.359 us = 18.872 us
SOFTPLUS: 3 x 2.35 us = 7.052 us
SSM_CONV_SILU SSM_CONV: 3 x 3.967 us = 11.901 us
SUM_ROWS: 1 x 8.856 us = 8.856 us
TOPK_MOE_EARLY_SOFTMAX_NORM SOFT_MAX: 4 x 5.009 us = 20.036 us
Total time: 4254.39 us.
----------------
Vulkan Timings:
ADD: 19 x 3.515 us = 66.799 us
CONCAT: 3 x 4.328 us = 12.984 us
CONT: 21 x 4.018 us = 84.388 us
CPY: 7 x 5.61 us = 39.271 us
FILL: 2 x 2.584 us = 5.169 us
FLASH_ATTN_EXT dst(256,24,4,1),  q(256,4,24,1),  k(256,8448,2,1),  v(256,8448,2,1),  m(8448,4,1,1): 1 x 170.043 us = 170.043 us (4883.9 GFLOPS/s)
GATED_DELTA_NET: 3 x 16.31 us = 48.931 us
GET_ROWS: 8 x 16.19 us = 129.522 us
GLU: 8 x 2.694 us = 21.556 us
L2_NORM: 6 x 2.27 us = 13.622 us
MUL: 39 x 2.986 us = 116.485 us
MULTI_ADD ADD: 13 x 3.621 us = 47.083 us
MUL_MAT f32 m=2112 n=16 k=128: 1 x 5.53 us = 5.53 us (1558.22 GFLOPS/s)
MUL_MAT f32 m=256 n=96 k=256: 1 x 2.564 us = 2.564 us (4897.95 GFLOPS/s)
MUL_MAT f32 m=64 n=32 k=64: 1 x 2.484 us = 2.484 us (104.709 GFLOPS/s)
MUL_MAT f32 m=64 n=384 k=64: 1 x 2.484 us = 2.484 us (1256.5 GFLOPS/s)
MUL_MAT_ID iq4_nl m=2560 n=10 k=640 n_expert=512 batch=4: 4 x 132.14 us = 528.562 us (991.139 GFLOPS/s)
MUL_MAT_ID iq4_xs m=640 n=10 k=2560 n_expert=512 batch=4: 8 x 131.754 us = 1054.04 us (994.624 GFLOPS/s)
MUL_MAT_VEC f32 m=1 n=4 k=2560: 4 x 5.029 us = 20.116 us (4.07158 GFLOPS/s)
MUL_MAT_VEC f32 m=256 n=8 k=256: 1 x 1.562 us = 1.562 us (669.992 GFLOPS/s)
MUL_MAT_VEC f32 m=512 n=4 k=2560: 4 x 31.669 us = 126.678 us (331.035 GFLOPS/s)
MUL_MAT_VEC iq4_nl m=10240 n=4 k=320: 8 x 18.715 us = 149.72 us (1398.53 GFLOPS/s)
MUL_MAT_VEC iq4_nl m=2560 n=4 k=640: 4 x 10.278 us = 41.115 us (1274.18 GFLOPS/s)
MUL_MAT_VEC iq4_xs m=12288 n=4 k=2560: 1 x 87.045 us = 87.045 us (2890.56 GFLOPS/s)
MUL_MAT_VEC iq4_xs m=128 n=4 k=2560: 1 x 7.534 us = 7.534 us (347.88 GFLOPS/s)
MUL_MAT_VEC iq4_xs m=2560 n=4 k=6144: 4 x 47.61 us = 190.44 us (2642.7 GFLOPS/s)
MUL_MAT_VEC iq4_xs m=320 n=4 k=10240: 8 x 21.39 us = 171.121 us (1225.48 GFLOPS/s)
MUL_MAT_VEC iq4_xs m=4 n=4 k=10240: 8 x 20.438 us = 163.507 us (16.0318 GFLOPS/s)
MUL_MAT_VEC iq4_xs m=48 n=4 k=2560: 6 x 7.907 us = 47.447 us (124.288 GFLOPS/s)
MUL_MAT_VEC iq4_xs m=512 n=4 k=2560: 2 x 9.036 us = 18.073 us (1160.15 GFLOPS/s)
MUL_MAT_VEC iq4_xs m=6144 n=4 k=2560: 3 x 51.297 us = 153.891 us (2452.47 GFLOPS/s)
MUL_MAT_VEC iq4_xs m=640 n=4 k=2560: 8 x 10.218 us = 81.751 us (1282.4 GFLOPS/s)
MUL_MAT_VEC q5_K m=10240 n=4 k=2560: 3 x 93.724 us = 281.173 us (2237.14 GFLOPS/s)
MUL_MAT_VEC q5_K m=512 n=4 k=2560: 1 x 8.415 us = 8.415 us (1245.84 GFLOPS/s)
RELU: 1 x 2.604 us = 2.604 us
REPEAT: 8 x 3.1 us = 24.803 us
RMS_NORM(2560,4,4,1): 8 x 3.671 us = 29.372 us
RMS_NORM_MUL RMS_NORM(128,1,2112,1): 1 x 22.562 us = 22.562 us
RMS_NORM_MUL RMS_NORM(128,4,4,1): 1 x 2.685 us = 2.685 us
RMS_NORM_MUL RMS_NORM(128,48,4,1): 3 x 7.654 us = 22.963 us
RMS_NORM_MUL RMS_NORM(256,2,4,1): 1 x 2.484 us = 2.484 us
RMS_NORM_MUL RMS_NORM(256,24,4,1): 1 x 5.891 us = 5.891 us
ROPE: 4 x 7.263 us = 29.053 us
SCALE: 33 x 2.527 us = 83.421 us
SET_ROWS: 4 x 2.414 us = 9.657 us
SIGMOID: 27 x 2.387 us = 64.466 us
SILU: 8 x 2.374 us = 18.992 us
SOFTPLUS: 3 x 2.377 us = 7.132 us
SSM_CONV_SILU SSM_CONV: 3 x 4.02 us = 12.061 us
SUM_ROWS: 1 x 9.417 us = 9.417 us
TOPK_MOE_EARLY_SOFTMAX_NORM SOFT_MAX: 4 x 4.999 us = 19.996 us
Total time: 4268.66 us.
----------------
Vulkan Timings:
ADD: 19 x 3.608 us = 68.563 us
CONCAT: 3 x 4.328 us = 12.984 us
CONT: 21 x 3.959 us = 83.147 us
CPY: 7 x 5.587 us = 39.11 us
FILL: 2 x 2.444 us = 4.888 us
FLASH_ATTN_EXT dst(256,24,4,1),  q(256,4,24,1),  k(256,8448,2,1),  v(256,8448,2,1),  m(8448,4,1,1): 1 x 180.943 us = 180.943 us (4589.69 GFLOPS/s)
GATED_DELTA_NET: 3 x 16.283 us = 48.851 us
GET_ROWS: 8 x 15.674 us = 125.395 us
GLU: 8 x 2.669 us = 21.357 us
L2_NORM: 6 x 2.444 us = 14.665 us
MUL: 39 x 2.984 us = 116.404 us
MULTI_ADD ADD: 13 x 3.532 us = 45.922 us
MUL_MAT f32 m=2112 n=16 k=128: 1 x 5.53 us = 5.53 us (1558.22 GFLOPS/s)
MUL_MAT f32 m=256 n=96 k=256: 1 x 2.444 us = 2.444 us (5138.44 GFLOPS/s)
MUL_MAT f32 m=64 n=32 k=64: 1 x 2.364 us = 2.364 us (110.024 GFLOPS/s)
MUL_MAT f32 m=64 n=384 k=64: 1 x 2.645 us = 2.645 us (1180.02 GFLOPS/s)
MUL_MAT_ID iq4_nl m=2560 n=10 k=640 n_expert=512 batch=4: 4 x 132.731 us = 530.927 us (986.724 GFLOPS/s)
MUL_MAT_ID iq4_xs m=640 n=10 k=2560 n_expert=512 batch=4: 8 x 128.298 us = 1026.39 us (1021.42 GFLOPS/s)
MUL_MAT_VEC f32 m=1 n=4 k=2560: 4 x 4.869 us = 19.476 us (4.20538 GFLOPS/s)
MUL_MAT_VEC f32 m=256 n=8 k=256: 1 x 1.242 us = 1.242 us (842.615 GFLOPS/s)
MUL_MAT_VEC f32 m=512 n=4 k=2560: 4 x 33.473 us = 133.892 us (313.199 GFLOPS/s)
MUL_MAT_VEC iq4_nl m=10240 n=4 k=320: 8 x 19.636 us = 157.095 us (1332.87 GFLOPS/s)
MUL_MAT_VEC iq4_nl m=2560 n=4 k=640: 4 x 10.329 us = 41.316 us (1267.98 GFLOPS/s)
MUL_MAT_VEC iq4_xs m=12288 n=4 k=2560: 1 x 88.528 us = 88.528 us (2842.14 GFLOPS/s)
MUL_MAT_VEC iq4_xs m=128 n=4 k=2560: 1 x 7.333 us = 7.333 us (357.416 GFLOPS/s)
MUL_MAT_VEC iq4_xs m=2560 n=4 k=6144: 4 x 47.91 us = 191.642 us (2626.12 GFLOPS/s)
MUL_MAT_VEC iq4_xs m=320 n=4 k=10240: 8 x 21.295 us = 170.36 us (1230.95 GFLOPS/s)
MUL_MAT_VEC iq4_xs m=4 n=4 k=10240: 8 x 19.807 us = 158.457 us (16.5427 GFLOPS/s)
MUL_MAT_VEC iq4_xs m=48 n=4 k=2560: 6 x 7.781 us = 46.687 us (126.311 GFLOPS/s)
MUL_MAT_VEC iq4_xs m=512 n=4 k=2560: 2 x 8.616 us = 17.232 us (1216.77 GFLOPS/s)
MUL_MAT_VEC iq4_xs m=6144 n=4 k=2560: 3 x 50.709 us = 152.128 us (2480.9 GFLOPS/s)
MUL_MAT_VEC iq4_xs m=640 n=4 k=2560: 8 x 10.163 us = 81.31 us (1289.35 GFLOPS/s)
MUL_MAT_VEC q5_K m=10240 n=4 k=2560: 3 x 93.724 us = 281.173 us (2237.14 GFLOPS/s)
MUL_MAT_VEC q5_K m=512 n=4 k=2560: 1 x 8.456 us = 8.456 us (1239.8 GFLOPS/s)
RELU: 1 x 2.524 us = 2.524 us
REPEAT: 8 x 2.899 us = 23.199 us
RMS_NORM(2560,4,4,1): 8 x 3.686 us = 29.49 us
RMS_NORM_MUL RMS_NORM(128,1,2112,1): 1 x 21.761 us = 21.761 us
RMS_NORM_MUL RMS_NORM(128,4,4,1): 1 x 2.765 us = 2.765 us
RMS_NORM_MUL RMS_NORM(128,48,4,1): 3 x 7.226 us = 21.679 us
RMS_NORM_MUL RMS_NORM(256,2,4,1): 1 x 2.564 us = 2.564 us
RMS_NORM_MUL RMS_NORM(256,24,4,1): 1 x 5.931 us = 5.931 us
ROPE: 4 x 6.892 us = 27.57 us
SCALE: 33 x 2.507 us = 82.74 us
SET_ROWS: 4 x 2.544 us = 10.177 us
SIGMOID: 27 x 2.386 us = 64.427 us
SILU: 8 x 2.409 us = 19.272 us
SOFTPLUS: 3 x 2.337 us = 7.012 us
SSM_CONV_SILU SSM_CONV: 3 x 4.047 us = 12.141 us
SUM_ROWS: 1 x 8.856 us = 8.856 us
TOPK_MOE_EARLY_SOFTMAX_NORM SOFT_MAX: 4 x 5.039 us = 20.156 us
Total time: 4251.12 us.
----------------
Vulkan Timings:
ADD: 19 x 3.486 us = 66.237 us
CONCAT: 3 x 4.261 us = 12.784 us
CONT: 21 x 3.972 us = 83.427 us
CPY: 7 x 5.524 us = 38.67 us
FILL: 2 x 2.444 us = 4.888 us
FLASH_ATTN_EXT dst(256,24,4,1),  q(256,4,24,1),  k(256,8448,2,1),  v(256,8448,2,1),  m(8448,4,1,1): 1 x 177.978 us = 177.978 us (4666.15 GFLOPS/s)
GATED_DELTA_NET: 3 x 15.642 us = 46.928 us
GET_ROWS: 8 x 15.884 us = 127.078 us
GLU: 8 x 2.694 us = 21.558 us
L2_NORM: 6 x 2.317 us = 13.902 us
MUL: 39 x 3.104 us = 121.092 us
MULTI_ADD ADD: 13 x 3.547 us = 46.121 us
MUL_MAT f32 m=2112 n=16 k=128: 1 x 5.209 us = 5.209 us (1654.24 GFLOPS/s)
MUL_MAT f32 m=256 n=96 k=256: 1 x 2.444 us = 2.444 us (5138.44 GFLOPS/s)
MUL_MAT f32 m=64 n=32 k=64: 1 x 2.444 us = 2.444 us (106.422 GFLOPS/s)
MUL_MAT f32 m=64 n=384 k=64: 1 x 2.564 us = 2.564 us (1217.3 GFLOPS/s)
MUL_MAT_ID iq4_nl m=2560 n=10 k=640 n_expert=512 batch=4: 4 x 132.06 us = 528.241 us (991.741 GFLOPS/s)
MUL_MAT_ID iq4_xs m=640 n=10 k=2560 n_expert=512 batch=4: 8 x 133.347 us = 1066.78 us (982.742 GFLOPS/s)
MUL_MAT_VEC f32 m=1 n=4 k=2560: 4 x 5.029 us = 20.116 us (4.07158 GFLOPS/s)
MUL_MAT_VEC f32 m=256 n=8 k=256: 1 x 1.322 us = 1.322 us (791.625 GFLOPS/s)
MUL_MAT_VEC f32 m=512 n=4 k=2560: 4 x 34.495 us = 137.98 us (303.92 GFLOPS/s)
MUL_MAT_VEC iq4_nl m=10240 n=4 k=320: 8 x 19.541 us = 156.334 us (1339.36 GFLOPS/s)
MUL_MAT_VEC iq4_nl m=2560 n=4 k=640: 4 x 10.489 us = 41.958 us (1248.58 GFLOPS/s)
MUL_MAT_VEC iq4_xs m=12288 n=4 k=2560: 1 x 85.402 us = 85.402 us (2946.17 GFLOPS/s)
MUL_MAT_VEC iq4_xs m=128 n=4 k=2560: 1 x 7.654 us = 7.654 us (342.426 GFLOPS/s)
MUL_MAT_VEC iq4_xs m=2560 n=4 k=6144: 4 x 46.157 us = 184.628 us (2725.89 GFLOPS/s)
MUL_MAT_VEC iq4_xs m=320 n=4 k=10240: 8 x 21.014 us = 168.117 us (1247.38 GFLOPS/s)
MUL_MAT_VEC iq4_xs m=4 n=4 k=10240: 8 x 19.376 us = 155.011 us (16.9105 GFLOPS/s)
MUL_MAT_VEC iq4_xs m=48 n=4 k=2560: 6 x 7.827 us = 46.966 us (125.561 GFLOPS/s)
MUL_MAT_VEC iq4_xs m=512 n=4 k=2560: 2 x 8.455 us = 16.911 us (1239.87 GFLOPS/s)
MUL_MAT_VEC iq4_xs m=6144 n=4 k=2560: 3 x 48.505 us = 145.515 us (2593.64 GFLOPS/s)
MUL_MAT_VEC iq4_xs m=640 n=4 k=2560: 8 x 10.113 us = 80.911 us (1295.71 GFLOPS/s)
MUL_MAT_VEC q5_K m=10240 n=4 k=2560: 3 x 94.325 us = 282.975 us (2222.89 GFLOPS/s)
MUL_MAT_VEC q5_K m=512 n=4 k=2560: 1 x 8.135 us = 8.135 us (1288.72 GFLOPS/s)
RELU: 1 x 2.685 us = 2.685 us
REPEAT: 8 x 2.895 us = 23.16 us
RMS_NORM(2560,4,4,1): 8 x 3.566 us = 28.53 us
RMS_NORM_MUL RMS_NORM(128,1,2112,1): 1 x 22.041 us = 22.041 us
RMS_NORM_MUL RMS_NORM(128,4,4,1): 1 x 2.564 us = 2.564 us
RMS_NORM_MUL RMS_NORM(128,48,4,1): 3 x 7.667 us = 23.002 us
RMS_NORM_MUL RMS_NORM(256,2,4,1): 1 x 2.404 us = 2.404 us
RMS_NORM_MUL RMS_NORM(256,24,4,1): 1 x 5.971 us = 5.971 us
ROPE: 4 x 6.962 us = 27.851 us
SCALE: 33 x 2.504 us = 82.66 us
SET_ROWS: 4 x 2.564 us = 10.257 us
SIGMOID: 27 x 2.357 us = 63.664 us
SILU: 8 x 2.374 us = 18.992 us
SOFTPLUS: 3 x 2.364 us = 7.092 us
SSM_CONV_SILU SSM_CONV: 3 x 3.967 us = 11.901 us
SUM_ROWS: 1 x 9.498 us = 9.498 us
TOPK_MOE_EARLY_SOFTMAX_NORM SOFT_MAX: 4 x 5.009 us = 20.036 us
Total time: 4270.59 us.
----------------
Vulkan Timings:
ADD: 19 x 3.538 us = 67.238 us
CONCAT: 3 x 4.247 us = 12.743 us
CONT: 21 x 3.97 us = 83.388 us
CPY: 7 x 5.547 us = 38.83 us
FILL: 2 x 2.404 us = 4.808 us
FLASH_ATTN_EXT dst(256,24,4,1),  q(256,4,24,1),  k(256,8448,2,1),  v(256,8448,2,1),  m(8448,4,1,1): 1 x 174.932 us = 174.932 us (4747.4 GFLOPS/s)
GATED_DELTA_NET: 3 x 15.99 us = 47.97 us
GET_ROWS: 8 x 15.834 us = 126.677 us
GLU: 8 x 2.659 us = 21.276 us
L2_NORM: 6 x 2.43 us = 14.585 us
MUL: 39 x 2.954 us = 115.241 us
MULTI_ADD ADD: 13 x 3.421 us = 44.478 us
MUL_MAT f32 m=2112 n=16 k=128: 1 x 5.37 us = 5.37 us (1604.65 GFLOPS/s)
MUL_MAT f32 m=256 n=96 k=256: 1 x 2.444 us = 2.444 us (5138.44 GFLOPS/s)
MUL_MAT f32 m=64 n=32 k=64: 1 x 2.364 us = 2.364 us (110.024 GFLOPS/s)
MUL_MAT f32 m=64 n=384 k=64: 1 x 2.524 us = 2.524 us (1236.59 GFLOPS/s)
MUL_MAT_ID iq4_nl m=2560 n=10 k=640 n_expert=512 batch=4: 4 x 131.198 us = 524.794 us (998.255 GFLOPS/s)
MUL_MAT_ID iq4_xs m=640 n=10 k=2560 n_expert=512 batch=4: 8 x 129.335 us = 1034.68 us (1013.23 GFLOPS/s)
MUL_MAT_VEC f32 m=1 n=4 k=2560: 4 x 4.878 us = 19.515 us (4.19698 GFLOPS/s)
MUL_MAT_VEC f32 m=256 n=8 k=256: 1 x 1.322 us = 1.322 us (791.625 GFLOPS/s)
MUL_MAT_VEC f32 m=512 n=4 k=2560: 4 x 32.902 us = 131.609 us (318.632 GFLOPS/s)
MUL_MAT_VEC iq4_nl m=10240 n=4 k=320: 8 x 19.431 us = 155.452 us (1346.96 GFLOPS/s)
MUL_MAT_VEC iq4_nl m=2560 n=4 k=640: 4 x 10.369 us = 41.476 us (1263.09 GFLOPS/s)
MUL_MAT_VEC iq4_xs m=12288 n=4 k=2560: 1 x 84.56 us = 84.56 us (2975.51 GFLOPS/s)
MUL_MAT_VEC iq4_xs m=128 n=4 k=2560: 1 x 7.333 us = 7.333 us (357.416 GFLOPS/s)
MUL_MAT_VEC iq4_xs m=2560 n=4 k=6144: 4 x 46.067 us = 184.268 us (2731.21 GFLOPS/s)
MUL_MAT_VEC iq4_xs m=320 n=4 k=10240: 8 x 20.984 us = 167.876 us (1249.17 GFLOPS/s)
MUL_MAT_VEC iq4_xs m=4 n=4 k=10240: 8 x 19.276 us = 154.208 us (16.9985 GFLOPS/s)
MUL_MAT_VEC iq4_xs m=48 n=4 k=2560: 6 x 7.781 us = 46.686 us (126.314 GFLOPS/s)
MUL_MAT_VEC iq4_xs m=512 n=4 k=2560: 2 x 8.956 us = 17.913 us (1170.51 GFLOPS/s)
MUL_MAT_VEC iq4_xs m=6144 n=4 k=2560: 3 x 49.64 us = 148.922 us (2534.3 GFLOPS/s)
MUL_MAT_VEC iq4_xs m=640 n=4 k=2560: 8 x 10.248 us = 81.991 us (1278.64 GFLOPS/s)
MUL_MAT_VEC q5_K m=10240 n=4 k=2560: 3 x 90.491 us = 271.475 us (2317.06 GFLOPS/s)
MUL_MAT_VEC q5_K m=512 n=4 k=2560: 1 x 8.375 us = 8.375 us (1251.79 GFLOPS/s)
RELU: 1 x 2.484 us = 2.484 us
REPEAT: 8 x 3.08 us = 24.642 us
RMS_NORM(2560,4,4,1): 8 x 3.666 us = 29.33 us
RMS_NORM_MUL RMS_NORM(128,1,2112,1): 1 x 22.081 us = 22.081 us
RMS_NORM_MUL RMS_NORM(128,4,4,1): 1 x 2.885 us = 2.885 us
RMS_NORM_MUL RMS_NORM(128,48,4,1): 3 x 7.6 us = 22.802 us
RMS_NORM_MUL RMS_NORM(256,2,4,1): 1 x 2.364 us = 2.364 us
RMS_NORM_MUL RMS_NORM(256,24,4,1): 1 x 5.77 us = 5.77 us
ROPE: 4 x 5.86 us = 23.443 us
SCALE: 33 x 2.503 us = 82.62 us
SET_ROWS: 4 x 2.474 us = 9.896 us
SIGMOID: 27 x 2.375 us = 64.145 us
SILU: 8 x 2.364 us = 18.912 us
SOFTPLUS: 3 x 2.324 us = 6.972 us
SSM_CONV_SILU SSM_CONV: 3 x 3.94 us = 11.821 us
SUM_ROWS: 1 x 8.856 us = 8.856 us
TOPK_MOE_EARLY_SOFTMAX_NORM SOFT_MAX: 4 x 4.919 us = 19.676 us
Total time: 4206.02 us.
----------------
Vulkan Timings:
ADD: 19 x 3.604 us = 68.479 us
CONCAT: 3 x 4.274 us = 12.824 us
CONT: 21 x 3.928 us = 82.504 us
CPY: 7 x 5.558 us = 38.91 us
FILL: 2 x 2.404 us = 4.808 us
FLASH_ATTN_EXT dst(256,24,4,1),  q(256,4,24,1),  k(256,8448,2,1),  v(256,8448,2,1),  m(8448,4,1,1): 1 x 176.214 us = 176.214 us (4712.86 GFLOPS/s)
GATED_DELTA_NET: 3 x 16.337 us = 49.011 us
GET_ROWS: 8 x 15.759 us = 126.076 us
GLU: 8 x 2.769 us = 22.159 us
L2_NORM: 6 x 2.41 us = 14.464 us
MUL: 39 x 2.965 us = 115.642 us
MULTI_ADD ADD: 13 x 3.612 us = 46.962 us
MUL_MAT f32 m=2112 n=16 k=128: 1 x 5.49 us = 5.49 us (1569.57 GFLOPS/s)
MUL_MAT f32 m=256 n=96 k=256: 1 x 2.444 us = 2.444 us (5138.44 GFLOPS/s)
MUL_MAT f32 m=64 n=32 k=64: 1 x 2.364 us = 2.364 us (110.024 GFLOPS/s)
MUL_MAT f32 m=64 n=384 k=64: 1 x 2.524 us = 2.524 us (1236.59 GFLOPS/s)
MUL_MAT_ID iq4_nl m=2560 n=10 k=640 n_expert=512 batch=4: 4 x 134.585 us = 538.341 us (973.135 GFLOPS/s)
MUL_MAT_ID iq4_xs m=640 n=10 k=2560 n_expert=512 batch=4: 8 x 134.945 us = 1079.57 us (971.103 GFLOPS/s)
MUL_MAT_VEC f32 m=1 n=4 k=2560: 4 x 4.999 us = 19.996 us (4.09602 GFLOPS/s)
MUL_MAT_VEC f32 m=256 n=8 k=256: 1 x 1.202 us = 1.202 us (870.656 GFLOPS/s)
MUL_MAT_VEC f32 m=512 n=4 k=2560: 4 x 34.014 us = 136.056 us (308.218 GFLOPS/s)
MUL_MAT_VEC iq4_nl m=10240 n=4 k=320: 8 x 18.985 us = 151.884 us (1378.6 GFLOPS/s)
MUL_MAT_VEC iq4_nl m=2560 n=4 k=640: 4 x 10.399 us = 41.596 us (1259.44 GFLOPS/s)
MUL_MAT_VEC iq4_xs m=12288 n=4 k=2560: 1 x 86.564 us = 86.564 us (2906.63 GFLOPS/s)
MUL_MAT_VEC iq4_xs m=128 n=4 k=2560: 1 x 7.414 us = 7.414 us (353.511 GFLOPS/s)
MUL_MAT_VEC iq4_xs m=2560 n=4 k=6144: 4 x 46.027 us = 184.108 us (2733.59 GFLOPS/s)
MUL_MAT_VEC iq4_xs m=320 n=4 k=10240: 8 x 21.094 us = 168.757 us (1242.64 GFLOPS/s)
MUL_MAT_VEC iq4_xs m=4 n=4 k=10240: 8 x 21.66 us = 173.284 us (15.1273 GFLOPS/s)
MUL_MAT_VEC iq4_xs m=48 n=4 k=2560: 6 x 7.887 us = 47.327 us (124.603 GFLOPS/s)
MUL_MAT_VEC iq4_xs m=512 n=4 k=2560: 2 x 8.516 us = 17.032 us (1231.06 GFLOPS/s)
MUL_MAT_VEC iq4_xs m=6144 n=4 k=2560: 3 x 49.774 us = 149.322 us (2527.52 GFLOPS/s)
MUL_MAT_VEC iq4_xs m=640 n=4 k=2560: 8 x 10.138 us = 81.11 us (1292.53 GFLOPS/s)
MUL_MAT_VEC q5_K m=10240 n=4 k=2560: 3 x 90.531 us = 271.594 us (2316.04 GFLOPS/s)
MUL_MAT_VEC q5_K m=512 n=4 k=2560: 1 x 8.375 us = 8.375 us (1251.79 GFLOPS/s)
RELU: 1 x 2.484 us = 2.484 us
REPEAT: 8 x 3.065 us = 24.522 us
RMS_NORM(2560,4,4,1): 8 x 3.831 us = 30.653 us
RMS_NORM_MUL RMS_NORM(128,1,2112,1): 1 x 31.139 us = 31.139 us
RMS_NORM_MUL RMS_NORM(128,4,4,1): 1 x 2.845 us = 2.845 us
RMS_NORM_MUL RMS_NORM(128,48,4,1): 3 x 7.52 us = 22.561 us
RMS_NORM_MUL RMS_NORM(256,2,4,1): 1 x 2.404 us = 2.404 us
RMS_NORM_MUL RMS_NORM(256,24,4,1): 1 x 5.811 us = 5.811 us
ROPE: 4 x 6.01 us = 24.043 us
SCALE: 33 x 2.508 us = 82.781 us
SET_ROWS: 4 x 2.434 us = 9.736 us
SIGMOID: 27 x 2.325 us = 62.783 us
SILU: 8 x 2.364 us = 18.912 us
SOFTPLUS: 3 x 2.35 us = 7.052 us
SSM_CONV_SILU SSM_CONV: 3 x 4.033 us = 12.101 us
SUM_ROWS: 1 x 8.936 us = 8.936 us
TOPK_MOE_EARLY_SOFTMAX_NORM SOFT_MAX: 4 x 5.119 us = 20.477 us
Total time: 4303.64 us.
----------------
Vulkan Timings:
ADD: 19 x 3.488 us = 66.277 us
CONCAT: 3 x 4.02 us = 12.062 us
CONT: 21 x 3.951 us = 82.987 us
CPY: 7 x 5.575 us = 39.03 us
FILL: 2 x 2.424 us = 4.848 us
FLASH_ATTN_EXT dst(256,24,4,1),  q(256,4,24,1),  k(256,8448,2,1),  v(256,8448,2,1),  m(8448,4,1,1): 1 x 176.775 us = 176.775 us (4697.91 GFLOPS/s)
GATED_DELTA_NET: 3 x 16.11 us = 48.331 us
GET_ROWS: 8 x 16.15 us = 129.203 us
GLU: 8 x 2.674 us = 21.397 us
L2_NORM: 6 x 2.464 us = 14.786 us
MUL: 39 x 2.976 us = 116.082 us
MULTI_ADD ADD: 13 x 3.643 us = 47.363 us
MUL_MAT f32 m=2112 n=16 k=128: 1 x 5.37 us = 5.37 us (1604.65 GFLOPS/s)
MUL_MAT f32 m=256 n=96 k=256: 1 x 2.444 us = 2.444 us (5138.44 GFLOPS/s)
MUL_MAT f32 m=64 n=32 k=64: 1 x 2.364 us = 2.364 us (110.024 GFLOPS/s)
MUL_MAT f32 m=64 n=384 k=64: 1 x 2.564 us = 2.564 us (1217.3 GFLOPS/s)
MUL_MAT_ID iq4_nl m=2560 n=10 k=640 n_expert=512 batch=4: 4 x 139.945 us = 559.781 us (935.863 GFLOPS/s)
MUL_MAT_ID iq4_xs m=640 n=10 k=2560 n_expert=512 batch=4: 8 x 133.473 us = 1067.78 us (981.82 GFLOPS/s)
MUL_MAT_VEC f32 m=1 n=4 k=2560: 4 x 4.959 us = 19.836 us (4.12906 GFLOPS/s)
MUL_MAT_VEC f32 m=256 n=8 k=256: 1 x 1.202 us = 1.202 us (870.656 GFLOPS/s)
MUL_MAT_VEC f32 m=512 n=4 k=2560: 4 x 34.615 us = 138.461 us (302.864 GFLOPS/s)
MUL_MAT_VEC iq4_nl m=10240 n=4 k=320: 8 x 19.366 us = 154.929 us (1351.51 GFLOPS/s)
MUL_MAT_VEC iq4_nl m=2560 n=4 k=640: 4 x 10.509 us = 42.038 us (1246.2 GFLOPS/s)
MUL_MAT_VEC iq4_xs m=12288 n=4 k=2560: 1 x 85.562 us = 85.562 us (2940.66 GFLOPS/s)
MUL_MAT_VEC iq4_xs m=128 n=4 k=2560: 1 x 7.293 us = 7.293 us (359.376 GFLOPS/s)
MUL_MAT_VEC iq4_xs m=2560 n=4 k=6144: 4 x 47.099 us = 188.396 us (2671.37 GFLOPS/s)
MUL_MAT_VEC iq4_xs m=320 n=4 k=10240: 8 x 21.014 us = 168.114 us (1247.4 GFLOPS/s)
MUL_MAT_VEC iq4_xs m=4 n=4 k=10240: 8 x 21.33 us = 170.641 us (15.3616 GFLOPS/s)
MUL_MAT_VEC iq4_xs m=48 n=4 k=2560: 6 x 7.787 us = 46.727 us (126.203 GFLOPS/s)
MUL_MAT_VEC iq4_xs m=512 n=4 k=2560: 2 x 8.676 us = 17.352 us (1208.36 GFLOPS/s)
MUL_MAT_VEC iq4_xs m=6144 n=4 k=2560: 3 x 49.747 us = 149.242 us (2528.87 GFLOPS/s)
MUL_MAT_VEC iq4_xs m=640 n=4 k=2560: 8 x 10.209 us = 81.672 us (1283.64 GFLOPS/s)
MUL_MAT_VEC q5_K m=10240 n=4 k=2560: 3 x 90.852 us = 272.556 us (2307.87 GFLOPS/s)
MUL_MAT_VEC q5_K m=512 n=4 k=2560: 1 x 8.215 us = 8.215 us (1276.17 GFLOPS/s)
RELU: 1 x 2.564 us = 2.564 us
REPEAT: 8 x 3.03 us = 24.241 us
RMS_NORM(2560,4,4,1): 8 x 3.546 us = 28.369 us
RMS_NORM_MUL RMS_NORM(128,1,2112,1): 1 x 21.28 us = 21.28 us
RMS_NORM_MUL RMS_NORM(128,4,4,1): 1 x 2.765 us = 2.765 us
RMS_NORM_MUL RMS_NORM(128,48,4,1): 3 x 7.387 us = 22.161 us
RMS_NORM_MUL RMS_NORM(256,2,4,1): 1 x 2.364 us = 2.364 us
RMS_NORM_MUL RMS_NORM(256,24,4,1): 1 x 5.77 us = 5.77 us
ROPE: 4 x 7.022 us = 28.091 us
SCALE: 33 x 2.508 us = 82.781 us
SET_ROWS: 4 x 2.524 us = 10.097 us
SIGMOID: 27 x 2.399 us = 64.786 us
SILU: 8 x 2.379 us = 19.032 us
SOFTPLUS: 3 x 2.324 us = 6.972 us
SSM_CONV_SILU SSM_CONV: 3 x 3.9 us = 11.701 us
SUM_ROWS: 1 x 9.177 us = 9.177 us
TOPK_MOE_EARLY_SOFTMAX_NORM SOFT_MAX: 4 x 4.939 us = 19.756 us
Total time: 4313.59 us.
----------------
Vulkan Timings:
ADD: 19 x 3.528 us = 67.039 us
CONCAT: 3 x 4.341 us = 13.024 us
CONT: 21 x 3.955 us = 83.065 us
CPY: 7 x 5.627 us = 39.391 us
FILL: 2 x 2.344 us = 4.688 us
FLASH_ATTN_EXT dst(256,24,4,1),  q(256,4,24,1),  k(256,8448,2,1),  v(256,8448,2,1),  m(8448,4,1,1): 1 x 173.609 us = 173.609 us (4783.58 GFLOPS/s)
GATED_DELTA_NET: 3 x 15.95 us = 47.85 us
GET_ROWS: 8 x 16.06 us = 128.48 us
GLU: 8 x 2.744 us = 21.958 us
L2_NORM: 6 x 2.397 us = 14.384 us
MUL: 39 x 3.098 us = 120.853 us
MULTI_ADD ADD: 13 x 3.584 us = 46.6 us
MUL_MAT f32 m=2112 n=16 k=128: 1 x 5.53 us = 5.53 us (1558.22 GFLOPS/s)
MUL_MAT f32 m=256 n=96 k=256: 1 x 2.444 us = 2.444 us (5138.44 GFLOPS/s)
MUL_MAT f32 m=64 n=32 k=64: 1 x 2.364 us = 2.364 us (110.024 GFLOPS/s)
MUL_MAT f32 m=64 n=384 k=64: 1 x 2.444 us = 2.444 us (1277.07 GFLOPS/s)
MUL_MAT_ID iq4_nl m=2560 n=10 k=640 n_expert=512 batch=4: 4 x 138.412 us = 553.65 us (946.227 GFLOPS/s)
MUL_MAT_ID iq4_xs m=640 n=10 k=2560 n_expert=512 batch=4: 8 x 138.623 us = 1108.98 us (945.344 GFLOPS/s)
MUL_MAT_VEC f32 m=1 n=4 k=2560: 4 x 5.009 us = 20.036 us (4.08784 GFLOPS/s)
MUL_MAT_VEC f32 m=256 n=8 k=256: 1 x 1.242 us = 1.242 us (842.615 GFLOPS/s)
MUL_MAT_VEC f32 m=512 n=4 k=2560: 4 x 34.855 us = 139.423 us (300.774 GFLOPS/s)
MUL_MAT_VEC iq4_nl m=10240 n=4 k=320: 8 x 19.191 us = 153.528 us (1363.84 GFLOPS/s)
MUL_MAT_VEC iq4_nl m=2560 n=4 k=640: 4 x 10.379 us = 41.518 us (1261.81 GFLOPS/s)
MUL_MAT_VEC iq4_xs m=12288 n=4 k=2560: 1 x 84.44 us = 84.44 us (2979.74 GFLOPS/s)
MUL_MAT_VEC iq4_xs m=128 n=4 k=2560: 1 x 7.734 us = 7.734 us (338.884 GFLOPS/s)
MUL_MAT_VEC iq4_xs m=2560 n=4 k=6144: 4 x 45.876 us = 183.507 us (2742.54 GFLOPS/s)
MUL_MAT_VEC iq4_xs m=320 n=4 k=10240: 8 x 21.119 us = 168.957 us (1241.17 GFLOPS/s)
MUL_MAT_VEC iq4_xs m=4 n=4 k=10240: 8 x 21.33 us = 170.64 us (15.3617 GFLOPS/s)
MUL_MAT_VEC iq4_xs m=48 n=4 k=2560: 6 x 7.761 us = 46.566 us (126.639 GFLOPS/s)
MUL_MAT_VEC iq4_xs m=512 n=4 k=2560: 2 x 8.716 us = 17.432 us (1202.81 GFLOPS/s)
MUL_MAT_VEC iq4_xs m=6144 n=4 k=2560: 3 x 50.348 us = 151.045 us (2498.68 GFLOPS/s)
MUL_MAT_VEC iq4_xs m=640 n=4 k=2560: 8 x 10.113 us = 80.911 us (1295.71 GFLOPS/s)
MUL_MAT_VEC q5_K m=10240 n=4 k=2560: 3 x 92.749 us = 278.247 us (2260.66 GFLOPS/s)
MUL_MAT_VEC q5_K m=512 n=4 k=2560: 1 x 8.415 us = 8.415 us (1245.84 GFLOPS/s)
RELU: 1 x 2.524 us = 2.524 us
REPEAT: 8 x 3.02 us = 24.162 us
RMS_NORM(2560,4,4,1): 8 x 3.531 us = 28.248 us
RMS_NORM_MUL RMS_NORM(128,1,2112,1): 1 x 21.641 us = 21.641 us
RMS_NORM_MUL RMS_NORM(128,4,4,1): 1 x 2.524 us = 2.524 us
RMS_NORM_MUL RMS_NORM(128,48,4,1): 3 x 7.346 us = 22.04 us
RMS_NORM_MUL RMS_NORM(256,2,4,1): 1 x 2.364 us = 2.364 us
RMS_NORM_MUL RMS_NORM(256,24,4,1): 1 x 5.53 us = 5.53 us
ROPE: 4 x 6.972 us = 27.891 us
SCALE: 33 x 2.509 us = 82.82 us
SET_ROWS: 4 x 2.524 us = 10.098 us
SIGMOID: 27 x 2.386 us = 64.426 us
SILU: 8 x 2.389 us = 19.112 us
SOFTPLUS: 3 x 2.417 us = 7.252 us
SSM_CONV_SILU SSM_CONV: 3 x 3.9 us = 11.701 us
SUM_ROWS: 1 x 9.217 us = 9.217 us
TOPK_MOE_EARLY_SOFTMAX_NORM SOFT_MAX: 4 x 4.949 us = 19.796 us
Total time: 4351.34 us.
----------------
Vulkan Timings:
ADD: 4 x 3.536 us = 14.145 us
ARGSORT: 1 x 5.45 us = 5.45 us
CLAMP: 1 x 2.404 us = 2.404 us
CONT: 4 x 2.223 us = 8.894 us
DIV: 1 x 2.364 us = 2.364 us
FILL: 1 x 2.404 us = 2.404 us
FLASH_ATTN_EXT dst(256,24,4,1),  q(256,4,24,1),  k(256,8448,2,1),  v(256,8448,2,1),  m(8448,4,1,1): 1 x 172.968 us = 172.968 us (4801.31 GFLOPS/s)
GET_ROWS: 2 x 2.324 us = 4.648 us
GLU: 2 x 2.644 us = 5.289 us
MUL: 9 x 3.499 us = 31.494 us
MULTI_ADD ADD: 3 x 2.604 us = 7.813 us
MUL_MAT f32 m=64 n=384 k=64: 1 x 2.444 us = 2.444 us (1277.07 GFLOPS/s)
MUL_MAT_ID iq4_nl m=2560 n=10 k=640 n_expert=512 batch=4: 1 x 150.245 us = 150.245 us (871.707 GFLOPS/s)
MUL_MAT_ID iq4_xs m=640 n=10 k=2560 n_expert=512 batch=4: 2 x 155.455 us = 310.91 us (842.986 GFLOPS/s)
MUL_MAT_VEC f32 m=1 n=4 k=2560: 1 x 5.049 us = 5.049 us (4.05546 GFLOPS/s)
MUL_MAT_VEC f32 m=512 n=4 k=2560: 1 x 33.383 us = 33.383 us (314.043 GFLOPS/s)
MUL_MAT_VEC iq4_nl m=10240 n=4 k=320: 2 x 19.697 us = 39.394 us (1328.8 GFLOPS/s)
MUL_MAT_VEC iq4_nl m=2560 n=4 k=640: 1 x 10.499 us = 10.499 us (1247.45 GFLOPS/s)
MUL_MAT_VEC iq4_xs m=2560 n=4 k=6144: 1 x 50.696 us = 50.696 us (2481.83 GFLOPS/s)
MUL_MAT_VEC iq4_xs m=320 n=4 k=10240: 2 x 20.217 us = 40.435 us (1296.56 GFLOPS/s)
MUL_MAT_VEC iq4_xs m=4 n=4 k=10240: 2 x 22.342 us = 44.684 us (14.6658 GFLOPS/s)
MUL_MAT_VEC iq4_xs m=640 n=4 k=2560: 2 x 10.098 us = 20.197 us (1297.68 GFLOPS/s)
MUL_MAT_VEC q6_K m=248320 n=1 k=2560: 1 x 2256.17 us = 2256.17 us (563.412 GFLOPS/s)
REPEAT: 2 x 2.885 us = 5.77 us
RMS_NORM(2560,4,4,1): 2 x 3.786 us = 7.573 us
SCALE: 8 x 2.349 us = 18.792 us
SET_ROWS: 1 x 2.364 us = 2.364 us
SIGMOID: 6 x 2.404 us = 14.424 us
SILU: 2 x 2.344 us = 4.688 us
SUM_ROWS: 1 x 2.444 us = 2.444 us
TOPK_MOE_EARLY_SOFTMAX_NORM SOFT_MAX: 1 x 4.448 us = 4.448 us
Total time: 3282.48 us.
Hello

[ Prompt: 409.8 t/s | Generation: 0.0 t/s ]


Exiting...
